Executing action: all (aliases: build)
Running cmake in directory /mnt/c/Users/BALAJI/Desktop/micropython/micropython/ports/esp32/build-ESP32_GENERIC
Executing "cmake -G Ninja -DPYTHON_DEPS_CHECKED=1 -DPYTHON=/home/balaji/.espressif/python_env/idf5.2_py3.12_env/bin/python3 -DESP_PLATFORM=1 -DCCACHE_ENABLE=0 /mnt/c/Users/BALAJI/Desktop/micropython/micropython/ports/esp32"...
-- IDF_TARGET not set, using default target: esp32
-- Found Git: /usr/bin/git (found version "2.43.0") 
-- The C compiler identification is GNU 13.2.0
-- The CXX compiler identification is GNU 13.2.0
-- The ASM compiler identification is GNU
-- Found assembler: /home/balaji/.espressif/tools/xtensa-esp-elf/esp-13.2.0_20230928/xtensa-esp-elf/bin/xtensa-esp32-elf-gcc
-- Detecting C compiler ABI info
-- Detecting C compiler ABI info - done
-- Check for working C compiler: /home/balaji/.espressif/tools/xtensa-esp-elf/esp-13.2.0_20230928/xtensa-esp-elf/bin/xtensa-esp32-elf-gcc - skipped
-- Detecting C compile features
-- Detecting C compile features - done
-- Detecting CXX compiler ABI info
-- Detecting CXX compiler ABI info - done
-- Check for working CXX compiler: /home/balaji/.espressif/tools/xtensa-esp-elf/esp-13.2.0_20230928/xtensa-esp-elf/bin/xtensa-esp32-elf-g++ - skipped
-- Detecting CXX compile features
-- Detecting CXX compile features - done
-- Building ESP-IDF components for target esp32
NOTICE: Skipping optional dependency: espressif/tinyusb
NOTICE: Skipping optional dependency: espressif/esp_hosted
NOTICE: Skipping optional dependency: espressif/esp_wifi_remote
NOTICE: Skipping optional dependency: espressif/lan867x
NOTICE: Processing 2 dependencies:
NOTICE: [1/2] espressif/mdns (1.1.0)
NOTICE: [2/2] idf (5.2.2)
NOTICE: Skipping optional dependency: espressif/tinyusb
NOTICE: Skipping optional dependency: espressif/esp_hosted
NOTICE: Skipping optional dependency: espressif/esp_wifi_remote
NOTICE: Skipping optional dependency: espressif/lan867x
-- Project sdkconfig file /mnt/c/Users/BALAJI/Desktop/micropython/micropython/ports/esp32/build-ESP32_GENERIC/sdkconfig
Loading defaults file /mnt/c/Users/BALAJI/Desktop/micropython/micropython/ports/esp32/build-ESP32_GENERIC/sdkconfig.combined...
/mnt/c/Users/BALAJI/Desktop/micropython/micropython/ports/esp32/build-ESP32_GENERIC/sdkconfig.combined:172 CONFIG_BT_NIMBLE_TASK_STACK_SIZE was replaced with CONFIG_BT_NIMBLE_HOST_TASK_STACK_SIZE
-- Compiler supported targets: xtensa-esp-elf
-- Looking for sys/types.h
-- Looking for sys/types.h - found
-- Looking for stdint.h
-- Looking for stdint.h - found
-- Looking for stddef.h
-- Looking for stddef.h - found
-- Check size of time_t
-- Check size of time_t - done
-- Found Python3: /home/balaji/.espressif/python_env/idf5.2_py3.12_env/bin/python3 (found version "3.12.3") found components: Interpreter 
-- Performing Test CMAKE_HAVE_LIBC_PTHREAD
-- Performing Test CMAKE_HAVE_LIBC_PTHREAD - Success
-- Found Threads: TRUE  
-- Performing Test C_COMPILER_SUPPORTS_WFORMAT_SIGNEDNESS
-- Performing Test C_COMPILER_SUPPORTS_WFORMAT_SIGNEDNESS - Success
-- App "micropython" version: v1.28.0-preview-174-ga8b71559c-
-- Adding linker script /mnt/c/Users/BALAJI/Desktop/micropython/micropython/ports/esp32/build-ESP32_GENERIC/esp-idf/esp_system/ld/memory.ld
-- Adding linker script /mnt/c/Users/BALAJI/Desktop/micropython/micropython/ports/esp32/build-ESP32_GENERIC/esp-idf/esp_system/ld/sections.ld.in
-- Adding linker script /mnt/c/Users/BALAJI/Desktop/micropython/esp-idf/components/esp_rom/esp32/ld/esp32.rom.ld
-- Adding linker script /mnt/c/Users/BALAJI/Desktop/micropython/esp-idf/components/esp_rom/esp32/ld/esp32.rom.api.ld
-- Adding linker script /mnt/c/Users/BALAJI/Desktop/micropython/esp-idf/components/esp_rom/esp32/ld/esp32.rom.libgcc.ld
-- Adding linker script /mnt/c/Users/BALAJI/Desktop/micropython/esp-idf/components/esp_rom/esp32/ld/esp32.rom.newlib-data.ld
-- Adding linker script /mnt/c/Users/BALAJI/Desktop/micropython/esp-idf/components/esp_rom/esp32/ld/esp32.rom.syscalls.ld
-- Adding linker script /mnt/c/Users/BALAJI/Desktop/micropython/esp-idf/components/esp_rom/esp32/ld/esp32.rom.newlib-funcs.ld
-- Adding linker script /mnt/c/Users/BALAJI/Desktop/micropython/esp-idf/components/soc/esp32/ld/esp32.peripherals.ld
Found User C Module(s): 
-- Using private rmt headers for 
-- Components: app_trace app_update bootloader bootloader_support bt cmock console cxx driver efuse esp-tls esp_adc esp_app_format esp_bootloader_format esp_coex esp_common esp_eth esp_event esp_gdbstub esp_hid esp_http_client esp_http_server esp_https_ota esp_https_server esp_hw_support esp_lcd esp_local_ctrl esp_mm esp_netif esp_netif_stack esp_partition esp_phy esp_pm esp_psram esp_ringbuf esp_rom esp_system esp_timer esp_wifi espcoredump espressif__mdns esptool_py fatfs freertos hal heap http_parser idf_test ieee802154 json log lwip main mbedtls mqtt newlib nvs_flash nvs_sec_provider openthread partition_table perfmon protobuf-c protocomm pthread sdmmc soc spi_flash spiffs tcp_transport ulp unity usb vfs wear_levelling wifi_provisioning wpa_supplicant xtensa
-- Component paths: /mnt/c/Users/BALAJI/Desktop/micropython/esp-idf/components/app_trace /mnt/c/Users/BALAJI/Desktop/micropython/esp-idf/components/app_update /mnt/c/Users/BALAJI/Desktop/micropython/esp-idf/components/bootloader /mnt/c/Users/BALAJI/Desktop/micropython/esp-idf/components/bootloader_support /mnt/c/Users/BALAJI/Desktop/micropython/esp-idf/components/bt /mnt/c/Users/BALAJI/Desktop/micropython/esp-idf/components/cmock /mnt/c/Users/BALAJI/Desktop/micropython/esp-idf/components/console /mnt/c/Users/BALAJI/Desktop/micropython/esp-idf/components/cxx /mnt/c/Users/BALAJI/Desktop/micropython/esp-idf/components/driver /mnt/c/Users/BALAJI/Desktop/micropython/esp-idf/components/efuse /mnt/c/Users/BALAJI/Desktop/micropython/esp-idf/components/esp-tls /mnt/c/Users/BALAJI/Desktop/micropython/esp-idf/components/esp_adc /mnt/c/Users/BALAJI/Desktop/micropython/esp-idf/components/esp_app_format /mnt/c/Users/BALAJI/Desktop/micropython/esp-idf/components/esp_bootloader_format /mnt/c/Users/BALAJI/Desktop/micropython/esp-idf/components/esp_coex /mnt/c/Users/BALAJI/Desktop/micropython/esp-idf/components/esp_common /mnt/c/Users/BALAJI/Desktop/micropython/esp-idf/components/esp_eth /mnt/c/Users/BALAJI/Desktop/micropython/esp-idf/components/esp_event /mnt/c/Users/BALAJI/Desktop/micropython/esp-idf/components/esp_gdbstub /mnt/c/Users/BALAJI/Desktop/micropython/esp-idf/components/esp_hid /mnt/c/Users/BALAJI/Desktop/micropython/esp-idf/components/esp_http_client /mnt/c/Users/BALAJI/Desktop/micropython/esp-idf/components/esp_http_server /mnt/c/Users/BALAJI/Desktop/micropython/esp-idf/components/esp_https_ota /mnt/c/Users/BALAJI/Desktop/micropython/esp-idf/components/esp_https_server /mnt/c/Users/BALAJI/Desktop/micropython/esp-idf/components/esp_hw_support /mnt/c/Users/BALAJI/Desktop/micropython/esp-idf/components/esp_lcd /mnt/c/Users/BALAJI/Desktop/micropython/esp-idf/components/esp_local_ctrl /mnt/c/Users/BALAJI/Desktop/micropython/esp-idf/components/esp_mm /mnt/c/Users/BALAJI/Desktop/micropython/esp-idf/components/esp_netif /mnt/c/Users/BALAJI/Desktop/micropython/esp-idf/components/esp_netif_stack /mnt/c/Users/BALAJI/Desktop/micropython/esp-idf/components/esp_partition /mnt/c/Users/BALAJI/Desktop/micropython/esp-idf/components/esp_phy /mnt/c/Users/BALAJI/Desktop/micropython/esp-idf/components/esp_pm /mnt/c/Users/BALAJI/Desktop/micropython/esp-idf/components/esp_psram /mnt/c/Users/BALAJI/Desktop/micropython/esp-idf/components/esp_ringbuf /mnt/c/Users/BALAJI/Desktop/micropython/esp-idf/components/esp_rom /mnt/c/Users/BALAJI/Desktop/micropython/esp-idf/components/esp_system /mnt/c/Users/BALAJI/Desktop/micropython/esp-idf/components/esp_timer /mnt/c/Users/BALAJI/Desktop/micropython/esp-idf/components/esp_wifi /mnt/c/Users/BALAJI/Desktop/micropython/esp-idf/components/espcoredump /mnt/c/Users/BALAJI/Desktop/micropython/micropython/ports/esp32/managed_components/espressif__mdns /mnt/c/Users/BALAJI/Desktop/micropython/esp-idf/components/esptool_py /mnt/c/Users/BALAJI/Desktop/micropython/esp-idf/components/fatfs /mnt/c/Users/BALAJI/Desktop/micropython/esp-idf/components/freertos /mnt/c/Users/BALAJI/Desktop/micropython/esp-idf/components/hal /mnt/c/Users/BALAJI/Desktop/micropython/esp-idf/components/heap /mnt/c/Users/BALAJI/Desktop/micropython/esp-idf/components/http_parser /mnt/c/Users/BALAJI/Desktop/micropython/esp-idf/components/idf_test /mnt/c/Users/BALAJI/Desktop/micropython/esp-idf/components/ieee802154 /mnt/c/Users/BALAJI/Desktop/micropython/esp-idf/components/json /mnt/c/Users/BALAJI/Desktop/micropython/esp-idf/components/log /mnt/c/Users/BALAJI/Desktop/micropython/esp-idf/components/lwip /mnt/c/Users/BALAJI/Desktop/micropython/micropython/ports/esp32/main /mnt/c/Users/BALAJI/Desktop/micropython/esp-idf/components/mbedtls /mnt/c/Users/BALAJI/Desktop/micropython/esp-idf/components/mqtt /mnt/c/Users/BALAJI/Desktop/micropython/esp-idf/components/newlib /mnt/c/Users/BALAJI/Desktop/micropython/esp-idf/components/nvs_flash /mnt/c/Users/BALAJI/Desktop/micropython/esp-idf/components/nvs_sec_provider /mnt/c/Users/BALAJI/Desktop/micropython/esp-idf/components/openthread /mnt/c/Users/BALAJI/Desktop/micropython/esp-idf/components/partition_table /mnt/c/Users/BALAJI/Desktop/micropython/esp-idf/components/perfmon /mnt/c/Users/BALAJI/Desktop/micropython/esp-idf/components/protobuf-c /mnt/c/Users/BALAJI/Desktop/micropython/esp-idf/components/protocomm /mnt/c/Users/BALAJI/Desktop/micropython/esp-idf/components/pthread /mnt/c/Users/BALAJI/Desktop/micropython/esp-idf/components/sdmmc /mnt/c/Users/BALAJI/Desktop/micropython/esp-idf/components/soc /mnt/c/Users/BALAJI/Desktop/micropython/esp-idf/components/spi_flash /mnt/c/Users/BALAJI/Desktop/micropython/esp-idf/components/spiffs /mnt/c/Users/BALAJI/Desktop/micropython/esp-idf/components/tcp_transport /mnt/c/Users/BALAJI/Desktop/micropython/esp-idf/components/ulp /mnt/c/Users/BALAJI/Desktop/micropython/esp-idf/components/unity /mnt/c/Users/BALAJI/Desktop/micropython/esp-idf/components/usb /mnt/c/Users/BALAJI/Desktop/micropython/esp-idf/components/vfs /mnt/c/Users/BALAJI/Desktop/micropython/esp-idf/components/wear_levelling /mnt/c/Users/BALAJI/Desktop/micropython/esp-idf/components/wifi_provisioning /mnt/c/Users/BALAJI/Desktop/micropython/esp-idf/components/wpa_supplicant /mnt/c/Users/BALAJI/Desktop/micropython/esp-idf/components/xtensa
Checking lockfile contents...
diff --git a/ports/esp32/lockfiles/dependencies.lock.esp32 b/ports/esp32/lockfiles/dependencies.lock.esp32
index 8ba25c770..39035c08c 100644
--- a/ports/esp32/lockfiles/dependencies.lock.esp32
+++ b/ports/esp32/lockfiles/dependencies.lock.esp32
@@ -1,17 +1,4 @@
 dependencies:
-  espressif/lan867x:
-    component_hash: 0ff9dae3affeff53811e7c8283e67c6d36dc0c03e3bc5102c0fba629e08bf6c4
-    dependencies:
-    - name: idf
-      require: private
-      version: '>=5.3'
-    source:
-      registry_url: https://components.espressif.com/
-      type: service
-    targets:
-    - esp32
-    - esp32p4
-    version: 1.0.3
   espressif/mdns:
     component_hash: 46ee81d32fbf850462d8af1e83303389602f6a6a9eddd2a55104cb4c063858ed
     dependencies:
@@ -25,9 +12,8 @@ dependencies:
   idf:
     source:
       type: idf
-    version: 5.5.1
+    version: 5.2.2
 direct_dependencies:
-- espressif/lan867x
 - espressif/mdns
 - idf
 manifest_hash: 482087bc40f0e187795a9ef9ad08ef15a585b4cdabc296c715a9d19284622150
CMake Warning at CMakeLists.txt:80 (message):
  Component lockfile contents have changed (see above).  This may be due to
  building with a different ESP-IDF version.  Please mention this output if
  reporting an issue with MicroPython.


-- Configuring done (273.9s)
-- Generating done (69.3s)
-- Build files have been written to: /mnt/c/Users/BALAJI/Desktop/micropython/micropython/ports/esp32/build-ESP32_GENERIC
Running ninja in directory /mnt/c/Users/BALAJI/Desktop/micropython/micropython/ports/esp32/build-ESP32_GENERIC
Executing "ninja all"...
[1/1330] Generating project_elf_src_esp32.c
[2/1330] Generating /mnt/c/Users/BALAJI/Desktop/micropython/micropython/ports/esp32/build-ESP32_GENERIC/esp-idf/esp_system/ld/sections.ld.in linker script...
[3/1330] Generating /mnt/c/Users/BALAJI/Desktop/micropython/micropython/ports/esp32/build-ESP32_GENERIC/esp-idf/esp_system/ld/memory.ld linker script...
[4/1330] Generating ../../partition_table/partition-table.bin
Partition table binary generated. Contents:
*******************************************************************************
# ESP-IDF Partition Table
# Name, Type, SubType, Offset, Size, Flags
nvs,data,nvs,0x9000,24K,
phy_init,data,phy,0xf000,4K,
factory,app,factory,0x10000,1984K,
*******************************************************************************
[5/1330] Building C object esp-idf/main/CMakeFiles/micropy_extmod_btree.dir/mnt/c/Users/BALAJI/Desktop/micropython/micropython/lib/berkeley-db-1.xx/btree/bt_debug.c.obj
[6/1330] Building C object esp-idf/main/CMakeFiles/micropy_extmod_btree.dir/mnt/c/Users/BALAJI/Desktop/micropython/micropython/lib/berkeley-db-1.xx/btree/bt_close.c.obj
[7/1330] Building ASM object esp-idf/xtensa/CMakeFiles/__idf_xtensa.dir/xtensa_intr_asm.S.obj
[8/1330] Building ASM object esp-idf/xtensa/CMakeFiles/__idf_xtensa.dir/xtensa_context.S.obj
[9/1330] Building C object esp-idf/main/CMakeFiles/micropy_extmod_btree.dir/mnt/c/Users/BALAJI/Desktop/micropython/micropython/lib/berkeley-db-1.xx/btree/bt_conv.c.obj
[10/1330] Building C object esp-idf/xtensa/CMakeFiles/__idf_xtensa.dir/eri.c.obj
[11/1330] Building C object esp-idf/main/CMakeFiles/micropy_extmod_btree.dir/mnt/c/Users/BALAJI/Desktop/micropython/micropython/lib/berkeley-db-1.xx/btree/bt_delete.c.obj
[12/1330] Building ASM object esp-idf/xtensa/CMakeFiles/__idf_xtensa.dir/xtensa_vectors.S.obj
[13/1330] Building C object esp-idf/xtensa/CMakeFiles/__idf_xtensa.dir/xt_trax.c.obj
[14/1330] Building C object esp-idf/efuse/CMakeFiles/__idf_efuse.dir/esp32/esp_efuse_table.c.obj
[15/1330] Building C object esp-idf/xtensa/CMakeFiles/__idf_xtensa.dir/xtensa_intr.c.obj
[16/1330] Building C object esp-idf/efuse/CMakeFiles/__idf_efuse.dir/esp32/esp_efuse_fields.c.obj
[17/1330] Building C object esp-idf/efuse/CMakeFiles/__idf_efuse.dir/esp32/esp_efuse_utility.c.obj
[18/1330] Building C object esp-idf/esp_ringbuf/CMakeFiles/__idf_esp_ringbuf.dir/ringbuf.c.obj
[19/1330] Building C object esp-idf/efuse/CMakeFiles/__idf_efuse.dir/src/esp_efuse_fields.c.obj
[20/1330] Building C object esp-idf/efuse/CMakeFiles/__idf_efuse.dir/src/esp_efuse_api.c.obj
[21/1330] Building C object esp-idf/efuse/CMakeFiles/__idf_efuse.dir/src/esp_efuse_utility.c.obj
[22/1330] Building C object esp-idf/efuse/CMakeFiles/__idf_efuse.dir/src/efuse_controller/keys/without_key_purposes/three_key_blocks/esp_efuse_api_key.c.obj
[23/1330] Building C object esp-idf/esp_mm/CMakeFiles/__idf_esp_mm.dir/port/esp32/ext_mem_layout.c.obj
[24/1330] Building C object esp-idf/esp_mm/CMakeFiles/__idf_esp_mm.dir/cache_esp32.c.obj
[25/1330] Building C object esp-idf/esp_mm/CMakeFiles/__idf_esp_mm.dir/esp_mmu_map.c.obj
[26/1330] Building C object esp-idf/esp_mm/CMakeFiles/__idf_esp_mm.dir/esp_cache.c.obj
[27/1330] Building C object esp-idf/driver/CMakeFiles/__idf_driver.dir/gpio/gpio_glitch_filter_ops.c.obj
[28/1330] Building C object esp-idf/driver/CMakeFiles/__idf_driver.dir/gpio/rtc_io.c.obj
[29/1330] Building C object esp-idf/driver/CMakeFiles/__idf_driver.dir/spi/spi_bus_lock.c.obj
[30/1330] Building C object esp-idf/driver/CMakeFiles/__idf_driver.dir/gpio/gpio.c.obj
[31/1330] Building C object esp-idf/driver/CMakeFiles/__idf_driver.dir/dac/dac_oneshot.c.obj
[32/1330] Building C object esp-idf/driver/CMakeFiles/__idf_driver.dir/deprecated/adc_dma_legacy.c.obj
[33/1330] Building C object esp-idf/driver/CMakeFiles/__idf_driver.dir/deprecated/adc_legacy.c.obj
[34/1330] Building C object esp-idf/driver/CMakeFiles/__idf_driver.dir/dac/dac_cosine.c.obj
[35/1330] Building C object esp-idf/driver/CMakeFiles/__idf_driver.dir/dac/dac_continuous.c.obj
[36/1330] Building C object esp-idf/driver/CMakeFiles/__idf_driver.dir/dac/dac_common.c.obj
[37/1330] Building C object esp-idf/driver/CMakeFiles/__idf_driver.dir/deprecated/esp32/dac_legacy.c.obj
[38/1330] Building C object esp-idf/driver/CMakeFiles/__idf_driver.dir/deprecated/dac_common_legacy.c.obj
[39/1330] Building C object esp-idf/driver/CMakeFiles/__idf_driver.dir/dac/esp32/dac_dma.c.obj
[40/1330] Building C object esp-idf/driver/CMakeFiles/__idf_driver.dir/gptimer/gptimer_priv.c.obj
[41/1330] Building C object esp-idf/driver/CMakeFiles/__idf_driver.dir/gptimer/gptimer.c.obj
[42/1330] Building C object esp-idf/driver/CMakeFiles/__idf_driver.dir/deprecated/timer_legacy.c.obj
[43/1330] Building C object esp-idf/driver/CMakeFiles/__idf_driver.dir/i2c/i2c_common.c.obj
[44/1330] Building C object esp-idf/driver/CMakeFiles/__idf_driver.dir/i2c/i2c_master.c.obj
[45/1330] Building C object esp-idf/driver/CMakeFiles/__idf_driver.dir/i2c/i2c.c.obj
[46/1330] Building C object esp-idf/driver/CMakeFiles/__idf_driver.dir/i2c/i2c_slave.c.obj
[47/1330] Building C object esp-idf/driver/CMakeFiles/__idf_driver.dir/i2s/i2s_platform.c.obj
[48/1330] Building C object esp-idf/driver/CMakeFiles/__idf_driver.dir/i2s/i2s_std.c.obj
[49/1330] Building C object esp-idf/driver/CMakeFiles/__idf_driver.dir/i2s/i2s_common.c.obj
[50/1330] Building C object esp-idf/driver/CMakeFiles/__idf_driver.dir/i2s/i2s_pdm.c.obj
[51/1330] Building C object esp-idf/driver/CMakeFiles/__idf_driver.dir/mcpwm/mcpwm_cap.c.obj
[52/1330] Building C object esp-idf/driver/CMakeFiles/__idf_driver.dir/deprecated/i2s_legacy.c.obj
[53/1330] Building C object esp-idf/driver/CMakeFiles/__idf_driver.dir/mcpwm/mcpwm_com.c.obj
[54/1330] Building C object esp-idf/driver/CMakeFiles/__idf_driver.dir/mcpwm/mcpwm_cmpr.c.obj
[55/1330] Building C object esp-idf/driver/CMakeFiles/__idf_driver.dir/ledc/ledc.c.obj
[56/1330] Building C object esp-idf/driver/CMakeFiles/__idf_driver.dir/mcpwm/mcpwm_fault.c.obj
[57/1330] Building C object esp-idf/driver/CMakeFiles/__idf_driver.dir/mcpwm/mcpwm_gen.c.obj
[58/1330] Building C object esp-idf/driver/CMakeFiles/__idf_driver.dir/mcpwm/mcpwm_oper.c.obj
[59/1330] Building C object esp-idf/driver/CMakeFiles/__idf_driver.dir/mcpwm/mcpwm_sync.c.obj
[60/1330] Building C object esp-idf/driver/CMakeFiles/__idf_driver.dir/mcpwm/mcpwm_timer.c.obj
[61/1330] Building C object esp-idf/driver/CMakeFiles/__idf_driver.dir/deprecated/mcpwm_legacy.c.obj
[62/1330] Building C object esp-idf/driver/CMakeFiles/__idf_driver.dir/pcnt/pulse_cnt.c.obj
[63/1330] Building C object esp-idf/driver/CMakeFiles/__idf_driver.dir/rmt/rmt_encoder.c.obj
[64/1330] Building C object esp-idf/driver/CMakeFiles/__idf_driver.dir/rmt/rmt_common.c.obj
[65/1330] Building C object esp-idf/driver/CMakeFiles/__idf_driver.dir/deprecated/pcnt_legacy.c.obj
[66/1330] Building C object esp-idf/driver/CMakeFiles/__idf_driver.dir/rmt/rmt_rx.c.obj
[67/1330] Building C object esp-idf/driver/CMakeFiles/__idf_driver.dir/sdmmc/sdmmc_transaction.c.obj
[68/1330] Building C object esp-idf/driver/CMakeFiles/__idf_driver.dir/rmt/rmt_tx.c.obj
[69/1330] Building C object esp-idf/driver/CMakeFiles/__idf_driver.dir/sdio_slave/sdio_slave.c.obj
[70/1330] Building C object esp-idf/driver/CMakeFiles/__idf_driver.dir/deprecated/rmt_legacy.c.obj
[71/1330] Building C object esp-idf/driver/CMakeFiles/__idf_driver.dir/sigma_delta/sdm.c.obj
[72/1330] Building C object esp-idf/driver/CMakeFiles/__idf_driver.dir/spi/sdspi/sdspi_crc.c.obj
[73/1330] Building C object esp-idf/driver/CMakeFiles/__idf_driver.dir/sdmmc/sdmmc_host.c.obj
[74/1330] Building C object esp-idf/driver/CMakeFiles/__idf_driver.dir/deprecated/sigma_delta_legacy.c.obj
[75/1330] Building C object esp-idf/driver/CMakeFiles/__idf_driver.dir/spi/gpspi/spi_common.c.obj
[76/1330] Building C object esp-idf/driver/CMakeFiles/__idf_driver.dir/spi/sdspi/sdspi_transaction.c.obj
[77/1330] Building C object esp-idf/driver/CMakeFiles/__idf_driver.dir/spi/gpspi/spi_master.c.obj
[78/1330] Building C object esp-idf/driver/CMakeFiles/__idf_driver.dir/spi/gpspi/spi_slave.c.obj
[79/1330] Building C object esp-idf/driver/CMakeFiles/__idf_driver.dir/spi/sdspi/sdspi_host.c.obj
[80/1330] Building C object esp-idf/driver/CMakeFiles/__idf_driver.dir/touch_sensor/touch_sensor_common.c.obj
[81/1330] Building C object esp-idf/esp_pm/CMakeFiles/__idf_esp_pm.dir/pm_trace.c.obj
[82/1330] Building C object esp-idf/esp_pm/CMakeFiles/__idf_esp_pm.dir/pm_locks.c.obj
[83/1330] Building C object esp-idf/driver/CMakeFiles/__idf_driver.dir/deprecated/adc_i2s_deprecated.c.obj
[84/1330] Building C object esp-idf/driver/CMakeFiles/__idf_driver.dir/twai/twai.c.obj
[85/1330] Building C object esp-idf/driver/CMakeFiles/__idf_driver.dir/touch_sensor/esp32/touch_sensor.c.obj
[86/1330] Building C object esp-idf/mbedtls/mbedtls/3rdparty/everest/CMakeFiles/everest.dir/library/everest.c.obj
[87/1330] Building C object esp-idf/mbedtls/mbedtls/3rdparty/everest/CMakeFiles/everest.dir/library/x25519.c.obj
[88/1330] Building C object esp-idf/mbedtls/mbedtls/3rdparty/everest/CMakeFiles/everest.dir/library/Hacl_Curve25519_joined.c.obj
[89/1330] Building C object esp-idf/esp_pm/CMakeFiles/__idf_esp_pm.dir/pm_impl.c.obj
[90/1330] Building C object esp-idf/mbedtls/mbedtls/3rdparty/p256-m/CMakeFiles/p256m.dir/p256-m_driver_entrypoints.c.obj
[91/1330] Building C object esp-idf/mbedtls/mbedtls/3rdparty/p256-m/CMakeFiles/p256m.dir/p256-m/p256-m.c.obj
[92/1330] Building C object esp-idf/mbedtls/mbedtls/library/CMakeFiles/mbedcrypto.dir/aesni.c.obj
[93/1330] Building C object esp-idf/mbedtls/mbedtls/library/CMakeFiles/mbedcrypto.dir/aesce.c.obj
[94/1330] Building C object esp-idf/mbedtls/mbedtls/library/CMakeFiles/mbedcrypto.dir/aes.c.obj
[95/1330] Building C object esp-idf/mbedtls/mbedtls/library/CMakeFiles/mbedcrypto.dir/asn1parse.c.obj
[96/1330] Building C object esp-idf/mbedtls/mbedtls/library/CMakeFiles/mbedcrypto.dir/asn1write.c.obj
[97/1330] Building C object esp-idf/mbedtls/mbedtls/library/CMakeFiles/mbedcrypto.dir/aria.c.obj
[98/1330] Building C object esp-idf/driver/CMakeFiles/__idf_driver.dir/uart/uart.c.obj
[99/1330] Building C object esp-idf/mbedtls/mbedtls/library/CMakeFiles/mbedcrypto.dir/bignum_mod.c.obj
[100/1330] Building C object esp-idf/mbedtls/mbedtls/library/CMakeFiles/mbedcrypto.dir/bignum_mod_raw.c.obj
[101/1330] Building C object esp-idf/mbedtls/mbedtls/library/CMakeFiles/mbedcrypto.dir/base64.c.obj
[102/1330] Building C object esp-idf/mbedtls/mbedtls/library/CMakeFiles/mbedcrypto.dir/camellia.c.obj
[103/1330] Building C object esp-idf/mbedtls/mbedtls/library/CMakeFiles/mbedcrypto.dir/block_cipher.c.obj
[104/1330] Building C object esp-idf/mbedtls/mbedtls/library/CMakeFiles/mbedcrypto.dir/chacha20.c.obj
[105/1330] Building C object esp-idf/mbedtls/mbedtls/library/CMakeFiles/mbedcrypto.dir/bignum_core.c.obj
[106/1330] Building C object esp-idf/mbedtls/mbedtls/library/CMakeFiles/mbedcrypto.dir/chachapoly.c.obj
[107/1330] Building C object esp-idf/mbedtls/mbedtls/library/CMakeFiles/mbedcrypto.dir/ccm.c.obj
[108/1330] Building C object esp-idf/mbedtls/mbedtls/library/CMakeFiles/mbedcrypto.dir/bignum.c.obj
[109/1330] Building C object esp-idf/mbedtls/mbedtls/library/CMakeFiles/mbedcrypto.dir/constant_time.c.obj
[110/1330] Building C object esp-idf/mbedtls/mbedtls/library/CMakeFiles/mbedcrypto.dir/cipher_wrap.c.obj
[111/1330] Building C object esp-idf/mbedtls/mbedtls/library/CMakeFiles/mbedcrypto.dir/des.c.obj
[112/1330] Building C object esp-idf/mbedtls/mbedtls/library/CMakeFiles/mbedcrypto.dir/cipher.c.obj
[113/1330] Building C object esp-idf/mbedtls/mbedtls/library/CMakeFiles/mbedcrypto.dir/cmac.c.obj
[114/1330] Building C object esp-idf/mbedtls/mbedtls/library/CMakeFiles/mbedcrypto.dir/dhm.c.obj
[115/1330] Building C object esp-idf/mbedtls/mbedtls/library/CMakeFiles/mbedcrypto.dir/ctr_drbg.c.obj
[116/1330] Building C object esp-idf/mbedtls/mbedtls/library/CMakeFiles/mbedcrypto.dir/ecjpake.c.obj
[117/1330] Building C object esp-idf/mbedtls/mbedtls/library/CMakeFiles/mbedcrypto.dir/ecdh.c.obj
[118/1330] Building C object esp-idf/mbedtls/mbedtls/library/CMakeFiles/mbedcrypto.dir/ecp_curves_new.c.obj
[119/1330] Building C object esp-idf/mbedtls/mbedtls/library/CMakeFiles/mbedcrypto.dir/ecdsa.c.obj
[120/1330] Building C object esp-idf/mbedtls/mbedtls/library/CMakeFiles/mbedcrypto.dir/entropy_poll.c.obj
[121/1330] Building C object esp-idf/mbedtls/mbedtls/library/CMakeFiles/mbedcrypto.dir/entropy.c.obj
[122/1330] Building C object esp-idf/mbedtls/mbedtls/library/CMakeFiles/mbedcrypto.dir/hkdf.c.obj
[123/1330] Building C object esp-idf/mbedtls/mbedtls/library/CMakeFiles/mbedcrypto.dir/gcm.c.obj
[124/1330] Building C object esp-idf/mbedtls/mbedtls/library/CMakeFiles/mbedcrypto.dir/ecp_curves.c.obj
[125/1330] Building C object esp-idf/mbedtls/mbedtls/library/CMakeFiles/mbedcrypto.dir/error.c.obj
[126/1330] Building C object esp-idf/mbedtls/mbedtls/library/CMakeFiles/mbedcrypto.dir/hmac_drbg.c.obj
[127/1330] Building C object esp-idf/mbedtls/mbedtls/library/CMakeFiles/mbedcrypto.dir/ecp.c.obj
[128/1330] Building C object esp-idf/mbedtls/mbedtls/library/CMakeFiles/mbedcrypto.dir/memory_buffer_alloc.c.obj
[129/1330] Building C object esp-idf/mbedtls/mbedtls/library/CMakeFiles/mbedcrypto.dir/lmots.c.obj
[130/1330] Building C object esp-idf/mbedtls/mbedtls/library/CMakeFiles/mbedcrypto.dir/lms.c.obj
[131/1330] Building C object esp-idf/mbedtls/mbedtls/library/CMakeFiles/mbedcrypto.dir/md5.c.obj
[132/1330] Building C object esp-idf/mbedtls/mbedtls/library/CMakeFiles/mbedcrypto.dir/nist_kw.c.obj
[133/1330] Building C object esp-idf/mbedtls/mbedtls/library/CMakeFiles/mbedcrypto.dir/md.c.obj
[134/1330] Building C object esp-idf/mbedtls/mbedtls/library/CMakeFiles/mbedcrypto.dir/padlock.c.obj
[135/1330] Building C object esp-idf/mbedtls/mbedtls/library/CMakeFiles/mbedcrypto.dir/pem.c.obj
[136/1330] Building C object esp-idf/mbedtls/mbedtls/library/CMakeFiles/mbedcrypto.dir/pk_ecc.c.obj
[137/1330] Building C object esp-idf/mbedtls/mbedtls/library/CMakeFiles/mbedcrypto.dir/oid.c.obj
[138/1330] Building C object esp-idf/mbedtls/mbedtls/library/CMakeFiles/mbedcrypto.dir/pk.c.obj
[139/1330] Building C object esp-idf/mbedtls/mbedtls/library/CMakeFiles/mbedcrypto.dir/pk_wrap.c.obj
[140/1330] Building C object esp-idf/mbedtls/mbedtls/library/CMakeFiles/mbedcrypto.dir/pkcs12.c.obj
[141/1330] Building C object esp-idf/mbedtls/mbedtls/library/CMakeFiles/mbedcrypto.dir/pkcs5.c.obj
[142/1330] Building C object esp-idf/mbedtls/mbedtls/library/CMakeFiles/mbedcrypto.dir/platform.c.obj
[143/1330] Building C object esp-idf/mbedtls/mbedtls/library/CMakeFiles/mbedcrypto.dir/platform_util.c.obj
[144/1330] Building C object esp-idf/mbedtls/mbedtls/library/CMakeFiles/mbedcrypto.dir/poly1305.c.obj
[145/1330] Building C object esp-idf/mbedtls/mbedtls/library/CMakeFiles/mbedcrypto.dir/pkwrite.c.obj
[146/1330] Building C object esp-idf/mbedtls/mbedtls/library/CMakeFiles/mbedcrypto.dir/pkparse.c.obj
[147/1330] Building C object esp-idf/mbedtls/mbedtls/library/CMakeFiles/mbedcrypto.dir/psa_crypto_client.c.obj
[148/1330] Building C object esp-idf/mbedtls/mbedtls/library/CMakeFiles/mbedcrypto.dir/psa_crypto_driver_wrappers_no_static.c.obj
[149/1330] Building C object esp-idf/mbedtls/mbedtls/library/CMakeFiles/mbedcrypto.dir/psa_crypto_aead.c.obj
[150/1330] Building C object esp-idf/mbedtls/mbedtls/library/CMakeFiles/mbedcrypto.dir/psa_crypto_cipher.c.obj
[151/1330] Building C object esp-idf/mbedtls/mbedtls/library/CMakeFiles/mbedcrypto.dir/psa_crypto_ecp.c.obj
[152/1330] Building C object esp-idf/mbedtls/mbedtls/library/CMakeFiles/mbedcrypto.dir/psa_crypto_ffdh.c.obj
[153/1330] Building C object esp-idf/mbedtls/mbedtls/library/CMakeFiles/mbedcrypto.dir/psa_crypto_pake.c.obj
[154/1330] Building C object esp-idf/mbedtls/mbedtls/library/CMakeFiles/mbedcrypto.dir/psa_crypto_hash.c.obj
[155/1330] Building C object esp-idf/mbedtls/mbedtls/library/CMakeFiles/mbedcrypto.dir/psa_crypto_mac.c.obj
[156/1330] Building C object esp-idf/mbedtls/mbedtls/library/CMakeFiles/mbedcrypto.dir/psa_crypto_se.c.obj
[157/1330] Building C object esp-idf/mbedtls/mbedtls/library/CMakeFiles/mbedcrypto.dir/psa_crypto_rsa.c.obj
[158/1330] Building C object esp-idf/mbedtls/mbedtls/library/CMakeFiles/mbedcrypto.dir/psa_its_file.c.obj
[159/1330] Building C object esp-idf/mbedtls/mbedtls/library/CMakeFiles/mbedcrypto.dir/ripemd160.c.obj
[160/1330] Building C object esp-idf/mbedtls/mbedtls/library/CMakeFiles/mbedcrypto.dir/psa_crypto_slot_management.c.obj
[161/1330] Building C object esp-idf/mbedtls/mbedtls/library/CMakeFiles/mbedcrypto.dir/psa_crypto_storage.c.obj
[162/1330] Building C object esp-idf/mbedtls/mbedtls/library/CMakeFiles/mbedcrypto.dir/psa_util.c.obj
[163/1330] Building C object esp-idf/mbedtls/mbedtls/library/CMakeFiles/mbedcrypto.dir/sha1.c.obj
[164/1330] Building C object esp-idf/mbedtls/mbedtls/library/CMakeFiles/mbedcrypto.dir/sha256.c.obj
[165/1330] Building C object esp-idf/mbedtls/mbedtls/library/CMakeFiles/mbedcrypto.dir/rsa_alt_helpers.c.obj
[166/1330] Building C object esp-idf/mbedtls/mbedtls/library/CMakeFiles/mbedcrypto.dir/sha512.c.obj
[167/1330] Building C object esp-idf/mbedtls/mbedtls/library/CMakeFiles/mbedcrypto.dir/threading.c.obj
[168/1330] Building C object esp-idf/mbedtls/mbedtls/library/CMakeFiles/mbedcrypto.dir/timing.c.obj
[169/1330] Building C object esp-idf/mbedtls/mbedtls/library/CMakeFiles/mbedcrypto.dir/version.c.obj
[170/1330] Building C object esp-idf/mbedtls/mbedtls/library/CMakeFiles/mbedcrypto.dir/version_features.c.obj
[171/1330] Building C object esp-idf/mbedtls/mbedtls/library/CMakeFiles/mbedcrypto.dir/sha3.c.obj
[172/1330] Building C object esp-idf/mbedtls/mbedtls/library/CMakeFiles/mbedcrypto.dir/mnt/c/Users/BALAJI/Desktop/micropython/esp-idf/components/mbedtls/port/esp_hardware.c.obj
[173/1330] Building C object esp-idf/mbedtls/mbedtls/library/CMakeFiles/mbedcrypto.dir/psa_crypto.c.obj
[174/1330] Building C object esp-idf/mbedtls/mbedtls/library/CMakeFiles/mbedcrypto.dir/mnt/c/Users/BALAJI/Desktop/micropython/esp-idf/components/mbedtls/port/esp_mem.c.obj
[175/1330] Building C object esp-idf/mbedtls/mbedtls/library/CMakeFiles/mbedcrypto.dir/rsa.c.obj
[176/1330] Building C object esp-idf/mbedtls/mbedtls/library/CMakeFiles/mbedcrypto.dir/mnt/c/Users/BALAJI/Desktop/micropython/esp-idf/components/mbedtls/port/esp_timing.c.obj
[177/1330] Building C object esp-idf/mbedtls/mbedtls/library/CMakeFiles/mbedcrypto.dir/mnt/c/Users/BALAJI/Desktop/micropython/esp-idf/components/mbedtls/port/aes/esp_aes_xts.c.obj
[178/1330] Building C object esp-idf/mbedtls/mbedtls/library/CMakeFiles/mbedcrypto.dir/mnt/c/Users/BALAJI/Desktop/micropython/esp-idf/components/mbedtls/port/sha/esp_sha.c.obj
[179/1330] Building C object esp-idf/mbedtls/mbedtls/library/CMakeFiles/mbedcrypto.dir/mnt/c/Users/BALAJI/Desktop/micropython/esp-idf/components/mbedtls/port/aes/esp_aes_common.c.obj
[180/1330] Building C object esp-idf/mbedtls/mbedtls/library/CMakeFiles/mbedcrypto.dir/mnt/c/Users/BALAJI/Desktop/micropython/esp-idf/components/mbedtls/port/bignum/bignum_alt.c.obj
[181/1330] Building C object esp-idf/mbedtls/mbedtls/library/CMakeFiles/mbedcrypto.dir/mnt/c/Users/BALAJI/Desktop/micropython/esp-idf/components/mbedtls/port/sha/parallel_engine/sha.c.obj
[182/1330] Building C object esp-idf/mbedtls/mbedtls/library/CMakeFiles/mbedcrypto.dir/mnt/c/Users/BALAJI/Desktop/micropython/esp-idf/components/mbedtls/port/aes/block/esp_aes.c.obj
[183/1330] Building C object esp-idf/mbedtls/mbedtls/library/CMakeFiles/mbedcrypto.dir/mnt/c/Users/BALAJI/Desktop/micropython/esp-idf/components/mbedtls/port/bignum/esp_bignum.c.obj
[184/1330] Building C object esp-idf/mbedtls/mbedtls/library/CMakeFiles/mbedcrypto.dir/mnt/c/Users/BALAJI/Desktop/micropython/esp-idf/components/mbedtls/port/sha/parallel_engine/esp_sha256.c.obj
[185/1330] Building C object esp-idf/mbedtls/mbedtls/library/CMakeFiles/mbedcrypto.dir/mnt/c/Users/BALAJI/Desktop/micropython/esp-idf/components/mbedtls/port/sha/parallel_engine/esp_sha1.c.obj
[186/1330] Building C object esp-idf/mbedtls/mbedtls/library/CMakeFiles/mbedcrypto.dir/mnt/c/Users/BALAJI/Desktop/micropython/esp-idf/components/mbedtls/port/sha/parallel_engine/esp_sha512.c.obj
[187/1330] Building C object esp-idf/mbedtls/mbedtls/library/CMakeFiles/mbedcrypto.dir/mnt/c/Users/BALAJI/Desktop/micropython/esp-idf/components/mbedtls/port/md/esp_md.c.obj
[188/1330] Building C object esp-idf/mbedtls/mbedtls/library/CMakeFiles/mbedcrypto.dir/mnt/c/Users/BALAJI/Desktop/micropython/esp-idf/components/mbedtls/port/aes/esp_aes_gcm.c.obj
[189/1330] Building C object esp-idf/mbedtls/mbedtls/library/CMakeFiles/mbedx509.dir/pkcs7.c.obj
[190/1330] Building C object esp-idf/mbedtls/mbedtls/library/CMakeFiles/mbedx509.dir/x509_create.c.obj
[191/1330] Building C object esp-idf/mbedtls/mbedtls/library/CMakeFiles/mbedx509.dir/x509.c.obj
[192/1330] Building C object esp-idf/mbedtls/mbedtls/library/CMakeFiles/mbedx509.dir/x509_crl.c.obj
[193/1330] Building C object esp-idf/mbedtls/mbedtls/library/CMakeFiles/mbedx509.dir/x509_csr.c.obj
[194/1330] Building C object esp-idf/mbedtls/mbedtls/library/CMakeFiles/mbedx509.dir/x509write.c.obj
[195/1330] Building C object esp-idf/mbedtls/mbedtls/library/CMakeFiles/mbedtls.dir/debug.c.obj
[196/1330] Building C object esp-idf/mbedtls/mbedtls/library/CMakeFiles/mbedtls.dir/mps_reader.c.obj
[197/1330] Building C object esp-idf/mbedtls/mbedtls/library/CMakeFiles/mbedtls.dir/mps_trace.c.obj
[198/1330] Building C object esp-idf/mbedtls/mbedtls/library/CMakeFiles/mbedx509.dir/x509write_csr.c.obj
[199/1330] Building C object esp-idf/mbedtls/mbedtls/library/CMakeFiles/mbedx509.dir/x509write_crt.c.obj
[200/1330] Building C object esp-idf/mbedtls/mbedtls/library/CMakeFiles/mbedtls.dir/ssl_debug_helpers_generated.c.obj
[201/1330] Building C object esp-idf/mbedtls/mbedtls/library/CMakeFiles/mbedtls.dir/ssl_cache.c.obj
[202/1330] Building C object esp-idf/mbedtls/mbedtls/library/CMakeFiles/mbedtls.dir/ssl_ciphersuites.c.obj
[203/1330] Building C object esp-idf/mbedtls/mbedtls/library/CMakeFiles/mbedtls.dir/ssl_cookie.c.obj
[204/1330] Building C object esp-idf/mbedtls/mbedtls/library/CMakeFiles/mbedx509.dir/x509_crt.c.obj
[205/1330] Building C object esp-idf/mbedtls/mbedtls/library/CMakeFiles/mbedtls.dir/ssl_client.c.obj
[206/1330] Building C object esp-idf/mbedtls/mbedtls/library/CMakeFiles/mbedtls.dir/ssl_tls13_keys.c.obj
[207/1330] Building C object esp-idf/mbedtls/mbedtls/library/CMakeFiles/mbedtls.dir/ssl_ticket.c.obj
[208/1330] Building C object esp-idf/mbedtls/mbedtls/library/CMakeFiles/mbedtls.dir/ssl_tls13_server.c.obj
[209/1330] Building C object esp-idf/mbedtls/mbedtls/library/CMakeFiles/mbedtls.dir/ssl_tls13_client.c.obj
[210/1330] Building C object esp-idf/mbedtls/mbedtls/library/CMakeFiles/mbedtls.dir/ssl_tls12_client.c.obj
[211/1330] Building C object esp-idf/mbedtls/mbedtls/library/CMakeFiles/mbedtls.dir/ssl_tls13_generic.c.obj
[212/1330] Building C object esp-idf/mbedtls/mbedtls/library/CMakeFiles/mbedtls.dir/ssl_tls12_server.c.obj
[213/1330] Building C object esp-idf/mbedtls/mbedtls/library/CMakeFiles/mbedtls.dir/ssl_msg.c.obj
[214/1330] Building C object esp-idf/esp_bootloader_format/CMakeFiles/__idf_esp_bootloader_format.dir/esp_bootloader_desc.c.obj
[215/1330] Building C object esp-idf/mbedtls/mbedtls/library/CMakeFiles/mbedtls.dir/ssl_tls.c.obj
[216/1330] Building C object esp-idf/mbedtls/mbedtls/library/CMakeFiles/mbedtls.dir/mnt/c/Users/BALAJI/Desktop/micropython/esp-idf/components/mbedtls/port/mbedtls_debug.c.obj
[217/1330] Building C object esp-idf/mbedtls/mbedtls/library/CMakeFiles/mbedtls.dir/mnt/c/Users/BALAJI/Desktop/micropython/esp-idf/components/mbedtls/port/esp_platform_time.c.obj
[218/1330] Building C object esp-idf/esp_app_format/CMakeFiles/__idf_esp_app_format.dir/esp_app_desc.c.obj
[219/1330] Building C object esp-idf/bootloader_support/CMakeFiles/__idf_bootloader_support.dir/src/bootloader_mem.c.obj
[220/1330] Building C object esp-idf/bootloader_support/CMakeFiles/__idf_bootloader_support.dir/src/bootloader_random.c.obj
[221/1330] Building C object esp-idf/bootloader_support/CMakeFiles/__idf_bootloader_support.dir/src/bootloader_clock_init.c.obj
[222/1330] Building C object esp-idf/bootloader_support/CMakeFiles/__idf_bootloader_support.dir/src/bootloader_common.c.obj
[223/1330] Building C object esp-idf/bootloader_support/CMakeFiles/__idf_bootloader_support.dir/src/bootloader_common_loader.c.obj
[224/1330] Building C object esp-idf/bootloader_support/CMakeFiles/__idf_bootloader_support.dir/src/bootloader_efuse.c.obj
[225/1330] Building C object esp-idf/bootloader_support/CMakeFiles/__idf_bootloader_support.dir/src/secure_boot.c.obj
[226/1330] Building C object esp-idf/mbedtls/mbedtls/library/CMakeFiles/mbedtls.dir/mnt/c/Users/BALAJI/Desktop/micropython/esp-idf/components/mbedtls/port/net_sockets.c.obj
[227/1330] Building C object esp-idf/bootloader_support/CMakeFiles/__idf_bootloader_support.dir/src/flash_encrypt.c.obj
[228/1330] Building C object esp-idf/bootloader_support/CMakeFiles/__idf_bootloader_support.dir/src/bootloader_random_esp32.c.obj
[229/1330] Building C object esp-idf/bootloader_support/CMakeFiles/__idf_bootloader_support.dir/bootloader_flash/src/flash_qio_mode.c.obj
[230/1330] Building C object esp-idf/bootloader_support/CMakeFiles/__idf_bootloader_support.dir/src/flash_partitions.c.obj
[231/1330] Creating directories for 'bootloader'
[232/1330] No download step for 'bootloader'
[233/1330] No update step for 'bootloader'
[234/1330] No patch step for 'bootloader'
[235/1330] Building C object esp-idf/bootloader_support/CMakeFiles/__idf_bootloader_support.dir/bootloader_flash/src/bootloader_flash.c.obj
[236/1330] Building C object esp-idf/bootloader_support/CMakeFiles/__idf_bootloader_support.dir/bootloader_flash/src/bootloader_flash_config_esp32.c.obj
[237/1330] Building C object esp-idf/bootloader_support/CMakeFiles/__idf_bootloader_support.dir/src/esp_image_format.c.obj
[238/1330] Building C object esp-idf/bootloader_support/CMakeFiles/__idf_bootloader_support.dir/src/bootloader_utility.c.obj
[239/1330] Building C object esp-idf/esp_partition/CMakeFiles/__idf_esp_partition.dir/partition.c.obj
[240/1330] Building C object esp-idf/bootloader_support/CMakeFiles/__idf_bootloader_support.dir/src/idf/bootloader_sha.c.obj
[241/1330] Building C object esp-idf/spi_flash/CMakeFiles/__idf_spi_flash.dir/flash_brownout_hook.c.obj
[242/1330] Building C object esp-idf/esp_partition/CMakeFiles/__idf_esp_partition.dir/partition_target.c.obj
[243/1330] Building C object esp-idf/app_update/CMakeFiles/__idf_app_update.dir/esp_ota_app_desc.c.obj
[244/1330] Building C object esp-idf/spi_flash/CMakeFiles/__idf_spi_flash.dir/spi_flash_chip_drivers.c.obj
[245/1330] Building C object esp-idf/spi_flash/CMakeFiles/__idf_spi_flash.dir/spi_flash_chip_issi.c.obj
[246/1330] Building C object esp-idf/app_update/CMakeFiles/__idf_app_update.dir/esp_ota_ops.c.obj
[247/1330] Building C object esp-idf/spi_flash/CMakeFiles/__idf_spi_flash.dir/spi_flash_chip_mxic.c.obj
[248/1330] Building C object esp-idf/spi_flash/CMakeFiles/__idf_spi_flash.dir/spi_flash_chip_generic.c.obj
[249/1330] Building C object esp-idf/spi_flash/CMakeFiles/__idf_spi_flash.dir/spi_flash_chip_gd.c.obj
[250/1330] Building C object esp-idf/spi_flash/CMakeFiles/__idf_spi_flash.dir/spi_flash_chip_boya.c.obj
[251/1330] Building C object esp-idf/spi_flash/CMakeFiles/__idf_spi_flash.dir/spi_flash_chip_winbond.c.obj
[252/1330] Building C object esp-idf/spi_flash/CMakeFiles/__idf_spi_flash.dir/spi_flash_chip_th.c.obj
[253/1330] Building C object esp-idf/spi_flash/CMakeFiles/__idf_spi_flash.dir/spi_flash_chip_mxic_opi.c.obj
[254/1330] Building C object esp-idf/spi_flash/CMakeFiles/__idf_spi_flash.dir/memspi_host_driver.c.obj
[255/1330] Building C object esp-idf/spi_flash/CMakeFiles/__idf_spi_flash.dir/flash_mmap.c.obj
[256/1330] Building C object esp-idf/spi_flash/CMakeFiles/__idf_spi_flash.dir/cache_utils.c.obj
[257/1330] Building C object esp-idf/spi_flash/CMakeFiles/__idf_spi_flash.dir/spi_flash_wrap.c.obj
[258/1330] Building C object esp-idf/spi_flash/CMakeFiles/__idf_spi_flash.dir/flash_ops.c.obj
[259/1330] Building C object esp-idf/spi_flash/CMakeFiles/__idf_spi_flash.dir/spi_flash_os_func_noos.c.obj
[260/1330] Building C object esp-idf/spi_flash/CMakeFiles/__idf_spi_flash.dir/esp_flash_api.c.obj
[261/1330] Building C object esp-idf/spi_flash/CMakeFiles/__idf_spi_flash.dir/spi_flash_os_func_app.c.obj
[262/1330] Building C object esp-idf/spi_flash/CMakeFiles/__idf_spi_flash.dir/esp_flash_spi_init.c.obj
[263/1330] Building C object esp-idf/pthread/CMakeFiles/__idf_pthread.dir/pthread.c.obj
[264/1330] Building C object esp-idf/pthread/CMakeFiles/__idf_pthread.dir/pthread_cond_var.c.obj
[265/1330] Building C object esp-idf/pthread/CMakeFiles/__idf_pthread.dir/pthread_local_storage.c.obj
[266/1330] Building C object esp-idf/pthread/CMakeFiles/__idf_pthread.dir/pthread_rwlock.c.obj
[267/1330] Building C object esp-idf/pthread/CMakeFiles/__idf_pthread.dir/pthread_semaphore.c.obj
[268/1330] Building C object esp-idf/esp_system/CMakeFiles/__idf_esp_system.dir/esp_err.c.obj
[269/1330] Building C object esp-idf/esp_system/CMakeFiles/__idf_esp_system.dir/crosscore_int.c.obj
[270/1330] Building C object esp-idf/esp_system/CMakeFiles/__idf_esp_system.dir/esp_ipc.c.obj
[271/1330] Building C object esp-idf/esp_system/CMakeFiles/__idf_esp_system.dir/freertos_hooks.c.obj
[272/1330] Building C object esp-idf/esp_system/CMakeFiles/__idf_esp_system.dir/int_wdt.c.obj
[273/1330] Building C object esp-idf/esp_system/CMakeFiles/__idf_esp_system.dir/panic.c.obj
[274/1330] Building C object esp-idf/esp_system/CMakeFiles/__idf_esp_system.dir/esp_system.c.obj
[275/1330] Building C object esp-idf/esp_system/CMakeFiles/__idf_esp_system.dir/stack_check.c.obj
[276/1330] Building C object esp-idf/esp_system/CMakeFiles/__idf_esp_system.dir/system_time.c.obj
[277/1330] Building C object esp-idf/esp_system/CMakeFiles/__idf_esp_system.dir/ubsan.c.obj
[278/1330] Building C object esp-idf/esp_system/CMakeFiles/__idf_esp_system.dir/debug_stubs.c.obj
[279/1330] Building C object esp-idf/esp_system/CMakeFiles/__idf_esp_system.dir/xt_wdt.c.obj
[280/1330] Building C object esp-idf/esp_system/CMakeFiles/__idf_esp_system.dir/startup.c.obj
[281/1330] Building C object esp-idf/esp_system/CMakeFiles/__idf_esp_system.dir/task_wdt/task_wdt_impl_timergroup.c.obj
[282/1330] Building C object esp-idf/esp_system/CMakeFiles/__idf_esp_system.dir/task_wdt/task_wdt.c.obj
[283/1330] Building C object esp-idf/esp_system/CMakeFiles/__idf_esp_system.dir/port/panic_handler.c.obj
[284/1330] Building C object esp-idf/esp_system/CMakeFiles/__idf_esp_system.dir/port/cpu_start.c.obj
[285/1330] Building C object esp-idf/esp_system/CMakeFiles/__idf_esp_system.dir/port/esp_system_chip.c.obj
[286/1330] Building ASM object esp-idf/esp_system/CMakeFiles/__idf_esp_system.dir/port/arch/xtensa/esp_ipc_isr_handler.S.obj
[287/1330] Building ASM object esp-idf/esp_system/CMakeFiles/__idf_esp_system.dir/port/arch/xtensa/esp_ipc_isr_routines.S.obj
[288/1330] Building C object esp-idf/esp_system/CMakeFiles/__idf_esp_system.dir/port/arch/xtensa/esp_ipc_isr_port.c.obj
[289/1330] Building ASM object esp-idf/esp_system/CMakeFiles/__idf_esp_system.dir/port/arch/xtensa/panic_handler_asm.S.obj
[290/1330] Building C object esp-idf/esp_system/CMakeFiles/__idf_esp_system.dir/port/esp_ipc_isr.c.obj
[291/1330] Building ASM object esp-idf/esp_system/CMakeFiles/__idf_esp_system.dir/port/arch/xtensa/expression_with_stack_asm.S.obj
[292/1330] Building C object esp-idf/esp_system/CMakeFiles/__idf_esp_system.dir/port/brownout.c.obj
[293/1330] Building ASM object esp-idf/esp_system/CMakeFiles/__idf_esp_system.dir/port/arch/xtensa/debug_helpers_asm.S.obj
[294/1330] Building C object esp-idf/esp_system/CMakeFiles/__idf_esp_system.dir/port/arch/xtensa/debug_stubs.c.obj
[295/1330] Building C object esp-idf/esp_system/CMakeFiles/__idf_esp_system.dir/port/arch/xtensa/panic_arch.c.obj
[296/1330] Building ASM object esp-idf/esp_system/CMakeFiles/__idf_esp_system.dir/port/soc/esp32/highint_hdl.S.obj
[297/1330] Building C object esp-idf/esp_system/CMakeFiles/__idf_esp_system.dir/port/arch/xtensa/expression_with_stack.c.obj
[298/1330] Building C object esp-idf/esp_system/CMakeFiles/__idf_esp_system.dir/port/arch/xtensa/debug_helpers.c.obj
[299/1330] Building C object esp-idf/esp_system/CMakeFiles/__idf_esp_system.dir/port/arch/xtensa/trax.c.obj
[300/1330] Building C object esp-idf/esp_rom/CMakeFiles/__idf_esp_rom.dir/patches/esp_rom_crc.c.obj
[301/1330] Building C object esp-idf/esp_rom/CMakeFiles/__idf_esp_rom.dir/patches/esp_rom_sys.c.obj
[302/1330] Building C object esp-idf/esp_system/CMakeFiles/__idf_esp_system.dir/port/soc/esp32/reset_reason.c.obj
[303/1330] Building C object esp-idf/esp_system/CMakeFiles/__idf_esp_system.dir/port/soc/esp32/cache_err_int.c.obj
[304/1330] Building C object esp-idf/esp_rom/CMakeFiles/__idf_esp_rom.dir/patches/esp_rom_uart.c.obj
[305/1330] Building ASM object esp-idf/esp_rom/CMakeFiles/__idf_esp_rom.dir/patches/esp_rom_longjmp.S.obj
[306/1330] Building C object esp-idf/hal/CMakeFiles/__idf_hal.dir/hal_utils.c.obj
[307/1330] Building C object esp-idf/esp_rom/CMakeFiles/__idf_esp_rom.dir/patches/esp_rom_efuse.c.obj
[308/1330] Building C object esp-idf/esp_system/CMakeFiles/__idf_esp_system.dir/port/soc/esp32/system_internal.c.obj
[309/1330] Building C object esp-idf/esp_system/CMakeFiles/__idf_esp_system.dir/port/soc/esp32/clk.c.obj
[310/1330] Building C object esp-idf/esp_rom/CMakeFiles/__idf_esp_rom.dir/patches/esp_rom_spiflash.c.obj
[311/1330] Building C object esp-idf/hal/CMakeFiles/__idf_hal.dir/mpu_hal.c.obj
[312/1330] Building C object esp-idf/hal/CMakeFiles/__idf_hal.dir/efuse_hal.c.obj
[313/1330] Building C object esp-idf/hal/CMakeFiles/__idf_hal.dir/esp32/efuse_hal.c.obj
[314/1330] Building C object esp-idf/hal/CMakeFiles/__idf_hal.dir/wdt_hal_iram.c.obj
[315/1330] Building C object esp-idf/hal/CMakeFiles/__idf_hal.dir/esp32/cache_hal_esp32.c.obj
[316/1330] Building C object esp-idf/hal/CMakeFiles/__idf_hal.dir/mmu_hal.c.obj
[317/1330] Building C object esp-idf/hal/CMakeFiles/__idf_hal.dir/spi_flash_encrypt_hal_iram.c.obj
[318/1330] Building C object esp-idf/hal/CMakeFiles/__idf_hal.dir/spi_flash_hal.c.obj
[319/1330] Building C object esp-idf/hal/CMakeFiles/__idf_hal.dir/esp32/clk_tree_hal.c.obj
[320/1330] Building C object esp-idf/hal/CMakeFiles/__idf_hal.dir/spi_flash_hal_iram.c.obj
[321/1330] Building C object esp-idf/hal/CMakeFiles/__idf_hal.dir/uart_hal.c.obj
[322/1330] Building C object esp-idf/hal/CMakeFiles/__idf_hal.dir/uart_hal_iram.c.obj
[323/1330] Building C object esp-idf/hal/CMakeFiles/__idf_hal.dir/gpio_hal.c.obj
[324/1330] Building C object esp-idf/hal/CMakeFiles/__idf_hal.dir/timer_hal.c.obj
[325/1330] Building C object esp-idf/hal/CMakeFiles/__idf_hal.dir/rtc_io_hal.c.obj
[326/1330] Building C object esp-idf/hal/CMakeFiles/__idf_hal.dir/ledc_hal.c.obj
[327/1330] Building C object esp-idf/hal/CMakeFiles/__idf_hal.dir/ledc_hal_iram.c.obj
[328/1330] Building C object esp-idf/hal/CMakeFiles/__idf_hal.dir/i2c_hal.c.obj
[329/1330] Building C object esp-idf/hal/CMakeFiles/__idf_hal.dir/i2c_hal_iram.c.obj
[330/1330] Building C object esp-idf/hal/CMakeFiles/__idf_hal.dir/rmt_hal.c.obj
[331/1330] Building C object esp-idf/hal/CMakeFiles/__idf_hal.dir/pcnt_hal.c.obj
[332/1330] Building C object esp-idf/hal/CMakeFiles/__idf_hal.dir/mcpwm_hal.c.obj
[333/1330] Building C object esp-idf/hal/CMakeFiles/__idf_hal.dir/sdm_hal.c.obj
[334/1330] Building C object esp-idf/hal/CMakeFiles/__idf_hal.dir/twai_hal.c.obj
[335/1330] Building C object esp-idf/hal/CMakeFiles/__idf_hal.dir/twai_hal_iram.c.obj
[336/1330] Building C object esp-idf/hal/CMakeFiles/__idf_hal.dir/sdmmc_hal.c.obj
[337/1330] Building C object esp-idf/hal/CMakeFiles/__idf_hal.dir/i2s_hal.c.obj
[338/1330] Building C object esp-idf/hal/CMakeFiles/__idf_hal.dir/adc_hal_common.c.obj
[339/1330] Building C object esp-idf/hal/CMakeFiles/__idf_hal.dir/mpi_hal.c.obj
[340/1330] Building C object esp-idf/hal/CMakeFiles/__idf_hal.dir/adc_oneshot_hal.c.obj
[341/1330] Performing configure step for 'bootloader'
-- Found Git: /usr/bin/git (found version "2.43.0") 
-- The C compiler identification is GNU 13.2.0
-- The CXX compiler identification is GNU 13.2.0
-- The ASM compiler identification is GNU
-- Found assembler: /home/balaji/.espressif/tools/xtensa-esp-elf/esp-13.2.0_20230928/xtensa-esp-elf/bin/xtensa-esp32-elf-gcc
-- Detecting C compiler ABI info
-- Detecting C compiler ABI info - done
-- Check for working C compiler: /home/balaji/.espressif/tools/xtensa-esp-elf/esp-13.2.0_20230928/xtensa-esp-elf/bin/xtensa-esp32-elf-gcc - skipped
-- Detecting C compile features
-- Detecting C compile features - done
-- Detecting CXX compiler ABI info
-- Detecting CXX compiler ABI info - done
-- Check for working CXX compiler: /home/balaji/.espressif/tools/xtensa-esp-elf/esp-13.2.0_20230928/xtensa-esp-elf/bin/xtensa-esp32-elf-g++ - skipped
-- Detecting CXX compile features
-- Detecting CXX compile features - done
-- Building ESP-IDF components for target esp32
-- Project sdkconfig file /mnt/c/Users/BALAJI/Desktop/micropython/micropython/ports/esp32/build-ESP32_GENERIC/sdkconfig
-- Compiler supported targets: xtensa-esp-elf
-- Looking for sys/types.h
-- Looking for sys/types.h - found
-- Looking for stdint.h
-- Looking for stdint.h - found
-- Looking for stddef.h
-- Looking for stddef.h - found
-- Check size of time_t
-- Check size of time_t - done
-- Adding linker script /mnt/c/Users/BALAJI/Desktop/micropython/esp-idf/components/soc/esp32/ld/esp32.peripherals.ld
-- Bootloader project name: "bootloader" version: 1
-- Adding linker script /mnt/c/Users/BALAJI/Desktop/micropython/esp-idf/components/esp_rom/esp32/ld/esp32.rom.ld
-- Adding linker script /mnt/c/Users/BALAJI/Desktop/micropython/esp-idf/components/esp_rom/esp32/ld/esp32.rom.api.ld
-- Adding linker script /mnt/c/Users/BALAJI/Desktop/micropython/esp-idf/components/esp_rom/esp32/ld/esp32.rom.libgcc.ld
-- Adding linker script /mnt/c/Users/BALAJI/Desktop/micropython/esp-idf/components/esp_rom/esp32/ld/esp32.rom.newlib-funcs.ld
-- Adding linker script /mnt/c/Users/BALAJI/Desktop/micropython/esp-idf/components/bootloader/subproject/main/ld/esp32/bootloader.ld
-- Adding linker script /mnt/c/Users/BALAJI/Desktop/micropython/esp-idf/components/bootloader/subproject/main/ld/esp32/bootloader.rom.ld
-- Components: bootloader bootloader_support efuse esp_app_format esp_bootloader_format esp_common esp_hw_support esp_rom esp_system esptool_py freertos hal log main micro-ecc newlib partition_table soc spi_flash xtensa
-- Component paths: /mnt/c/Users/BALAJI/Desktop/micropython/esp-idf/components/bootloader /mnt/c/Users/BALAJI/Desktop/micropython/esp-idf/components/bootloader_support /mnt/c/Users/BALAJI/Desktop/micropython/esp-idf/components/efuse /mnt/c/Users/BALAJI/Desktop/micropython/esp-idf/components/esp_app_format /mnt/c/Users/BALAJI/Desktop/micropython/esp-idf/components/esp_bootloader_format /mnt/c/Users/BALAJI/Desktop/micropython/esp-idf/components/esp_common /mnt/c/Users/BALAJI/Desktop/micropython/esp-idf/components/esp_hw_support /mnt/c/Users/BALAJI/Desktop/micropython/esp-idf/components/esp_rom /mnt/c/Users/BALAJI/Desktop/micropython/esp-idf/components/esp_system /mnt/c/Users/BALAJI/Desktop/micropython/esp-idf/components/esptool_py /mnt/c/Users/BALAJI/Desktop/micropython/esp-idf/components/freertos /mnt/c/Users/BALAJI/Desktop/micropython/esp-idf/components/hal /mnt/c/Users/BALAJI/Desktop/micropython/esp-idf/components/log /mnt/c/Users/BALAJI/Desktop/micropython/esp-idf/components/bootloader/subproject/main /mnt/c/Users/BALAJI/Desktop/micropython/esp-idf/components/bootloader/subproject/components/micro-ecc /mnt/c/Users/BALAJI/Desktop/micropython/esp-idf/components/newlib /mnt/c/Users/BALAJI/Desktop/micropython/esp-idf/components/partition_table /mnt/c/Users/BALAJI/Desktop/micropython/esp-idf/components/soc /mnt/c/Users/BALAJI/Desktop/micropython/esp-idf/components/spi_flash /mnt/c/Users/BALAJI/Desktop/micropython/esp-idf/components/xtensa
-- Configuring done (298.9s)
-- Generating done (8.3s)
-- Build files have been written to: /mnt/c/Users/BALAJI/Desktop/micropython/micropython/ports/esp32/build-ESP32_GENERIC/bootloader
[342/1330] Building C object esp-idf/hal/CMakeFiles/__idf_hal.dir/brownout_hal.c.obj
[343/1330] Building C object esp-idf/hal/CMakeFiles/__idf_hal.dir/emac_hal.c.obj
[344/1330] Building C object esp-idf/hal/CMakeFiles/__idf_hal.dir/adc_hal.c.obj
[345/1330] Building C object esp-idf/hal/CMakeFiles/__idf_hal.dir/sha_hal.c.obj
[346/1330] Building C object esp-idf/hal/CMakeFiles/__idf_hal.dir/aes_hal.c.obj
[347/1330] Building C object esp-idf/hal/CMakeFiles/__idf_hal.dir/spi_slave_hal.c.obj
[348/1330] Building C object esp-idf/hal/CMakeFiles/__idf_hal.dir/spi_slave_hal_iram.c.obj
[349/1330] Building C object esp-idf/hal/CMakeFiles/__idf_hal.dir/spi_hal.c.obj
[350/1330] Building C object esp-idf/hal/CMakeFiles/__idf_hal.dir/spi_hal_iram.c.obj
[351/1330] Building C object esp-idf/hal/CMakeFiles/__idf_hal.dir/sdio_slave_hal.c.obj
[352/1330] Building C object esp-idf/hal/CMakeFiles/__idf_hal.dir/touch_sensor_hal.c.obj
[353/1330] Building C object esp-idf/hal/CMakeFiles/__idf_hal.dir/esp32/gpio_hal_workaround.c.obj
[354/1330] Building C object esp-idf/hal/CMakeFiles/__idf_hal.dir/esp32/touch_sensor_hal.c.obj
[355/1330] Building C object esp-idf/log/CMakeFiles/__idf_log.dir/log.c.obj
[356/1330] Building C object esp-idf/log/CMakeFiles/__idf_log.dir/log_buffers.c.obj
[357/1330] Building C object esp-idf/heap/CMakeFiles/__idf_heap.dir/heap_caps_init.c.obj
[358/1330] Building C object esp-idf/log/CMakeFiles/__idf_log.dir/log_freertos.c.obj
[359/1330] Building C object esp-idf/heap/CMakeFiles/__idf_heap.dir/multi_heap.c.obj
[360/1330] Building C object esp-idf/heap/CMakeFiles/__idf_heap.dir/heap_caps.c.obj
[361/1330] Building C object esp-idf/soc/CMakeFiles/__idf_soc.dir/lldesc.c.obj
[362/1330] Building C object esp-idf/soc/CMakeFiles/__idf_soc.dir/dport_access_common.c.obj
[363/1330] Building C object esp-idf/heap/CMakeFiles/__idf_heap.dir/port/esp32/memory_layout.c.obj
[364/1330] Building C object esp-idf/soc/CMakeFiles/__idf_soc.dir/esp32/interrupts.c.obj
[365/1330] Building C object esp-idf/heap/CMakeFiles/__idf_heap.dir/port/memory_layout_utils.c.obj
[366/1330] Building C object esp-idf/soc/CMakeFiles/__idf_soc.dir/esp32/dport_access.c.obj
[367/1330] Building C object esp-idf/soc/CMakeFiles/__idf_soc.dir/esp32/gpio_periph.c.obj
[368/1330] Building C object esp-idf/soc/CMakeFiles/__idf_soc.dir/esp32/uart_periph.c.obj
[369/1330] Building C object esp-idf/soc/CMakeFiles/__idf_soc.dir/esp32/adc_periph.c.obj
[370/1330] Building C object esp-idf/heap/CMakeFiles/__idf_heap.dir/tlsf/tlsf.c.obj
[371/1330] Building C object esp-idf/soc/CMakeFiles/__idf_soc.dir/esp32/sdm_periph.c.obj
[372/1330] Building C object esp-idf/soc/CMakeFiles/__idf_soc.dir/esp32/spi_periph.c.obj
[373/1330] Building C object esp-idf/soc/CMakeFiles/__idf_soc.dir/esp32/ledc_periph.c.obj
[374/1330] Building C object esp-idf/soc/CMakeFiles/__idf_soc.dir/esp32/pcnt_periph.c.obj
[375/1330] Building C object esp-idf/soc/CMakeFiles/__idf_soc.dir/esp32/rmt_periph.c.obj
[376/1330] Building C object esp-idf/soc/CMakeFiles/__idf_soc.dir/esp32/i2s_periph.c.obj
[377/1330] Building C object esp-idf/soc/CMakeFiles/__idf_soc.dir/esp32/i2c_periph.c.obj
[378/1330] Building C object esp-idf/soc/CMakeFiles/__idf_soc.dir/esp32/timer_periph.c.obj
[379/1330] Building C object esp-idf/soc/CMakeFiles/__idf_soc.dir/esp32/lcd_periph.c.obj
[380/1330] Building C object esp-idf/soc/CMakeFiles/__idf_soc.dir/esp32/mcpwm_periph.c.obj
[381/1330] Building C object esp-idf/soc/CMakeFiles/__idf_soc.dir/esp32/mpi_periph.c.obj
[382/1330] Building C object esp-idf/soc/CMakeFiles/__idf_soc.dir/esp32/dac_periph.c.obj
[383/1330] Building C object esp-idf/soc/CMakeFiles/__idf_soc.dir/esp32/sdmmc_periph.c.obj
[384/1330] Building C object esp-idf/soc/CMakeFiles/__idf_soc.dir/esp32/touch_sensor_periph.c.obj
[385/1330] Building C object esp-idf/soc/CMakeFiles/__idf_soc.dir/esp32/twai_periph.c.obj
[386/1330] Building C object esp-idf/soc/CMakeFiles/__idf_soc.dir/esp32/rtc_io_periph.c.obj
[387/1330] Building C object esp-idf/soc/CMakeFiles/__idf_soc.dir/esp32/sdio_slave_periph.c.obj
[388/1330] Building C object esp-idf/esp_hw_support/CMakeFiles/__idf_esp_hw_support.dir/port/esp32/cpu_region_protect.c.obj
[389/1330] Building C object esp-idf/esp_hw_support/CMakeFiles/__idf_esp_hw_support.dir/esp_memory_utils.c.obj
[390/1330] Building C object esp-idf/esp_hw_support/CMakeFiles/__idf_esp_hw_support.dir/cpu.c.obj
[391/1330] Building C object esp-idf/esp_hw_support/CMakeFiles/__idf_esp_hw_support.dir/clk_ctrl_os.c.obj
[392/1330] Building C object esp-idf/esp_hw_support/CMakeFiles/__idf_esp_hw_support.dir/esp_clk.c.obj
[393/1330] Building C object esp-idf/esp_hw_support/CMakeFiles/__idf_esp_hw_support.dir/hw_random.c.obj
[394/1330] Building C object esp-idf/esp_hw_support/CMakeFiles/__idf_esp_hw_support.dir/mac_addr.c.obj
[395/1330] Building C object esp-idf/esp_hw_support/CMakeFiles/__idf_esp_hw_support.dir/revision.c.obj
[396/1330] Building C object esp-idf/esp_hw_support/CMakeFiles/__idf_esp_hw_support.dir/rtc_module.c.obj
[397/1330] Performing build step for 'bootloader'
[1/106] Generating project_elf_src_esp32.c
[2/106] Building C object CMakeFiles/bootloader.elf.dir/project_elf_src_esp32.c.obj
[3/106] Building C object esp-idf/xtensa/CMakeFiles/__idf_xtensa.dir/eri.c.obj
[4/106] Building C object esp-idf/soc/CMakeFiles/__idf_soc.dir/dport_access_common.c.obj
[5/106] Building C object esp-idf/soc/CMakeFiles/__idf_soc.dir/esp32/interrupts.c.obj
[6/106] Building C object esp-idf/soc/CMakeFiles/__idf_soc.dir/lldesc.c.obj
[7/106] Building C object esp-idf/soc/CMakeFiles/__idf_soc.dir/esp32/dport_access.c.obj
[8/106] Building C object esp-idf/xtensa/CMakeFiles/__idf_xtensa.dir/xt_trax.c.obj
[9/106] Building C object esp-idf/soc/CMakeFiles/__idf_soc.dir/esp32/gpio_periph.c.obj
[10/106] Building C object esp-idf/soc/CMakeFiles/__idf_soc.dir/esp32/adc_periph.c.obj
[11/106] Building C object esp-idf/soc/CMakeFiles/__idf_soc.dir/esp32/uart_periph.c.obj
[12/106] Building C object esp-idf/soc/CMakeFiles/__idf_soc.dir/esp32/sdm_periph.c.obj
[13/106] Building C object esp-idf/soc/CMakeFiles/__idf_soc.dir/esp32/ledc_periph.c.obj
[14/106] Building C object esp-idf/soc/CMakeFiles/__idf_soc.dir/esp32/pcnt_periph.c.obj
[15/106] Building C object esp-idf/soc/CMakeFiles/__idf_soc.dir/esp32/spi_periph.c.obj
[16/106] Building C object esp-idf/soc/CMakeFiles/__idf_soc.dir/esp32/rmt_periph.c.obj
[17/106] Building C object esp-idf/soc/CMakeFiles/__idf_soc.dir/esp32/i2s_periph.c.obj
[18/106] Building C object esp-idf/soc/CMakeFiles/__idf_soc.dir/esp32/i2c_periph.c.obj
[19/106] Building C object esp-idf/soc/CMakeFiles/__idf_soc.dir/esp32/timer_periph.c.obj
[20/106] Building C object esp-idf/soc/CMakeFiles/__idf_soc.dir/esp32/lcd_periph.c.obj
[21/106] Building C object esp-idf/soc/CMakeFiles/__idf_soc.dir/esp32/mcpwm_periph.c.obj
[22/106] Building C object esp-idf/soc/CMakeFiles/__idf_soc.dir/esp32/mpi_periph.c.obj
[23/106] Building C object esp-idf/soc/CMakeFiles/__idf_soc.dir/esp32/dac_periph.c.obj
[24/106] Building C object esp-idf/soc/CMakeFiles/__idf_soc.dir/esp32/sdmmc_periph.c.obj
[25/106] Building C object esp-idf/soc/CMakeFiles/__idf_soc.dir/esp32/touch_sensor_periph.c.obj
[26/106] Building C object esp-idf/soc/CMakeFiles/__idf_soc.dir/esp32/twai_periph.c.obj
[27/106] Building C object esp-idf/soc/CMakeFiles/__idf_soc.dir/esp32/rtc_io_periph.c.obj
[28/106] Building C object esp-idf/soc/CMakeFiles/__idf_soc.dir/esp32/sdio_slave_periph.c.obj
[29/106] Building C object esp-idf/hal/CMakeFiles/__idf_hal.dir/hal_utils.c.obj
[30/106] Building C object esp-idf/hal/CMakeFiles/__idf_hal.dir/mpu_hal.c.obj
[31/106] Building C object esp-idf/hal/CMakeFiles/__idf_hal.dir/efuse_hal.c.obj
[32/106] Building C object esp-idf/hal/CMakeFiles/__idf_hal.dir/esp32/efuse_hal.c.obj
[33/106] Building C object esp-idf/hal/CMakeFiles/__idf_hal.dir/esp32/cache_hal_esp32.c.obj
[34/106] Building C object esp-idf/hal/CMakeFiles/__idf_hal.dir/mmu_hal.c.obj
[35/106] Building C object esp-idf/hal/CMakeFiles/__idf_hal.dir/wdt_hal_iram.c.obj
[36/106] Building C object esp-idf/esp_bootloader_format/CMakeFiles/__idf_esp_bootloader_format.dir/esp_bootloader_desc.c.obj
[37/106] Building C object esp-idf/spi_flash/CMakeFiles/__idf_spi_flash.dir/spi_flash_wrap.c.obj
[38/106] Building C object esp-idf/micro-ecc/CMakeFiles/__idf_micro-ecc.dir/uECC_verify_antifault.c.obj
[39/106] Building C object esp-idf/bootloader_support/CMakeFiles/__idf_bootloader_support.dir/src/bootloader_mem.c.obj
[40/106] Building C object esp-idf/bootloader_support/CMakeFiles/__idf_bootloader_support.dir/src/bootloader_clock_init.c.obj
[41/106] Building C object esp-idf/bootloader_support/CMakeFiles/__idf_bootloader_support.dir/src/bootloader_random.c.obj
[42/106] Building C object esp-idf/bootloader_support/CMakeFiles/__idf_bootloader_support.dir/src/bootloader_common.c.obj
[43/106] Building C object esp-idf/bootloader_support/CMakeFiles/__idf_bootloader_support.dir/src/bootloader_common_loader.c.obj
[44/106] Building C object esp-idf/bootloader_support/CMakeFiles/__idf_bootloader_support.dir/src/bootloader_efuse.c.obj
[45/106] Building C object esp-idf/bootloader_support/CMakeFiles/__idf_bootloader_support.dir/src/secure_boot.c.obj
[46/106] Building C object esp-idf/bootloader_support/CMakeFiles/__idf_bootloader_support.dir/src/flash_encrypt.c.obj
[47/106] Building C object esp-idf/bootloader_support/CMakeFiles/__idf_bootloader_support.dir/src/bootloader_random_esp32.c.obj
[48/106] Building C object esp-idf/bootloader_support/CMakeFiles/__idf_bootloader_support.dir/src/flash_partitions.c.obj
[49/106] Building C object esp-idf/bootloader_support/CMakeFiles/__idf_bootloader_support.dir/bootloader_flash/src/flash_qio_mode.c.obj
[50/106] Building C object esp-idf/bootloader_support/CMakeFiles/__idf_bootloader_support.dir/bootloader_flash/src/bootloader_flash_config_esp32.c.obj
[51/106] Building C object esp-idf/bootloader_support/CMakeFiles/__idf_bootloader_support.dir/src/bootloader_clock_loader.c.obj
[52/106] Building C object esp-idf/bootloader_support/CMakeFiles/__idf_bootloader_support.dir/bootloader_flash/src/bootloader_flash.c.obj
[53/106] Building C object esp-idf/bootloader_support/CMakeFiles/__idf_bootloader_support.dir/src/bootloader_console_loader.c.obj
[54/106] Building C object esp-idf/bootloader_support/CMakeFiles/__idf_bootloader_support.dir/src/esp32/bootloader_soc.c.obj
[55/106] Building C object esp-idf/bootloader_support/CMakeFiles/__idf_bootloader_support.dir/src/esp32/bootloader_sha.c.obj
[56/106] Building C object esp-idf/bootloader_support/CMakeFiles/__idf_bootloader_support.dir/src/bootloader_utility.c.obj
[57/106] Building C object esp-idf/bootloader_support/CMakeFiles/__idf_bootloader_support.dir/src/esp_image_format.c.obj
[58/106] Building C object esp-idf/bootloader_support/CMakeFiles/__idf_bootloader_support.dir/src/bootloader_init.c.obj
[59/106] Building C object esp-idf/bootloader_support/CMakeFiles/__idf_bootloader_support.dir/src/bootloader_console.c.obj
[60/106] Building C object esp-idf/bootloader_support/CMakeFiles/__idf_bootloader_support.dir/src/bootloader_panic.c.obj
[61/106] Building C object esp-idf/efuse/CMakeFiles/__idf_efuse.dir/esp32/esp_efuse_table.c.obj
[62/106] Building C object esp-idf/efuse/CMakeFiles/__idf_efuse.dir/esp32/esp_efuse_fields.c.obj
[63/106] Building C object esp-idf/efuse/CMakeFiles/__idf_efuse.dir/src/esp_efuse_api.c.obj
[64/106] Building C object esp-idf/efuse/CMakeFiles/__idf_efuse.dir/esp32/esp_efuse_utility.c.obj
[65/106] Building C object esp-idf/efuse/CMakeFiles/__idf_efuse.dir/src/esp_efuse_fields.c.obj
[66/106] Building C object esp-idf/bootloader_support/CMakeFiles/__idf_bootloader_support.dir/src/esp32/bootloader_esp32.c.obj
[67/106] Building C object esp-idf/esp_system/CMakeFiles/__idf_esp_system.dir/esp_err.c.obj
[68/106] Building C object esp-idf/efuse/CMakeFiles/__idf_efuse.dir/src/esp_efuse_utility.c.obj
[69/106] Building C object esp-idf/efuse/CMakeFiles/__idf_efuse.dir/src/efuse_controller/keys/without_key_purposes/three_key_blocks/esp_efuse_api_key.c.obj
[70/106] Building C object esp-idf/esp_hw_support/CMakeFiles/__idf_esp_hw_support.dir/esp_memory_utils.c.obj
[71/106] Building C object esp-idf/esp_hw_support/CMakeFiles/__idf_esp_hw_support.dir/cpu.c.obj
[72/106] Building C object esp-idf/esp_hw_support/CMakeFiles/__idf_esp_hw_support.dir/port/esp32/cpu_region_protect.c.obj
[73/106] Building C object esp-idf/esp_hw_support/CMakeFiles/__idf_esp_hw_support.dir/port/esp32/chip_info.c.obj
[74/106] Building C object esp-idf/esp_hw_support/CMakeFiles/__idf_esp_hw_support.dir/port/esp32/rtc_init.c.obj
[75/106] Building C object esp-idf/esp_hw_support/CMakeFiles/__idf_esp_hw_support.dir/port/esp32/rtc_clk_init.c.obj
[76/106] Building C object esp-idf/esp_rom/CMakeFiles/__idf_esp_rom.dir/patches/esp_rom_crc.c.obj
[77/106] Building C object esp-idf/esp_hw_support/CMakeFiles/__idf_esp_hw_support.dir/port/esp32/rtc_sleep.c.obj
[78/106] Building C object esp-idf/esp_hw_support/CMakeFiles/__idf_esp_hw_support.dir/port/esp32/rtc_time.c.obj
[79/106] Building C object esp-idf/esp_rom/CMakeFiles/__idf_esp_rom.dir/patches/esp_rom_sys.c.obj
[80/106] Building ASM object esp-idf/esp_rom/CMakeFiles/__idf_esp_rom.dir/patches/esp_rom_longjmp.S.obj
[81/106] Building C object esp-idf/esp_rom/CMakeFiles/__idf_esp_rom.dir/patches/esp_rom_efuse.c.obj
[82/106] Building C object esp-idf/esp_hw_support/CMakeFiles/__idf_esp_hw_support.dir/port/esp32/rtc_clk.c.obj
[83/106] Building C object esp-idf/esp_rom/CMakeFiles/__idf_esp_rom.dir/patches/esp_rom_uart.c.obj
[84/106] Building C object esp-idf/log/CMakeFiles/__idf_log.dir/log.c.obj
[85/106] Building C object esp-idf/esp_common/CMakeFiles/__idf_esp_common.dir/src/esp_err_to_name.c.obj
[86/106] Building C object esp-idf/esp_rom/CMakeFiles/__idf_esp_rom.dir/patches/esp_rom_spiflash.c.obj
[87/106] Building C object esp-idf/log/CMakeFiles/__idf_log.dir/log_buffers.c.obj
[88/106] Building C object esp-idf/log/CMakeFiles/__idf_log.dir/log_noos.c.obj
[89/106] Linking C static library esp-idf/log/liblog.a
[90/106] Linking C static library esp-idf/esp_rom/libesp_rom.a
[91/106] Linking C static library esp-idf/esp_common/libesp_common.a
[92/106] Building C object esp-idf/main/CMakeFiles/__idf_main.dir/bootloader_start.c.obj
[93/106] Linking C static library esp-idf/esp_hw_support/libesp_hw_support.a
[94/106] Linking C static library esp-idf/esp_system/libesp_system.a
[95/106] Linking C static library esp-idf/efuse/libefuse.a
[96/106] Linking C static library esp-idf/bootloader_support/libbootloader_support.a
[97/106] Linking C static library esp-idf/esp_bootloader_format/libesp_bootloader_format.a
[98/106] Linking C static library esp-idf/spi_flash/libspi_flash.a
[99/106] Linking C static library esp-idf/hal/libhal.a
[100/106] Linking C static library esp-idf/micro-ecc/libmicro-ecc.a
[101/106] Linking C static library esp-idf/soc/libsoc.a
[102/106] Linking C static library esp-idf/xtensa/libxtensa.a
[103/106] Linking C static library esp-idf/main/libmain.a
[104/106] Linking C executable bootloader.elf
[105/106] Generating binary image from built executable
esptool.py v4.11.0
Creating esp32 image...
Merged 2 ELF sections
Successfully created esp32 image.
Generated /mnt/c/Users/BALAJI/Desktop/micropython/micropython/ports/esp32/build-ESP32_GENERIC/bootloader/bootloader.bin
[106/106] cd /mnt/c/Users/BALAJI/Desktop/micropython/micropython/ports/esp32/build-ESP32_GENERIC/bootloader/esp-idf/esptool_py && /home/balaji/.espressif/python_env/idf5.2_py3.12_env/bin/python3 /mnt/c/Users/BALAJI/Desktop/micropython/esp-idf/components/partition_table/check_sizes.py --offset 0x8000 bootloader 0x1000 /mnt/c/Users/BALAJI/Desktop/micropython/micropython/ports/esp32/build-ESP32_GENERIC/bootloader/bootloader.bin
Bootloader binary size 0x5ae0 bytes. 0x1520 bytes (19%) free.
[398/1330] No install step for 'bootloader'
[399/1330] Completed 'bootloader'
[400/1330] Building C object esp-idf/esp_hw_support/CMakeFiles/__idf_esp_hw_support.dir/sleep_console.c.obj
[401/1330] Building C object esp-idf/esp_hw_support/CMakeFiles/__idf_esp_hw_support.dir/intr_alloc.c.obj
[402/1330] Building C object esp-idf/esp_hw_support/CMakeFiles/__idf_esp_hw_support.dir/periph_ctrl.c.obj
[403/1330] Building C object esp-idf/esp_hw_support/CMakeFiles/__idf_esp_hw_support.dir/esp_gpio_reserve.c.obj
[404/1330] Building C object esp-idf/esp_hw_support/CMakeFiles/__idf_esp_hw_support.dir/sleep_modem.c.obj
[405/1330] Building C object esp-idf/esp_hw_support/CMakeFiles/__idf_esp_hw_support.dir/sleep_event.c.obj
[406/1330] Building C object esp-idf/esp_hw_support/CMakeFiles/__idf_esp_hw_support.dir/sar_periph_ctrl_common.c.obj
[407/1330] Building C object esp-idf/esp_hw_support/CMakeFiles/__idf_esp_hw_support.dir/port/esp32/io_mux.c.obj
[408/1330] Building C object esp-idf/esp_hw_support/CMakeFiles/__idf_esp_hw_support.dir/regi2c_ctrl.c.obj
[409/1330] Building C object esp-idf/esp_hw_support/CMakeFiles/__idf_esp_hw_support.dir/port/esp32/esp_clk_tree.c.obj
[410/1330] Building C object esp-idf/esp_hw_support/CMakeFiles/__idf_esp_hw_support.dir/sleep_gpio.c.obj
[411/1330] Building C object esp-idf/esp_hw_support/CMakeFiles/__idf_esp_hw_support.dir/dma/esp_dma_utils.c.obj
[412/1330] Building C object esp-idf/esp_hw_support/CMakeFiles/__idf_esp_hw_support.dir/port/esp_clk_tree_common.c.obj
[413/1330] Building C object esp-idf/esp_hw_support/CMakeFiles/__idf_esp_hw_support.dir/rtc_wdt.c.obj
[414/1330] Building C object esp-idf/esp_hw_support/CMakeFiles/__idf_esp_hw_support.dir/adc_share_hw_ctrl.c.obj
[415/1330] Building C object esp-idf/esp_hw_support/CMakeFiles/__idf_esp_hw_support.dir/sleep_modes.c.obj
[416/1330] Building C object esp-idf/esp_hw_support/CMakeFiles/__idf_esp_hw_support.dir/mspi_timing_config.c.obj
[417/1330] Building C object esp-idf/esp_hw_support/CMakeFiles/__idf_esp_hw_support.dir/mspi_timing_tuning.c.obj
[418/1330] Building C object esp-idf/esp_hw_support/CMakeFiles/__idf_esp_hw_support.dir/sleep_wake_stub.c.obj
[419/1330] Building C object esp-idf/esp_hw_support/CMakeFiles/__idf_esp_hw_support.dir/esp_clock_output.c.obj
[420/1330] Building C object esp-idf/esp_hw_support/CMakeFiles/__idf_esp_hw_support.dir/port/esp32/rtc_clk_init.c.obj
[421/1330] Building C object esp-idf/esp_hw_support/CMakeFiles/__idf_esp_hw_support.dir/port/esp32/rtc_clk.c.obj
[422/1330] Building C object esp-idf/esp_hw_support/CMakeFiles/__idf_esp_hw_support.dir/port/esp32/esp_crypto_lock.c.obj
[423/1330] Building C object esp-idf/esp_hw_support/CMakeFiles/__idf_esp_hw_support.dir/port/esp32/rtc_init.c.obj
[424/1330] Building C object esp-idf/esp_hw_support/CMakeFiles/__idf_esp_hw_support.dir/port/esp32/rtc_sleep.c.obj
[425/1330] Building C object esp-idf/esp_hw_support/CMakeFiles/__idf_esp_hw_support.dir/port/esp32/chip_info.c.obj
[426/1330] Building C object esp-idf/esp_hw_support/CMakeFiles/__idf_esp_hw_support.dir/port/esp32/rtc_time.c.obj
[427/1330] Building C object esp-idf/esp_hw_support/CMakeFiles/__idf_esp_hw_support.dir/port/esp32/cache_sram_mmu.c.obj
[428/1330] Building C object esp-idf/freertos/CMakeFiles/__idf_freertos.dir/heap_idf.c.obj
[429/1330] Building C object esp-idf/freertos/CMakeFiles/__idf_freertos.dir/app_startup.c.obj
[430/1330] Building C object esp-idf/freertos/CMakeFiles/__idf_freertos.dir/port_common.c.obj
[431/1330] Building C object esp-idf/freertos/CMakeFiles/__idf_freertos.dir/port_systick.c.obj
[432/1330] Building C object esp-idf/esp_hw_support/CMakeFiles/__idf_esp_hw_support.dir/port/esp32/sar_periph_ctrl.c.obj
[433/1330] Building C object esp-idf/freertos/CMakeFiles/__idf_freertos.dir/FreeRTOS-Kernel/list.c.obj
[434/1330] Building C object esp-idf/freertos/CMakeFiles/__idf_freertos.dir/FreeRTOS-Kernel/event_groups.c.obj
[435/1330] Building C object esp-idf/freertos/CMakeFiles/__idf_freertos.dir/FreeRTOS-Kernel/queue.c.obj
[436/1330] Building C object esp-idf/freertos/CMakeFiles/__idf_freertos.dir/FreeRTOS-Kernel/timers.c.obj
[437/1330] Building ASM object esp-idf/freertos/CMakeFiles/__idf_freertos.dir/FreeRTOS-Kernel/portable/xtensa/portasm.S.obj
[438/1330] Building C object esp-idf/freertos/CMakeFiles/__idf_freertos.dir/FreeRTOS-Kernel/stream_buffer.c.obj
[439/1330] Building C object esp-idf/freertos/CMakeFiles/__idf_freertos.dir/FreeRTOS-Kernel/portable/xtensa/xtensa_init.c.obj
[440/1330] Building C object esp-idf/freertos/CMakeFiles/__idf_freertos.dir/FreeRTOS-Kernel/portable/xtensa/port.c.obj
[441/1330] Building C object esp-idf/freertos/CMakeFiles/__idf_freertos.dir/FreeRTOS-Kernel/portable/xtensa/xtensa_overlay_os_hook.c.obj
[442/1330] Building C object esp-idf/freertos/CMakeFiles/__idf_freertos.dir/esp_additions/freertos_compatibility.c.obj
[443/1330] Building C object esp-idf/freertos/CMakeFiles/__idf_freertos.dir/FreeRTOS-Kernel/tasks.c.obj
[444/1330] Building C object esp-idf/freertos/CMakeFiles/__idf_freertos.dir/esp_additions/idf_additions.c.obj
[445/1330] Building C object esp-idf/newlib/CMakeFiles/__idf_newlib.dir/abort.c.obj
[446/1330] Building C object esp-idf/newlib/CMakeFiles/__idf_newlib.dir/assert.c.obj
[447/1330] Building C object esp-idf/newlib/CMakeFiles/__idf_newlib.dir/heap.c.obj
[448/1330] Building C object esp-idf/newlib/CMakeFiles/__idf_newlib.dir/getentropy.c.obj
[449/1330] Building C object esp-idf/newlib/CMakeFiles/__idf_newlib.dir/poll.c.obj
[450/1330] Building C object esp-idf/newlib/CMakeFiles/__idf_newlib.dir/random.c.obj
[451/1330] Building C object esp-idf/newlib/CMakeFiles/__idf_newlib.dir/pthread.c.obj
[452/1330] Building C object esp-idf/newlib/CMakeFiles/__idf_newlib.dir/reent_init.c.obj
[453/1330] Building C object esp-idf/newlib/CMakeFiles/__idf_newlib.dir/locks.c.obj
[454/1330] Building C object esp-idf/newlib/CMakeFiles/__idf_newlib.dir/termios.c.obj
[455/1330] Building C object esp-idf/newlib/CMakeFiles/__idf_newlib.dir/newlib_init.c.obj
[456/1330] Building C object esp-idf/newlib/CMakeFiles/__idf_newlib.dir/sysconf.c.obj
[457/1330] Building C object esp-idf/newlib/CMakeFiles/__idf_newlib.dir/syscalls.c.obj
[458/1330] Building C object esp-idf/newlib/CMakeFiles/__idf_newlib.dir/realpath.c.obj
[459/1330] Building C object esp-idf/newlib/CMakeFiles/__idf_newlib.dir/stdatomic.c.obj
[460/1330] Building CXX object esp-idf/cxx/CMakeFiles/__idf_cxx.dir/cxx_exception_stubs.cpp.obj
[461/1330] Building C object esp-idf/newlib/CMakeFiles/__idf_newlib.dir/time.c.obj
[462/1330] Building C object esp-idf/newlib/CMakeFiles/__idf_newlib.dir/port/esp_time_impl.c.obj
[463/1330] Building C object esp-idf/esp_timer/CMakeFiles/__idf_esp_timer.dir/src/system_time.c.obj
[464/1330] Building CXX object esp-idf/cxx/CMakeFiles/__idf_cxx.dir/cxx_guards.cpp.obj
[465/1330] Building C object esp-idf/esp_timer/CMakeFiles/__idf_esp_timer.dir/src/esp_timer_impl_common.c.obj
[466/1330] Building C object esp-idf/esp_timer/CMakeFiles/__idf_esp_timer.dir/src/ets_timer_legacy.c.obj
[467/1330] Building C object esp-idf/esp_timer/CMakeFiles/__idf_esp_timer.dir/src/esp_timer.c.obj
[468/1330] Building C object esp-idf/app_trace/CMakeFiles/__idf_app_trace.dir/app_trace_util.c.obj
[469/1330] Building C object esp-idf/app_trace/CMakeFiles/__idf_app_trace.dir/host_file_io.c.obj
[470/1330] Building C object esp-idf/esp_timer/CMakeFiles/__idf_esp_timer.dir/src/esp_timer_impl_lac.c.obj
[471/1330] Building C object esp-idf/app_trace/CMakeFiles/__idf_app_trace.dir/app_trace.c.obj
[472/1330] Building C object esp-idf/app_trace/CMakeFiles/__idf_app_trace.dir/port/port_uart.c.obj
[473/1330] Building C object esp-idf/esp_event/CMakeFiles/__idf_esp_event.dir/default_event_loop.c.obj
[474/1330] Building C object esp-idf/esp_event/CMakeFiles/__idf_esp_event.dir/esp_event_private.c.obj
[475/1330] Building C object esp-idf/esp_event/CMakeFiles/__idf_esp_event.dir/esp_event.c.obj
[476/1330] Building CXX object esp-idf/nvs_flash/CMakeFiles/__idf_nvs_flash.dir/src/nvs_cxx_api.cpp.obj
[477/1330] Building CXX object esp-idf/nvs_flash/CMakeFiles/__idf_nvs_flash.dir/src/nvs_item_hash_list.cpp.obj
[478/1330] Building C object esp-idf/esp_common/CMakeFiles/__idf_esp_common.dir/src/esp_err_to_name.c.obj
[479/1330] Building CXX object esp-idf/nvs_flash/CMakeFiles/__idf_nvs_flash.dir/src/nvs_page.cpp.obj
[480/1330] Building CXX object esp-idf/nvs_flash/CMakeFiles/__idf_nvs_flash.dir/src/nvs_api.cpp.obj
[481/1330] Building CXX object esp-idf/nvs_flash/CMakeFiles/__idf_nvs_flash.dir/src/nvs_pagemanager.cpp.obj
[482/1330] Building CXX object esp-idf/nvs_flash/CMakeFiles/__idf_nvs_flash.dir/src/nvs_partition.cpp.obj
[483/1330] Building CXX object esp-idf/nvs_flash/CMakeFiles/__idf_nvs_flash.dir/src/nvs_partition_lookup.cpp.obj
[484/1330] Building CXX object esp-idf/nvs_flash/CMakeFiles/__idf_nvs_flash.dir/src/nvs_handle_locked.cpp.obj
[485/1330] Building CXX object esp-idf/nvs_flash/CMakeFiles/__idf_nvs_flash.dir/src/nvs_handle_simple.cpp.obj
[486/1330] Building CXX object esp-idf/nvs_flash/CMakeFiles/__idf_nvs_flash.dir/src/nvs_platform.cpp.obj
[487/1330] Building CXX object esp-idf/nvs_flash/CMakeFiles/__idf_nvs_flash.dir/src/nvs_storage.cpp.obj
[488/1330] Building C object esp-idf/esp_phy/CMakeFiles/__idf_esp_phy.dir/src/lib_printf.c.obj
[489/1330] Building C object esp-idf/esp_phy/CMakeFiles/__idf_esp_phy.dir/src/phy_override.c.obj
[490/1330] Building CXX object esp-idf/nvs_flash/CMakeFiles/__idf_nvs_flash.dir/src/nvs_partition_manager.cpp.obj
[491/1330] Building C object esp-idf/esp_phy/CMakeFiles/__idf_esp_phy.dir/src/phy_common.c.obj
[492/1330] Building CXX object esp-idf/nvs_flash/CMakeFiles/__idf_nvs_flash.dir/src/nvs_types.cpp.obj
[493/1330] Building C object esp-idf/esp_phy/CMakeFiles/__idf_esp_phy.dir/src/btbb_init.c.obj
[494/1330] Building C object esp-idf/esp_phy/CMakeFiles/__idf_esp_phy.dir/src/phy_init.c.obj
[495/1330] Building C object esp-idf/vfs/CMakeFiles/__idf_vfs.dir/vfs_eventfd.c.obj
[496/1330] Building CXX object esp-idf/nvs_flash/CMakeFiles/__idf_nvs_flash.dir/src/nvs_encrypted_partition.cpp.obj
[497/1330] Building C object esp-idf/vfs/CMakeFiles/__idf_vfs.dir/vfs.c.obj
[498/1330] Building C object esp-idf/vfs/CMakeFiles/__idf_vfs.dir/vfs_uart.c.obj
[499/1330] Building C object esp-idf/vfs/CMakeFiles/__idf_vfs.dir/vfs_semihost.c.obj
[500/1330] Building C object esp-idf/vfs/CMakeFiles/__idf_vfs.dir/vfs_console.c.obj
[501/1330] Building C object esp-idf/lwip/CMakeFiles/__idf_lwip.dir/apps/sntp/sntp.c.obj
[502/1330] Building C object esp-idf/lwip/CMakeFiles/__idf_lwip.dir/lwip/src/api/err.c.obj
[503/1330] Building C object esp-idf/lwip/CMakeFiles/__idf_lwip.dir/lwip/src/api/api_lib.c.obj
[504/1330] Building C object esp-idf/lwip/CMakeFiles/__idf_lwip.dir/lwip/src/api/if_api.c.obj
[505/1330] Building C object esp-idf/lwip/CMakeFiles/__idf_lwip.dir/lwip/src/api/api_msg.c.obj
[506/1330] Building C object esp-idf/lwip/CMakeFiles/__idf_lwip.dir/lwip/src/api/netbuf.c.obj
[507/1330] Building C object esp-idf/lwip/CMakeFiles/__idf_lwip.dir/lwip/src/api/netdb.c.obj
[508/1330] Building C object esp-idf/lwip/CMakeFiles/__idf_lwip.dir/lwip/src/api/netifapi.c.obj
[509/1330] Building C object esp-idf/lwip/CMakeFiles/__idf_lwip.dir/lwip/src/api/tcpip.c.obj
[510/1330] Building C object esp-idf/lwip/CMakeFiles/__idf_lwip.dir/lwip/src/apps/sntp/sntp.c.obj
[511/1330] Building C object esp-idf/lwip/CMakeFiles/__idf_lwip.dir/lwip/src/apps/netbiosns/netbiosns.c.obj
[512/1330] Building C object esp-idf/lwip/CMakeFiles/__idf_lwip.dir/lwip/src/core/def.c.obj
[513/1330] Building C object esp-idf/lwip/CMakeFiles/__idf_lwip.dir/lwip/src/api/sockets.c.obj
[514/1330] Building C object esp-idf/lwip/CMakeFiles/__idf_lwip.dir/lwip/src/core/dns.c.obj
[515/1330] Building C object esp-idf/lwip/CMakeFiles/__idf_lwip.dir/lwip/src/core/inet_chksum.c.obj
[516/1330] Building C object esp-idf/lwip/CMakeFiles/__idf_lwip.dir/lwip/src/core/init.c.obj
[517/1330] Building C object esp-idf/lwip/CMakeFiles/__idf_lwip.dir/lwip/src/core/ip.c.obj
[518/1330] Building C object esp-idf/lwip/CMakeFiles/__idf_lwip.dir/lwip/src/core/mem.c.obj
[519/1330] Building C object esp-idf/lwip/CMakeFiles/__idf_lwip.dir/lwip/src/core/memp.c.obj
[520/1330] Building C object esp-idf/lwip/CMakeFiles/__idf_lwip.dir/lwip/src/core/netif.c.obj
[521/1330] Building C object esp-idf/lwip/CMakeFiles/__idf_lwip.dir/lwip/src/core/raw.c.obj
[522/1330] Building C object esp-idf/lwip/CMakeFiles/__idf_lwip.dir/lwip/src/core/stats.c.obj
[523/1330] Building C object esp-idf/lwip/CMakeFiles/__idf_lwip.dir/lwip/src/core/pbuf.c.obj
[524/1330] Building C object esp-idf/lwip/CMakeFiles/__idf_lwip.dir/lwip/src/core/sys.c.obj
[525/1330] Building C object esp-idf/lwip/CMakeFiles/__idf_lwip.dir/lwip/src/core/tcp.c.obj
[526/1330] Building C object esp-idf/lwip/CMakeFiles/__idf_lwip.dir/lwip/src/core/timeouts.c.obj
[527/1330] Building C object esp-idf/lwip/CMakeFiles/__idf_lwip.dir/lwip/src/core/udp.c.obj
[528/1330] Building C object esp-idf/lwip/CMakeFiles/__idf_lwip.dir/lwip/src/core/tcp_out.c.obj
[529/1330] Building C object esp-idf/lwip/CMakeFiles/__idf_lwip.dir/lwip/src/core/tcp_in.c.obj
[530/1330] Building C object esp-idf/lwip/CMakeFiles/__idf_lwip.dir/lwip/src/core/ipv4/autoip.c.obj
[531/1330] Building C object esp-idf/lwip/CMakeFiles/__idf_lwip.dir/lwip/src/core/ipv4/icmp.c.obj
[532/1330] Building C object esp-idf/lwip/CMakeFiles/__idf_lwip.dir/lwip/src/core/ipv4/igmp.c.obj
[533/1330] Building C object esp-idf/lwip/CMakeFiles/__idf_lwip.dir/lwip/src/core/ipv4/etharp.c.obj
[534/1330] Building C object esp-idf/lwip/CMakeFiles/__idf_lwip.dir/lwip/src/core/ipv4/ip4_napt.c.obj
[535/1330] Building C object esp-idf/lwip/CMakeFiles/__idf_lwip.dir/lwip/src/core/ipv4/ip4.c.obj
[536/1330] Building C object esp-idf/lwip/CMakeFiles/__idf_lwip.dir/lwip/src/core/ipv4/dhcp.c.obj
[537/1330] Building C object esp-idf/lwip/CMakeFiles/__idf_lwip.dir/lwip/src/core/ipv6/dhcp6.c.obj
[538/1330] Building C object esp-idf/lwip/CMakeFiles/__idf_lwip.dir/lwip/src/core/ipv4/ip4_frag.c.obj
[539/1330] Building C object esp-idf/lwip/CMakeFiles/__idf_lwip.dir/lwip/src/core/ipv4/ip4_addr.c.obj
[540/1330] Building C object esp-idf/lwip/CMakeFiles/__idf_lwip.dir/lwip/src/core/ipv6/ethip6.c.obj
[541/1330] Building C object esp-idf/lwip/CMakeFiles/__idf_lwip.dir/lwip/src/core/ipv6/icmp6.c.obj
[542/1330] Building C object esp-idf/lwip/CMakeFiles/__idf_lwip.dir/lwip/src/core/ipv6/inet6.c.obj
[543/1330] Building C object esp-idf/lwip/CMakeFiles/__idf_lwip.dir/lwip/src/core/ipv6/ip6_addr.c.obj
[544/1330] Building C object esp-idf/lwip/CMakeFiles/__idf_lwip.dir/lwip/src/core/ipv6/ip6_frag.c.obj
[545/1330] Building C object esp-idf/lwip/CMakeFiles/__idf_lwip.dir/lwip/src/core/ipv6/ip6.c.obj
[546/1330] Building C object esp-idf/lwip/CMakeFiles/__idf_lwip.dir/lwip/src/core/ipv6/mld6.c.obj
[547/1330] Building C object esp-idf/lwip/CMakeFiles/__idf_lwip.dir/lwip/src/netif/ethernet.c.obj
[548/1330] Building C object esp-idf/lwip/CMakeFiles/__idf_lwip.dir/lwip/src/core/ipv6/nd6.c.obj
[549/1330] Building C object esp-idf/lwip/CMakeFiles/__idf_lwip.dir/lwip/src/netif/bridgeif_fdb.c.obj
[550/1330] Building C object esp-idf/lwip/CMakeFiles/__idf_lwip.dir/lwip/src/netif/bridgeif.c.obj
[551/1330] Building C object esp-idf/lwip/CMakeFiles/__idf_lwip.dir/lwip/src/netif/slipif.c.obj
[552/1330] Building C object esp-idf/lwip/CMakeFiles/__idf_lwip.dir/lwip/src/netif/ppp/ccp.c.obj
[553/1330] Building C object esp-idf/lwip/CMakeFiles/__idf_lwip.dir/lwip/src/netif/ppp/auth.c.obj
[554/1330] Building C object esp-idf/lwip/CMakeFiles/__idf_lwip.dir/lwip/src/netif/ppp/chap-md5.c.obj
[555/1330] Building C object esp-idf/lwip/CMakeFiles/__idf_lwip.dir/lwip/src/netif/ppp/chap_ms.c.obj
[556/1330] Building C object esp-idf/lwip/CMakeFiles/__idf_lwip.dir/lwip/src/netif/ppp/chap-new.c.obj
[557/1330] Building C object esp-idf/lwip/CMakeFiles/__idf_lwip.dir/lwip/src/netif/ppp/demand.c.obj
[558/1330] Building C object esp-idf/lwip/CMakeFiles/__idf_lwip.dir/lwip/src/netif/ppp/eap.c.obj
[559/1330] Building C object esp-idf/lwip/CMakeFiles/__idf_lwip.dir/lwip/src/netif/ppp/ecp.c.obj
[560/1330] Building C object esp-idf/lwip/CMakeFiles/__idf_lwip.dir/lwip/src/netif/ppp/eui64.c.obj
[561/1330] Building C object esp-idf/lwip/CMakeFiles/__idf_lwip.dir/lwip/src/netif/ppp/fsm.c.obj
[562/1330] Building C object esp-idf/lwip/CMakeFiles/__idf_lwip.dir/lwip/src/netif/ppp/ipv6cp.c.obj
[563/1330] Building C object esp-idf/lwip/CMakeFiles/__idf_lwip.dir/lwip/src/netif/ppp/magic.c.obj
[564/1330] Building C object esp-idf/lwip/CMakeFiles/__idf_lwip.dir/lwip/src/netif/ppp/ipcp.c.obj
[565/1330] Building C object esp-idf/lwip/CMakeFiles/__idf_lwip.dir/lwip/src/netif/ppp/lcp.c.obj
[566/1330] Building C object esp-idf/lwip/CMakeFiles/__idf_lwip.dir/lwip/src/netif/ppp/mppe.c.obj
[567/1330] Building C object esp-idf/lwip/CMakeFiles/__idf_lwip.dir/lwip/src/netif/ppp/multilink.c.obj
[568/1330] Building C object esp-idf/lwip/CMakeFiles/__idf_lwip.dir/lwip/src/netif/ppp/ppp.c.obj
[569/1330] Building C object esp-idf/lwip/CMakeFiles/__idf_lwip.dir/lwip/src/netif/ppp/pppcrypt.c.obj
[570/1330] Building C object esp-idf/lwip/CMakeFiles/__idf_lwip.dir/lwip/src/netif/ppp/pppapi.c.obj
[571/1330] Building C object esp-idf/lwip/CMakeFiles/__idf_lwip.dir/lwip/src/netif/ppp/pppoe.c.obj
[572/1330] Building C object esp-idf/lwip/CMakeFiles/__idf_lwip.dir/lwip/src/netif/ppp/pppol2tp.c.obj
[573/1330] Building C object esp-idf/lwip/CMakeFiles/__idf_lwip.dir/lwip/src/netif/ppp/pppos.c.obj
[574/1330] Building C object esp-idf/lwip/CMakeFiles/__idf_lwip.dir/lwip/src/netif/ppp/upap.c.obj
[575/1330] Building C object esp-idf/lwip/CMakeFiles/__idf_lwip.dir/lwip/src/netif/ppp/utils.c.obj
[576/1330] Building C object esp-idf/lwip/CMakeFiles/__idf_lwip.dir/lwip/src/netif/ppp/vj.c.obj
[577/1330] Building C object esp-idf/lwip/CMakeFiles/__idf_lwip.dir/port/hooks/tcp_isn_default.c.obj
[578/1330] Building C object esp-idf/lwip/CMakeFiles/__idf_lwip.dir/port/hooks/lwip_default_hooks.c.obj
[579/1330] Building C object esp-idf/lwip/CMakeFiles/__idf_lwip.dir/port/sockets_ext.c.obj
[580/1330] Building C object esp-idf/lwip/CMakeFiles/__idf_lwip.dir/port/debug/lwip_debug.c.obj
[581/1330] Building C object esp-idf/lwip/CMakeFiles/__idf_lwip.dir/lwip/src/netif/ppp/polarssl/des.c.obj
[582/1330] Building C object esp-idf/lwip/CMakeFiles/__idf_lwip.dir/lwip/src/netif/ppp/polarssl/arc4.c.obj
[583/1330] Building C object esp-idf/lwip/CMakeFiles/__idf_lwip.dir/port/freertos/sys_arch.c.obj
[584/1330] Building C object esp-idf/lwip/CMakeFiles/__idf_lwip.dir/lwip/src/netif/ppp/polarssl/md4.c.obj
[585/1330] Building C object esp-idf/lwip/CMakeFiles/__idf_lwip.dir/lwip/src/netif/ppp/polarssl/sha1.c.obj
[586/1330] Building C object esp-idf/lwip/CMakeFiles/__idf_lwip.dir/lwip/src/netif/ppp/polarssl/md5.c.obj
[587/1330] Building C object esp-idf/lwip/CMakeFiles/__idf_lwip.dir/apps/ping/esp_ping.c.obj
[588/1330] Building C object esp-idf/lwip/CMakeFiles/__idf_lwip.dir/port/esp32xx/vfs_lwip.c.obj
[589/1330] Building C object esp-idf/lwip/CMakeFiles/__idf_lwip.dir/apps/ping/ping.c.obj
[590/1330] Building C object esp-idf/esp_netif/CMakeFiles/__idf_esp_netif.dir/esp_netif_defaults.c.obj
[591/1330] Building C object esp-idf/esp_netif/CMakeFiles/__idf_esp_netif.dir/esp_netif_objects.c.obj
[592/1330] Building C object esp-idf/esp_netif/CMakeFiles/__idf_esp_netif.dir/esp_netif_handlers.c.obj
[593/1330] Building C object esp-idf/lwip/CMakeFiles/__idf_lwip.dir/apps/ping/ping_sock.c.obj
[594/1330] Building C object esp-idf/esp_netif/CMakeFiles/__idf_esp_netif.dir/lwip/esp_netif_lwip_defaults.c.obj
[595/1330] Building C object esp-idf/esp_netif/CMakeFiles/__idf_esp_netif.dir/lwip/esp_netif_sntp.c.obj
[596/1330] Building C object esp-idf/lwip/CMakeFiles/__idf_lwip.dir/apps/dhcpserver/dhcpserver.c.obj
[597/1330] Building C object esp-idf/esp_netif/CMakeFiles/__idf_esp_netif.dir/lwip/netif/wlanif.c.obj
[598/1330] Building C object esp-idf/esp_netif/CMakeFiles/__idf_esp_netif.dir/lwip/netif/ethernetif.c.obj
[599/1330] Building C object esp-idf/esp_netif/CMakeFiles/__idf_esp_netif.dir/lwip/netif/esp_pbuf_ref.c.obj
[600/1330] Building C object esp-idf/esp_netif/CMakeFiles/__idf_esp_netif.dir/lwip/esp_netif_lwip.c.obj
[601/1330] Building C object esp-idf/esp_netif/CMakeFiles/__idf_esp_netif.dir/lwip/netif/ppp.c.obj
[602/1330] Building C object esp-idf/esp_netif/CMakeFiles/__idf_esp_netif.dir/lwip/esp_netif_lwip_ppp.c.obj
[603/1330] Building C object esp-idf/wpa_supplicant/CMakeFiles/__idf_wpa_supplicant.dir/port/os_xtensa.c.obj
[604/1330] Building C object esp-idf/wpa_supplicant/CMakeFiles/__idf_wpa_supplicant.dir/port/eloop.c.obj
[605/1330] Building C object esp-idf/wpa_supplicant/CMakeFiles/__idf_wpa_supplicant.dir/src/ap/ap_config.c.obj
[606/1330] Building C object esp-idf/wpa_supplicant/CMakeFiles/__idf_wpa_supplicant.dir/src/ap/ieee802_1x.c.obj
[607/1330] Building C object esp-idf/wpa_supplicant/CMakeFiles/__idf_wpa_supplicant.dir/src/ap/wpa_auth_ie.c.obj
[608/1330] Building C object esp-idf/wpa_supplicant/CMakeFiles/__idf_wpa_supplicant.dir/src/ap/pmksa_cache_auth.c.obj
[609/1330] Building C object esp-idf/wpa_supplicant/CMakeFiles/__idf_wpa_supplicant.dir/src/ap/sta_info.c.obj
[610/1330] Building C object esp-idf/wpa_supplicant/CMakeFiles/__idf_wpa_supplicant.dir/src/ap/wpa_auth.c.obj
[611/1330] Building C object esp-idf/wpa_supplicant/CMakeFiles/__idf_wpa_supplicant.dir/src/ap/comeback_token.c.obj
[612/1330] Building C object esp-idf/wpa_supplicant/CMakeFiles/__idf_wpa_supplicant.dir/src/ap/ieee802_11.c.obj
[613/1330] Building C object esp-idf/wpa_supplicant/CMakeFiles/__idf_wpa_supplicant.dir/src/common/dragonfly.c.obj
[614/1330] Building C object esp-idf/wpa_supplicant/CMakeFiles/__idf_wpa_supplicant.dir/src/utils/bitfield.c.obj
[615/1330] Building C object esp-idf/wpa_supplicant/CMakeFiles/__idf_wpa_supplicant.dir/src/common/wpa_common.c.obj
[616/1330] Building C object esp-idf/wpa_supplicant/CMakeFiles/__idf_wpa_supplicant.dir/src/crypto/aes-siv.c.obj
[617/1330] Building C object esp-idf/wpa_supplicant/CMakeFiles/__idf_wpa_supplicant.dir/src/crypto/sha256-kdf.c.obj
[618/1330] Building C object esp-idf/wpa_supplicant/CMakeFiles/__idf_wpa_supplicant.dir/src/common/sae.c.obj
[619/1330] Building C object esp-idf/wpa_supplicant/CMakeFiles/__idf_wpa_supplicant.dir/src/crypto/ccmp.c.obj
[620/1330] Building C object esp-idf/wpa_supplicant/CMakeFiles/__idf_wpa_supplicant.dir/src/crypto/crypto_ops.c.obj
[621/1330] Building C object esp-idf/wpa_supplicant/CMakeFiles/__idf_wpa_supplicant.dir/src/crypto/dh_group5.c.obj
[622/1330] Building C object esp-idf/wpa_supplicant/CMakeFiles/__idf_wpa_supplicant.dir/src/crypto/aes-gcm.c.obj
[623/1330] Building C object esp-idf/wpa_supplicant/CMakeFiles/__idf_wpa_supplicant.dir/src/crypto/dh_groups.c.obj
[624/1330] Building C object esp-idf/wpa_supplicant/CMakeFiles/__idf_wpa_supplicant.dir/src/crypto/ms_funcs.c.obj
[625/1330] Building C object esp-idf/wpa_supplicant/CMakeFiles/__idf_wpa_supplicant.dir/src/crypto/sha1-tlsprf.c.obj
[626/1330] Building C object esp-idf/wpa_supplicant/CMakeFiles/__idf_wpa_supplicant.dir/src/crypto/sha256-tlsprf.c.obj
[627/1330] Building C object esp-idf/wpa_supplicant/CMakeFiles/__idf_wpa_supplicant.dir/src/crypto/sha384-tlsprf.c.obj
[628/1330] Building C object esp-idf/wpa_supplicant/CMakeFiles/__idf_wpa_supplicant.dir/src/crypto/sha256-prf.c.obj
[629/1330] Building C object esp-idf/wpa_supplicant/CMakeFiles/__idf_wpa_supplicant.dir/src/crypto/sha1-prf.c.obj
[630/1330] Building C object esp-idf/wpa_supplicant/CMakeFiles/__idf_wpa_supplicant.dir/src/crypto/sha384-prf.c.obj
[631/1330] Building C object esp-idf/wpa_supplicant/CMakeFiles/__idf_wpa_supplicant.dir/src/crypto/sha1-tprf.c.obj
[632/1330] Building C object esp-idf/wpa_supplicant/CMakeFiles/__idf_wpa_supplicant.dir/src/crypto/md4-internal.c.obj
[633/1330] Building C object esp-idf/wpa_supplicant/CMakeFiles/__idf_wpa_supplicant.dir/src/eap_common/eap_wsc_common.c.obj
[634/1330] Building C object esp-idf/wpa_supplicant/CMakeFiles/__idf_wpa_supplicant.dir/src/common/ieee802_11_common.c.obj
[635/1330] Building C object esp-idf/wpa_supplicant/CMakeFiles/__idf_wpa_supplicant.dir/src/eap_peer/chap.c.obj
[636/1330] Building C object esp-idf/wpa_supplicant/CMakeFiles/__idf_wpa_supplicant.dir/src/eap_peer/eap_common.c.obj
[637/1330] Building C object esp-idf/wpa_supplicant/CMakeFiles/__idf_wpa_supplicant.dir/src/eap_peer/eap.c.obj
[638/1330] Building C object esp-idf/wpa_supplicant/CMakeFiles/__idf_wpa_supplicant.dir/src/eap_peer/eap_mschapv2.c.obj
[639/1330] Building C object esp-idf/wpa_supplicant/CMakeFiles/__idf_wpa_supplicant.dir/src/eap_peer/eap_peap_common.c.obj
[640/1330] Building C object esp-idf/wpa_supplicant/CMakeFiles/__idf_wpa_supplicant.dir/src/eap_peer/eap_peap.c.obj
[641/1330] Building C object esp-idf/wpa_supplicant/CMakeFiles/__idf_wpa_supplicant.dir/src/eap_peer/eap_tls.c.obj
[642/1330] Building C object esp-idf/wpa_supplicant/CMakeFiles/__idf_wpa_supplicant.dir/src/eap_peer/mschapv2.c.obj
[643/1330] Building C object esp-idf/wpa_supplicant/CMakeFiles/__idf_wpa_supplicant.dir/src/eap_peer/eap_tls_common.c.obj
[644/1330] Building C object esp-idf/wpa_supplicant/CMakeFiles/__idf_wpa_supplicant.dir/src/eap_peer/eap_fast_common.c.obj
[645/1330] Building C object esp-idf/wpa_supplicant/CMakeFiles/__idf_wpa_supplicant.dir/src/eap_peer/eap_ttls.c.obj
[646/1330] Building C object esp-idf/wpa_supplicant/CMakeFiles/__idf_wpa_supplicant.dir/src/eap_peer/eap_fast_pac.c.obj
[647/1330] Building C object esp-idf/wpa_supplicant/CMakeFiles/__idf_wpa_supplicant.dir/src/eap_peer/eap_fast.c.obj
[648/1330] Building C object esp-idf/wpa_supplicant/CMakeFiles/__idf_wpa_supplicant.dir/src/rsn_supp/pmksa_cache.c.obj
[649/1330] Building C object esp-idf/wpa_supplicant/CMakeFiles/__idf_wpa_supplicant.dir/src/utils/base64.c.obj
[650/1330] Building C object esp-idf/wpa_supplicant/CMakeFiles/__idf_wpa_supplicant.dir/src/rsn_supp/wpa_ie.c.obj
[651/1330] Building C object esp-idf/wpa_supplicant/CMakeFiles/__idf_wpa_supplicant.dir/src/rsn_supp/wpa.c.obj
[652/1330] Building C object esp-idf/wpa_supplicant/CMakeFiles/__idf_wpa_supplicant.dir/src/utils/ext_password.c.obj
[653/1330] Building C object esp-idf/wpa_supplicant/CMakeFiles/__idf_wpa_supplicant.dir/src/utils/common.c.obj
[654/1330] Building C object esp-idf/wpa_supplicant/CMakeFiles/__idf_wpa_supplicant.dir/src/utils/uuid.c.obj
[655/1330] Building C object esp-idf/wpa_supplicant/CMakeFiles/__idf_wpa_supplicant.dir/src/utils/wpa_debug.c.obj
[656/1330] Building C object esp-idf/wpa_supplicant/CMakeFiles/__idf_wpa_supplicant.dir/src/utils/wpabuf.c.obj
[657/1330] Building C object esp-idf/wpa_supplicant/CMakeFiles/__idf_wpa_supplicant.dir/src/wps/wps.c.obj
[658/1330] Building C object esp-idf/wpa_supplicant/CMakeFiles/__idf_wpa_supplicant.dir/src/utils/json.c.obj
[659/1330] Building C object esp-idf/wpa_supplicant/CMakeFiles/__idf_wpa_supplicant.dir/src/wps/wps_attr_parse.c.obj
[660/1330] Building C object esp-idf/wpa_supplicant/CMakeFiles/__idf_wpa_supplicant.dir/src/wps/wps_attr_build.c.obj
[661/1330] Building C object esp-idf/wpa_supplicant/CMakeFiles/__idf_wpa_supplicant.dir/src/wps/wps_attr_process.c.obj
[662/1330] Building C object esp-idf/wpa_supplicant/CMakeFiles/__idf_wpa_supplicant.dir/src/wps/wps_common.c.obj
[663/1330] Building C object esp-idf/wpa_supplicant/CMakeFiles/__idf_wpa_supplicant.dir/esp_supplicant/src/esp_wpa2_api_port.c.obj
[664/1330] Building C object esp-idf/wpa_supplicant/CMakeFiles/__idf_wpa_supplicant.dir/src/wps/wps_dev_attr.c.obj
[665/1330] Building C object esp-idf/wpa_supplicant/CMakeFiles/__idf_wpa_supplicant.dir/src/wps/wps_enrollee.c.obj
[666/1330] Building C object esp-idf/wpa_supplicant/CMakeFiles/__idf_wpa_supplicant.dir/src/common/sae_pk.c.obj
[667/1330] Building C object esp-idf/wpa_supplicant/CMakeFiles/__idf_wpa_supplicant.dir/esp_supplicant/src/esp_eap_client.c.obj
[668/1330] Building C object esp-idf/wpa_supplicant/CMakeFiles/__idf_wpa_supplicant.dir/esp_supplicant/src/esp_wpa_main.c.obj
[669/1330] Building C object esp-idf/wpa_supplicant/CMakeFiles/__idf_wpa_supplicant.dir/esp_supplicant/src/esp_wpas_glue.c.obj
[670/1330] Building C object esp-idf/wpa_supplicant/CMakeFiles/__idf_wpa_supplicant.dir/esp_supplicant/src/esp_owe.c.obj
[671/1330] Building C object esp-idf/wpa_supplicant/CMakeFiles/__idf_wpa_supplicant.dir/esp_supplicant/src/esp_common.c.obj
[672/1330] Building C object esp-idf/wpa_supplicant/CMakeFiles/__idf_wpa_supplicant.dir/esp_supplicant/src/esp_hostap.c.obj
[673/1330] Building C object esp-idf/wpa_supplicant/CMakeFiles/__idf_wpa_supplicant.dir/esp_supplicant/src/esp_wpa3.c.obj
[674/1330] Building C object esp-idf/wpa_supplicant/CMakeFiles/__idf_wpa_supplicant.dir/esp_supplicant/src/crypto/fastpbkdf2.c.obj
[675/1330] Building C object esp-idf/wpa_supplicant/CMakeFiles/__idf_wpa_supplicant.dir/esp_supplicant/src/crypto/crypto_mbedtls.c.obj
[676/1330] Building C object esp-idf/wpa_supplicant/CMakeFiles/__idf_wpa_supplicant.dir/esp_supplicant/src/crypto/tls_mbedtls.c.obj
[677/1330] Building C object esp-idf/wpa_supplicant/CMakeFiles/__idf_wpa_supplicant.dir/esp_supplicant/src/esp_wps.c.obj
[678/1330] Building C object esp-idf/wpa_supplicant/CMakeFiles/__idf_wpa_supplicant.dir/src/crypto/rc4.c.obj
[679/1330] Building C object esp-idf/wpa_supplicant/CMakeFiles/__idf_wpa_supplicant.dir/src/crypto/des-internal.c.obj
[680/1330] Building C object esp-idf/wpa_supplicant/CMakeFiles/__idf_wpa_supplicant.dir/src/crypto/aes-wrap.c.obj
[681/1330] Building C object esp-idf/wpa_supplicant/CMakeFiles/__idf_wpa_supplicant.dir/esp_supplicant/src/crypto/crypto_mbedtls-bignum.c.obj
[682/1330] Building C object esp-idf/wpa_supplicant/CMakeFiles/__idf_wpa_supplicant.dir/esp_supplicant/src/crypto/crypto_mbedtls-rsa.c.obj
[683/1330] Building C object esp-idf/esp_coex/CMakeFiles/__idf_esp_coex.dir/src/coexist.c.obj
[684/1330] Building C object esp-idf/wpa_supplicant/CMakeFiles/__idf_wpa_supplicant.dir/esp_supplicant/src/crypto/crypto_mbedtls-ec.c.obj
[685/1330] Building C object esp-idf/wpa_supplicant/CMakeFiles/__idf_wpa_supplicant.dir/src/crypto/aes-unwrap.c.obj
[686/1330] Building C object esp-idf/wpa_supplicant/CMakeFiles/__idf_wpa_supplicant.dir/src/crypto/aes-ccm.c.obj
[687/1330] Building C object esp-idf/esp_wifi/CMakeFiles/__idf_esp_wifi.dir/src/mesh_event.c.obj
[688/1330] Building C object esp-idf/esp_wifi/CMakeFiles/__idf_esp_wifi.dir/src/smartconfig.c.obj
[689/1330] Building C object esp-idf/esp_coex/CMakeFiles/__idf_esp_coex.dir/esp32/esp_coex_adapter.c.obj
[690/1330] Building C object esp-idf/esp_wifi/CMakeFiles/__idf_esp_wifi.dir/src/wifi_default_ap.c.obj
[691/1330] Building C object esp-idf/esp_wifi/CMakeFiles/__idf_esp_wifi.dir/src/wifi_default.c.obj
[692/1330] Building C object esp-idf/esp_wifi/CMakeFiles/__idf_esp_wifi.dir/src/wifi_init.c.obj
[693/1330] Building C object esp-idf/esp_wifi/CMakeFiles/__idf_esp_wifi.dir/src/wifi_netif.c.obj
[694/1330] Building ASM object esp-idf/bt/CMakeFiles/__idf_bt.dir/controller/esp32/hli_vectors.S.obj
[695/1330] Building C object esp-idf/esp_wifi/CMakeFiles/__idf_esp_wifi.dir/esp32/esp_adapter.c.obj
[696/1330] Building C object esp-idf/esp_wifi/CMakeFiles/__idf_esp_wifi.dir/src/smartconfig_ack.c.obj
[697/1330] Building C object esp-idf/bt/CMakeFiles/__idf_bt.dir/common/btc/core/btc_alarm.c.obj
[698/1330] Building C object esp-idf/bt/CMakeFiles/__idf_bt.dir/controller/esp32/hli_api.c.obj
[699/1330] Building C object esp-idf/bt/CMakeFiles/__idf_bt.dir/common/api/esp_blufi_api.c.obj
[700/1330] Building C object esp-idf/bt/CMakeFiles/__idf_bt.dir/controller/esp32/bt.c.obj
[701/1330] Building C object esp-idf/bt/CMakeFiles/__idf_bt.dir/common/hci_log/bt_hci_log.c.obj
[702/1330] Building C object esp-idf/bt/CMakeFiles/__idf_bt.dir/common/btc/core/btc_manage.c.obj
[703/1330] Building C object esp-idf/bt/CMakeFiles/__idf_bt.dir/common/btc/core/btc_task.c.obj
[704/1330] Building C object esp-idf/bt/CMakeFiles/__idf_bt.dir/common/btc/profile/esp/blufi/blufi_protocol.c.obj
[705/1330] Building C object esp-idf/bt/CMakeFiles/__idf_bt.dir/common/osi/allocator.c.obj
[706/1330] Building C object esp-idf/bt/CMakeFiles/__idf_bt.dir/common/osi/buffer.c.obj
[707/1330] Building C object esp-idf/bt/CMakeFiles/__idf_bt.dir/common/btc/profile/esp/blufi/blufi_prf.c.obj
[708/1330] Building C object esp-idf/bt/CMakeFiles/__idf_bt.dir/common/osi/alarm.c.obj
[709/1330] Building C object esp-idf/bt/CMakeFiles/__idf_bt.dir/common/osi/config.c.obj
[710/1330] Building C object esp-idf/bt/CMakeFiles/__idf_bt.dir/common/osi/hash_functions.c.obj
[711/1330] Building C object esp-idf/bt/CMakeFiles/__idf_bt.dir/common/osi/fixed_queue.c.obj
[712/1330] Building C object esp-idf/bt/CMakeFiles/__idf_bt.dir/common/osi/pkt_queue.c.obj
[713/1330] Building C object esp-idf/bt/CMakeFiles/__idf_bt.dir/common/osi/future.c.obj
[714/1330] Building C object esp-idf/bt/CMakeFiles/__idf_bt.dir/common/osi/fixed_pkt_queue.c.obj
[715/1330] Building C object esp-idf/bt/CMakeFiles/__idf_bt.dir/common/osi/hash_map.c.obj
[716/1330] Building C object esp-idf/bt/CMakeFiles/__idf_bt.dir/common/osi/list.c.obj
[717/1330] Building C object esp-idf/bt/CMakeFiles/__idf_bt.dir/porting/mem/bt_osi_mem.c.obj
[718/1330] Building C object esp-idf/bt/CMakeFiles/__idf_bt.dir/common/osi/mutex.c.obj
[719/1330] Building C object esp-idf/bt/CMakeFiles/__idf_bt.dir/common/osi/osi.c.obj
[720/1330] Building C object esp-idf/bt/CMakeFiles/__idf_bt.dir/common/osi/semaphore.c.obj
[721/1330] Building C object esp-idf/bt/CMakeFiles/__idf_bt.dir/common/osi/thread.c.obj
[722/1330] Building C object esp-idf/bt/CMakeFiles/__idf_bt.dir/host/nimble/nimble/nimble/transport/src/transport.c.obj
[723/1330] Building C object esp-idf/bt/CMakeFiles/__idf_bt.dir/host/nimble/nimble/nimble/host/services/gatt/src/ble_svc_gatt.c.obj
[724/1330] Building C object esp-idf/bt/CMakeFiles/__idf_bt.dir/host/nimble/nimble/nimble/host/util/src/addr.c.obj
[725/1330] Building C object esp-idf/bt/CMakeFiles/__idf_bt.dir/host/nimble/nimble/nimble/host/services/ias/src/ble_svc_ias.c.obj
[726/1330] Building C object esp-idf/bt/CMakeFiles/__idf_bt.dir/host/nimble/nimble/nimble/host/services/tps/src/ble_svc_tps.c.obj
[727/1330] Building C object esp-idf/bt/CMakeFiles/__idf_bt.dir/host/nimble/nimble/nimble/host/services/ipss/src/ble_svc_ipss.c.obj
[728/1330] Building C object esp-idf/bt/CMakeFiles/__idf_bt.dir/host/nimble/nimble/nimble/host/services/ans/src/ble_svc_ans.c.obj
[729/1330] Building C object esp-idf/bt/CMakeFiles/__idf_bt.dir/host/nimble/nimble/nimble/host/services/gap/src/ble_svc_gap.c.obj
[730/1330] Building C object esp-idf/bt/CMakeFiles/__idf_bt.dir/host/nimble/nimble/nimble/host/services/htp/src/ble_svc_htp.c.obj
[731/1330] Building C object esp-idf/bt/CMakeFiles/__idf_bt.dir/host/nimble/nimble/nimble/host/services/bas/src/ble_svc_bas.c.obj
[732/1330] Building C object esp-idf/bt/CMakeFiles/__idf_bt.dir/host/nimble/nimble/nimble/host/services/hr/src/ble_svc_hr.c.obj
[733/1330] Building C object esp-idf/bt/CMakeFiles/__idf_bt.dir/host/nimble/nimble/nimble/host/services/dis/src/ble_svc_dis.c.obj
[734/1330] Building C object esp-idf/bt/CMakeFiles/__idf_bt.dir/host/nimble/nimble/nimble/host/services/hid/src/ble_svc_hid.c.obj
[735/1330] Building C object esp-idf/bt/CMakeFiles/__idf_bt.dir/host/nimble/nimble/nimble/host/services/lls/src/ble_svc_lls.c.obj
[736/1330] Building C object esp-idf/bt/CMakeFiles/__idf_bt.dir/host/nimble/nimble/nimble/host/services/prox/src/ble_svc_prox.c.obj
[737/1330] Building C object esp-idf/bt/CMakeFiles/__idf_bt.dir/host/nimble/nimble/nimble/host/src/ble_hs_shutdown.c.obj
[738/1330] Building C object esp-idf/bt/CMakeFiles/__idf_bt.dir/host/nimble/nimble/nimble/host/services/sps/src/ble_svc_sps.c.obj
[739/1330] Building C object esp-idf/bt/CMakeFiles/__idf_bt.dir/host/nimble/nimble/nimble/host/services/cts/src/ble_svc_cts.c.obj
[740/1330] Building C object esp-idf/bt/CMakeFiles/__idf_bt.dir/host/nimble/nimble/nimble/host/src/ble_store_util.c.obj
[741/1330] Building C object esp-idf/bt/CMakeFiles/__idf_bt.dir/host/nimble/nimble/nimble/host/src/ble_hs_conn.c.obj
[742/1330] Building C object esp-idf/bt/CMakeFiles/__idf_bt.dir/host/nimble/nimble/nimble/host/src/ble_l2cap_sig_cmd.c.obj
[743/1330] Building C object esp-idf/bt/CMakeFiles/__idf_bt.dir/host/nimble/nimble/nimble/host/src/ble_hs_hci_cmd.c.obj
[744/1330] Building C object esp-idf/bt/CMakeFiles/__idf_bt.dir/host/nimble/nimble/nimble/host/src/ble_hs_id.c.obj
[745/1330] Building C object esp-idf/bt/CMakeFiles/__idf_bt.dir/host/nimble/nimble/nimble/host/src/ble_sm.c.obj
[746/1330] Building C object esp-idf/bt/CMakeFiles/__idf_bt.dir/host/nimble/nimble/nimble/host/src/ble_gatts_lcl.c.obj
[747/1330] Building C object esp-idf/bt/CMakeFiles/__idf_bt.dir/host/nimble/nimble/nimble/host/src/ble_att_svr.c.obj
[748/1330] Building C object esp-idf/bt/CMakeFiles/__idf_bt.dir/host/nimble/nimble/nimble/host/src/ble_ibeacon.c.obj
[749/1330] Building C object esp-idf/bt/CMakeFiles/__idf_bt.dir/host/nimble/nimble/nimble/host/src/ble_hs_atomic.c.obj
[750/1330] Building C object esp-idf/bt/CMakeFiles/__idf_bt.dir/host/nimble/nimble/nimble/host/src/ble_hs_stop.c.obj
[751/1330] Building C object esp-idf/bt/CMakeFiles/__idf_bt.dir/host/nimble/nimble/nimble/host/src/ble_hs.c.obj
[752/1330] Building C object esp-idf/bt/CMakeFiles/__idf_bt.dir/host/nimble/nimble/nimble/host/src/ble_sm_alg.c.obj
[753/1330] Building C object esp-idf/bt/CMakeFiles/__idf_bt.dir/host/nimble/nimble/nimble/host/src/ble_hs_mqueue.c.obj
[754/1330] Building C object esp-idf/bt/CMakeFiles/__idf_bt.dir/host/nimble/nimble/nimble/host/src/ble_hs_hci_evt.c.obj
[755/1330] Building C object esp-idf/bt/CMakeFiles/__idf_bt.dir/host/nimble/nimble/nimble/host/src/ble_hs_periodic_sync.c.obj
[756/1330] Building C object esp-idf/bt/CMakeFiles/__idf_bt.dir/host/nimble/nimble/nimble/host/src/ble_att.c.obj
[757/1330] Building C object esp-idf/bt/CMakeFiles/__idf_bt.dir/host/nimble/nimble/nimble/host/src/ble_store.c.obj
[758/1330] Building C object esp-idf/bt/CMakeFiles/__idf_bt.dir/host/nimble/nimble/nimble/host/src/ble_ead.c.obj
[759/1330] Building C object esp-idf/bt/CMakeFiles/__idf_bt.dir/host/nimble/nimble/nimble/host/src/ble_sm_lgcy.c.obj
[760/1330] Building C object esp-idf/bt/CMakeFiles/__idf_bt.dir/host/nimble/nimble/nimble/host/src/ble_hs_cfg.c.obj
[761/1330] Building C object esp-idf/bt/CMakeFiles/__idf_bt.dir/host/nimble/nimble/nimble/host/src/ble_aes_ccm.c.obj
[762/1330] Building C object esp-idf/bt/CMakeFiles/__idf_bt.dir/host/nimble/nimble/nimble/host/src/ble_gattc.c.obj
[763/1330] Building C object esp-idf/bt/CMakeFiles/__idf_bt.dir/host/nimble/nimble/nimble/host/src/ble_l2cap_coc.c.obj
[764/1330] Building C object esp-idf/bt/CMakeFiles/__idf_bt.dir/host/nimble/nimble/nimble/host/src/ble_hs_mbuf.c.obj
[765/1330] Building C object esp-idf/bt/CMakeFiles/__idf_bt.dir/host/nimble/nimble/nimble/host/src/ble_att_clt.c.obj
[766/1330] Building C object esp-idf/bt/CMakeFiles/__idf_bt.dir/host/nimble/nimble/nimble/host/src/ble_hs_log.c.obj
[767/1330] Building C object esp-idf/bt/CMakeFiles/__idf_bt.dir/host/nimble/nimble/nimble/host/src/ble_att_cmd.c.obj
[768/1330] Building C object esp-idf/bt/CMakeFiles/__idf_bt.dir/host/nimble/nimble/nimble/host/src/ble_eddystone.c.obj
[769/1330] Building C object esp-idf/bt/CMakeFiles/__idf_bt.dir/host/nimble/nimble/nimble/host/src/ble_hs_startup.c.obj
[770/1330] Building C object esp-idf/bt/CMakeFiles/__idf_bt.dir/host/nimble/nimble/nimble/host/src/ble_l2cap_sig.c.obj
[771/1330] Building C object esp-idf/bt/CMakeFiles/__idf_bt.dir/host/nimble/nimble/nimble/host/src/ble_sm_cmd.c.obj
[772/1330] Building C object esp-idf/bt/CMakeFiles/__idf_bt.dir/host/nimble/nimble/nimble/host/src/ble_uuid.c.obj
[773/1330] Building C object esp-idf/bt/CMakeFiles/__idf_bt.dir/host/nimble/nimble/nimble/host/src/ble_gap.c.obj
[774/1330] Building C object esp-idf/bt/CMakeFiles/__idf_bt.dir/host/nimble/nimble/nimble/host/src/ble_hs_pvcy.c.obj
[775/1330] Building C object esp-idf/bt/CMakeFiles/__idf_bt.dir/host/nimble/nimble/nimble/host/src/ble_hs_flow.c.obj
[776/1330] Building C object esp-idf/bt/CMakeFiles/__idf_bt.dir/host/nimble/nimble/nimble/host/src/ble_l2cap.c.obj
[777/1330] Building C object esp-idf/bt/CMakeFiles/__idf_bt.dir/host/nimble/nimble/nimble/host/src/ble_sm_sc.c.obj
[778/1330] Building C object esp-idf/bt/CMakeFiles/__idf_bt.dir/host/nimble/nimble/nimble/host/src/ble_hs_misc.c.obj
[779/1330] Building C object esp-idf/bt/CMakeFiles/__idf_bt.dir/host/nimble/nimble/nimble/host/src/ble_gatts.c.obj
[780/1330] Building C object esp-idf/bt/CMakeFiles/__idf_bt.dir/host/nimble/nimble/nimble/host/src/ble_hs_adv.c.obj
[781/1330] Building C object esp-idf/bt/CMakeFiles/__idf_bt.dir/host/nimble/nimble/nimble/host/store/config/src/ble_store_nvs.c.obj
[782/1330] Building C object esp-idf/bt/CMakeFiles/__idf_bt.dir/host/nimble/nimble/nimble/host/src/ble_hs_hci.c.obj
[783/1330] Building C object esp-idf/bt/CMakeFiles/__idf_bt.dir/host/nimble/nimble/nimble/host/src/ble_hs_hci_util.c.obj
[784/1330] Building C object esp-idf/bt/CMakeFiles/__idf_bt.dir/host/nimble/nimble/nimble/host/src/ble_hs_resolv.c.obj
[785/1330] Building C object esp-idf/bt/CMakeFiles/__idf_bt.dir/host/nimble/nimble/nimble/host/store/ram/src/ble_store_ram.c.obj
[786/1330] Building C object esp-idf/bt/CMakeFiles/__idf_bt.dir/host/nimble/port/src/nvs_port.c.obj
[787/1330] Building C object esp-idf/bt/CMakeFiles/__idf_bt.dir/host/nimble/nimble/nimble/host/store/config/src/ble_store_config.c.obj
[788/1330] Building C object esp-idf/bt/CMakeFiles/__idf_bt.dir/host/nimble/nimble/nimble/host/src/ble_gattc_cache.c.obj
[789/1330] Building C object esp-idf/bt/CMakeFiles/__idf_bt.dir/host/nimble/nimble/porting/nimble/src/endian.c.obj
[790/1330] Building C object esp-idf/bt/CMakeFiles/__idf_bt.dir/host/nimble/nimble/nimble/host/src/ble_gattc_cache_conn.c.obj
[791/1330] Building C object esp-idf/bt/CMakeFiles/__idf_bt.dir/host/nimble/nimble/porting/npl/freertos/src/nimble_port_freertos.c.obj
[792/1330] Building C object esp-idf/bt/CMakeFiles/__idf_bt.dir/host/nimble/nimble/porting/nimble/src/nimble_port.c.obj
[793/1330] Building C object esp-idf/bt/CMakeFiles/__idf_bt.dir/host/nimble/nimble/porting/nimble/src/mem.c.obj
[794/1330] Building C object esp-idf/bt/CMakeFiles/__idf_bt.dir/host/nimble/nimble/porting/nimble/src/os_mempool.c.obj
[795/1330] Building C object esp-idf/bt/CMakeFiles/__idf_bt.dir/host/nimble/nimble/porting/nimble/src/os_msys_init.c.obj
[796/1330] Building C object esp-idf/bt/CMakeFiles/__idf_bt.dir/host/nimble/nimble/porting/nimble/src/os_mbuf.c.obj
[797/1330] Building C object esp-idf/unity/CMakeFiles/__idf_unity.dir/unity_runner.c.obj
[798/1330] Building C object esp-idf/bt/CMakeFiles/__idf_bt.dir/host/nimble/nimble/porting/npl/freertos/src/npl_os_freertos.c.obj
[799/1330] Building C object esp-idf/bt/CMakeFiles/__idf_bt.dir/host/nimble/esp-hci/src/esp_nimble_hci.c.obj
[800/1330] Building C object esp-idf/unity/CMakeFiles/__idf_unity.dir/unity/src/unity.c.obj
[801/1330] Building C object esp-idf/unity/CMakeFiles/__idf_unity.dir/unity_utils_freertos.c.obj
[802/1330] Building C object esp-idf/unity/CMakeFiles/__idf_unity.dir/unity_utils_cache.c.obj
[803/1330] Building C object esp-idf/unity/CMakeFiles/__idf_unity.dir/unity_utils_memory.c.obj
[804/1330] Building C object esp-idf/unity/CMakeFiles/__idf_unity.dir/unity_port_esp32.c.obj
[805/1330] Building C object esp-idf/cmock/CMakeFiles/__idf_cmock.dir/CMock/src/cmock.c.obj
[806/1330] Building C object esp-idf/unity/CMakeFiles/__idf_unity.dir/port/esp/unity_utils_memory_esp.c.obj
[807/1330] Building C object esp-idf/console/CMakeFiles/__idf_console.dir/split_argv.c.obj
[808/1330] Building C object esp-idf/console/CMakeFiles/__idf_console.dir/commands.c.obj
[809/1330] Building C object esp-idf/console/CMakeFiles/__idf_console.dir/argtable3/arg_cmd.c.obj
[810/1330] Building C object esp-idf/console/CMakeFiles/__idf_console.dir/esp_console_repl.c.obj
[811/1330] Building C object esp-idf/console/CMakeFiles/__idf_console.dir/argtable3/arg_date.c.obj
[812/1330] Building C object esp-idf/console/CMakeFiles/__idf_console.dir/linenoise/linenoise.c.obj
[813/1330] Building C object esp-idf/console/CMakeFiles/__idf_console.dir/argtable3/arg_dbl.c.obj
[814/1330] Building C object esp-idf/console/CMakeFiles/__idf_console.dir/argtable3/arg_dstr.c.obj
[815/1330] Building C object esp-idf/bt/CMakeFiles/__idf_bt.dir/common/btc/profile/esp/blufi/nimble_host/esp_blufi.c.obj
[816/1330] Building C object esp-idf/console/CMakeFiles/__idf_console.dir/argtable3/arg_hashtable.c.obj
[817/1330] Building C object esp-idf/console/CMakeFiles/__idf_console.dir/argtable3/arg_end.c.obj
[818/1330] Building C object esp-idf/console/CMakeFiles/__idf_console.dir/argtable3/arg_file.c.obj
[819/1330] Building C object esp-idf/console/CMakeFiles/__idf_console.dir/argtable3/arg_int.c.obj
[820/1330] Building C object esp-idf/console/CMakeFiles/__idf_console.dir/argtable3/arg_lit.c.obj
[821/1330] Building C object esp-idf/console/CMakeFiles/__idf_console.dir/argtable3/arg_rem.c.obj
[822/1330] Building C object esp-idf/console/CMakeFiles/__idf_console.dir/argtable3/arg_str.c.obj
[823/1330] Building C object esp-idf/console/CMakeFiles/__idf_console.dir/argtable3/arg_utils.c.obj
[824/1330] Building C object esp-idf/console/CMakeFiles/__idf_console.dir/argtable3/arg_rex.c.obj
[825/1330] Building C object esp-idf/esp-tls/CMakeFiles/__idf_esp-tls.dir/esp-tls-crypto/esp_tls_crypto.c.obj
[826/1330] Building C object esp-idf/esp-tls/CMakeFiles/__idf_esp-tls.dir/esp_tls_platform_port.c.obj
[827/1330] Building C object esp-idf/console/CMakeFiles/__idf_console.dir/argtable3/argtable3.c.obj
[828/1330] Building C object esp-idf/http_parser/CMakeFiles/__idf_http_parser.dir/http_parser.c.obj
[829/1330] Building C object esp-idf/esp_adc/CMakeFiles/__idf_esp_adc.dir/adc_cali.c.obj
[830/1330] Building C object esp-idf/esp_adc/CMakeFiles/__idf_esp_adc.dir/adc_cali_curve_fitting.c.obj
[831/1330] Building C object esp-idf/esp-tls/CMakeFiles/__idf_esp-tls.dir/esp_tls_error_capture.c.obj
[832/1330] Building C object esp-idf/esp_adc/CMakeFiles/__idf_esp_adc.dir/deprecated/esp_adc_cal_common_legacy.c.obj
[833/1330] Building C object esp-idf/esp-tls/CMakeFiles/__idf_esp-tls.dir/esp_tls.c.obj
[834/1330] Building C object esp-idf/esp_adc/CMakeFiles/__idf_esp_adc.dir/adc_common.c.obj
[835/1330] Building C object esp-idf/esp_adc/CMakeFiles/__idf_esp_adc.dir/adc_oneshot.c.obj
[836/1330] Building C object esp-idf/esp_adc/CMakeFiles/__idf_esp_adc.dir/esp32/adc_cali_line_fitting.c.obj
[837/1330] Building C object esp-idf/esp_adc/CMakeFiles/__idf_esp_adc.dir/adc_continuous.c.obj
[838/1330] Building C object esp-idf/esp-tls/CMakeFiles/__idf_esp-tls.dir/esp_tls_mbedtls.c.obj
[839/1330] Building C object esp-idf/esp_adc/CMakeFiles/__idf_esp_adc.dir/deprecated/esp32/esp_adc_cal_legacy.c.obj
[840/1330] Building C object esp-idf/esp_eth/CMakeFiles/__idf_esp_eth.dir/src/esp_eth_netif_glue.c.obj
[841/1330] Building C object esp-idf/esp_eth/CMakeFiles/__idf_esp_eth.dir/src/esp_eth.c.obj
[842/1330] Building C object esp-idf/esp_eth/CMakeFiles/__idf_esp_eth.dir/src/esp_eth_phy_802_3.c.obj
[843/1330] Building C object esp-idf/esp_eth/CMakeFiles/__idf_esp_eth.dir/src/esp_eth_phy_dp83848.c.obj
[844/1330] Building C object esp-idf/esp_eth/CMakeFiles/__idf_esp_eth.dir/src/esp_eth_phy_ip101.c.obj
[845/1330] Building C object esp-idf/esp_eth/CMakeFiles/__idf_esp_eth.dir/src/esp_eth_mac_esp.c.obj
[846/1330] Building C object esp-idf/esp_eth/CMakeFiles/__idf_esp_eth.dir/src/esp_eth_phy_ksz80xx.c.obj
[847/1330] Building C object esp-idf/esp_eth/CMakeFiles/__idf_esp_eth.dir/src/esp_eth_phy_lan87xx.c.obj
[848/1330] Building C object esp-idf/esp_eth/CMakeFiles/__idf_esp_eth.dir/src/esp_eth_phy_rtl8201.c.obj
[849/1330] Building C object esp-idf/esp_eth/CMakeFiles/__idf_esp_eth.dir/src/esp_eth_phy_dm9051.c.obj
[850/1330] Building C object esp-idf/esp_eth/CMakeFiles/__idf_esp_eth.dir/src/esp_eth_phy_w5500.c.obj
[851/1330] Building C object esp-idf/esp_eth/CMakeFiles/__idf_esp_eth.dir/src/esp_eth_mac_dm9051.c.obj
[852/1330] Building C object esp-idf/esp_eth/CMakeFiles/__idf_esp_eth.dir/src/esp_eth_mac_w5500.c.obj
[853/1330] Building C object esp-idf/esp_eth/CMakeFiles/__idf_esp_eth.dir/src/esp_eth_phy_ksz8851snl.c.obj
[854/1330] Building ASM object esp-idf/esp_gdbstub/CMakeFiles/__idf_esp_gdbstub.dir/src/port/xtensa/gdbstub-entry.S.obj
[855/1330] Building C object esp-idf/esp_gdbstub/CMakeFiles/__idf_esp_gdbstub.dir/src/gdbstub.c.obj
[856/1330] Building C object esp-idf/esp_eth/CMakeFiles/__idf_esp_eth.dir/src/esp_eth_mac_ksz8851snl.c.obj
[857/1330] Building C object esp-idf/esp_gdbstub/CMakeFiles/__idf_esp_gdbstub.dir/src/gdbstub_transport.c.obj
[858/1330] Building ASM object esp-idf/esp_gdbstub/CMakeFiles/__idf_esp_gdbstub.dir/src/port/xtensa/xt_debugexception.S.obj
[859/1330] Building C object esp-idf/esp_gdbstub/CMakeFiles/__idf_esp_gdbstub.dir/src/packet.c.obj
[860/1330] Building C object esp-idf/esp_gdbstub/CMakeFiles/__idf_esp_gdbstub.dir/src/port/xtensa/gdbstub_xtensa.c.obj
[861/1330] Building C object esp-idf/esp_hid/CMakeFiles/__idf_esp_hid.dir/src/esp_hid_common.c.obj
[862/1330] Building C object esp-idf/esp_hid/CMakeFiles/__idf_esp_hid.dir/src/esp_hidd.c.obj
[863/1330] Building C object esp-idf/esp_hid/CMakeFiles/__idf_esp_hid.dir/src/esp_hidh.c.obj
[864/1330] Building C object esp-idf/esp_hid/CMakeFiles/__idf_esp_hid.dir/src/nimble_hidd.c.obj
[865/1330] Building C object esp-idf/esp_hid/CMakeFiles/__idf_esp_hid.dir/src/nimble_hidh.c.obj
[866/1330] Building C object esp-idf/tcp_transport/CMakeFiles/__idf_tcp_transport.dir/transport.c.obj
[867/1330] Building C object esp-idf/tcp_transport/CMakeFiles/__idf_tcp_transport.dir/transport_internal.c.obj
[868/1330] Building C object esp-idf/tcp_transport/CMakeFiles/__idf_tcp_transport.dir/transport_ssl.c.obj
[869/1330] Building C object esp-idf/tcp_transport/CMakeFiles/__idf_tcp_transport.dir/transport_socks_proxy.c.obj
[870/1330] Building C object esp-idf/esp_http_client/CMakeFiles/__idf_esp_http_client.dir/lib/http_header.c.obj
[871/1330] Building C object esp-idf/esp_http_client/CMakeFiles/__idf_esp_http_client.dir/lib/http_utils.c.obj
[872/1330] Building C object esp-idf/esp_http_client/CMakeFiles/__idf_esp_http_client.dir/lib/http_auth.c.obj
[873/1330] Building C object esp-idf/tcp_transport/CMakeFiles/__idf_tcp_transport.dir/transport_ws.c.obj
[874/1330] Building C object esp-idf/esp_http_client/CMakeFiles/__idf_esp_http_client.dir/esp_http_client.c.obj
[875/1330] Building C object esp-idf/esp_http_server/CMakeFiles/__idf_esp_http_server.dir/src/httpd_main.c.obj
[876/1330] Building C object esp-idf/esp_http_server/CMakeFiles/__idf_esp_http_server.dir/src/httpd_sess.c.obj
[877/1330] Building C object esp-idf/esp_http_server/CMakeFiles/__idf_esp_http_server.dir/src/httpd_parse.c.obj
[878/1330] Building C object esp-idf/esp_http_server/CMakeFiles/__idf_esp_http_server.dir/src/httpd_txrx.c.obj
[879/1330] Building C object esp-idf/esp_http_server/CMakeFiles/__idf_esp_http_server.dir/src/httpd_uri.c.obj
[880/1330] Building C object esp-idf/esp_lcd/CMakeFiles/__idf_esp_lcd.dir/src/esp_lcd_common.c.obj
[881/1330] Building C object esp-idf/esp_http_server/CMakeFiles/__idf_esp_http_server.dir/src/util/ctrl_sock.c.obj
[882/1330] Building C object esp-idf/esp_lcd/CMakeFiles/__idf_esp_lcd.dir/src/esp_lcd_panel_io.c.obj
[883/1330] Building C object esp-idf/esp_http_server/CMakeFiles/__idf_esp_http_server.dir/src/httpd_ws.c.obj
[884/1330] Building C object esp-idf/esp_https_ota/CMakeFiles/__idf_esp_https_ota.dir/src/esp_https_ota.c.obj
[885/1330] Building C object esp-idf/esp_lcd/CMakeFiles/__idf_esp_lcd.dir/src/esp_lcd_panel_io_i2c_v1.c.obj
[886/1330] Building C object esp-idf/esp_lcd/CMakeFiles/__idf_esp_lcd.dir/src/esp_lcd_panel_io_i2c_v2.c.obj
[887/1330] Building C object esp-idf/esp_lcd/CMakeFiles/__idf_esp_lcd.dir/src/esp_lcd_panel_nt35510.c.obj
[888/1330] Building C object esp-idf/esp_lcd/CMakeFiles/__idf_esp_lcd.dir/src/esp_lcd_panel_io_spi.c.obj
[889/1330] Building C object esp-idf/esp_lcd/CMakeFiles/__idf_esp_lcd.dir/src/esp_lcd_panel_ssd1306.c.obj
[890/1330] Building C object esp-idf/esp_lcd/CMakeFiles/__idf_esp_lcd.dir/src/esp_lcd_panel_ops.c.obj
[891/1330] Building C object esp-idf/esp_lcd/CMakeFiles/__idf_esp_lcd.dir/src/esp_lcd_panel_st7789.c.obj
[892/1330] Building C object esp-idf/protocomm/CMakeFiles/__idf_protocomm.dir/proto-c/constants.pb-c.c.obj
[893/1330] Building C object esp-idf/protocomm/CMakeFiles/__idf_protocomm.dir/proto-c/sec0.pb-c.c.obj
[894/1330] Building C object esp-idf/protocomm/CMakeFiles/__idf_protocomm.dir/proto-c/sec1.pb-c.c.obj
[895/1330] Building C object esp-idf/esp_lcd/CMakeFiles/__idf_esp_lcd.dir/src/esp_lcd_panel_io_i2s.c.obj
[896/1330] Building C object esp-idf/protocomm/CMakeFiles/__idf_protocomm.dir/src/common/protocomm.c.obj
[897/1330] Building C object esp-idf/protocomm/CMakeFiles/__idf_protocomm.dir/proto-c/sec2.pb-c.c.obj
[898/1330] Building C object esp-idf/protocomm/CMakeFiles/__idf_protocomm.dir/proto-c/session.pb-c.c.obj
[899/1330] Building C object esp-idf/protobuf-c/CMakeFiles/__idf_protobuf-c.dir/protobuf-c/protobuf-c/protobuf-c.c.obj
[900/1330] Building C object esp-idf/protocomm/CMakeFiles/__idf_protocomm.dir/src/security/security0.c.obj
[901/1330] Building C object esp-idf/protocomm/CMakeFiles/__idf_protocomm.dir/src/transports/protocomm_console.c.obj
[902/1330] Building C object esp-idf/protocomm/CMakeFiles/__idf_protocomm.dir/src/transports/protocomm_httpd.c.obj
[903/1330] Building C object esp-idf/protocomm/CMakeFiles/__idf_protocomm.dir/src/crypto/srp6a/esp_srp.c.obj
[904/1330] Building C object esp-idf/protocomm/CMakeFiles/__idf_protocomm.dir/src/security/security2.c.obj
[905/1330] Building C object esp-idf/protocomm/CMakeFiles/__idf_protocomm.dir/src/security/security1.c.obj
[906/1330] Building C object esp-idf/esp_local_ctrl/CMakeFiles/__idf_esp_local_ctrl.dir/proto-c/esp_local_ctrl.pb-c.c.obj
[907/1330] Building C object esp-idf/protocomm/CMakeFiles/__idf_protocomm.dir/src/crypto/srp6a/esp_srp_mpi.c.obj
[908/1330] Building C object esp-idf/esp_local_ctrl/CMakeFiles/__idf_esp_local_ctrl.dir/src/esp_local_ctrl.c.obj
[909/1330] Building C object esp-idf/protocomm/CMakeFiles/__idf_protocomm.dir/src/transports/protocomm_nimble.c.obj
[910/1330] Building C object esp-idf/esp_local_ctrl/CMakeFiles/__idf_esp_local_ctrl.dir/src/esp_local_ctrl_handler.c.obj
[911/1330] Building C object esp-idf/espcoredump/CMakeFiles/__idf_espcoredump.dir/src/core_dump_common.c.obj
[912/1330] Building C object esp-idf/espcoredump/CMakeFiles/__idf_espcoredump.dir/src/core_dump_sha.c.obj
[913/1330] Building C object esp-idf/esp_local_ctrl/CMakeFiles/__idf_esp_local_ctrl.dir/src/esp_local_ctrl_transport_httpd.c.obj
[914/1330] Building C object esp-idf/espcoredump/CMakeFiles/__idf_espcoredump.dir/src/core_dump_crc.c.obj
[915/1330] Building C object esp-idf/espcoredump/CMakeFiles/__idf_espcoredump.dir/src/core_dump_flash.c.obj
[916/1330] Building C object esp-idf/espcoredump/CMakeFiles/__idf_espcoredump.dir/src/core_dump_uart.c.obj
[917/1330] Building CXX object esp-idf/wear_levelling/CMakeFiles/__idf_wear_levelling.dir/Partition.cpp.obj
[918/1330] Building C object esp-idf/espcoredump/CMakeFiles/__idf_espcoredump.dir/src/core_dump_elf.c.obj
[919/1330] Building C object esp-idf/espcoredump/CMakeFiles/__idf_espcoredump.dir/src/core_dump_binary.c.obj
[920/1330] Building CXX object esp-idf/wear_levelling/CMakeFiles/__idf_wear_levelling.dir/crc32.cpp.obj
[921/1330] Building CXX object esp-idf/wear_levelling/CMakeFiles/__idf_wear_levelling.dir/SPI_Flash.cpp.obj
[922/1330] Building CXX object esp-idf/wear_levelling/CMakeFiles/__idf_wear_levelling.dir/WL_Ext_Perf.cpp.obj
[923/1330] Building CXX object esp-idf/wear_levelling/CMakeFiles/__idf_wear_levelling.dir/WL_Ext_Safe.cpp.obj
[924/1330] Building C object esp-idf/espcoredump/CMakeFiles/__idf_espcoredump.dir/src/port/xtensa/core_dump_port.c.obj
[925/1330] Building CXX object esp-idf/wear_levelling/CMakeFiles/__idf_wear_levelling.dir/wear_levelling.cpp.obj
[926/1330] Building CXX object esp-idf/wear_levelling/CMakeFiles/__idf_wear_levelling.dir/WL_Flash.cpp.obj
[927/1330] Building C object esp-idf/sdmmc/CMakeFiles/__idf_sdmmc.dir/sdmmc_init.c.obj
[928/1330] Building C object esp-idf/sdmmc/CMakeFiles/__idf_sdmmc.dir/sdmmc_common.c.obj
[929/1330] Building C object esp-idf/sdmmc/CMakeFiles/__idf_sdmmc.dir/sdmmc_cmd.c.obj
[930/1330] Building C object esp-idf/sdmmc/CMakeFiles/__idf_sdmmc.dir/sdmmc_io.c.obj
[931/1330] Building C object esp-idf/sdmmc/CMakeFiles/__idf_sdmmc.dir/sdmmc_mmc.c.obj
[932/1330] Building C object esp-idf/sdmmc/CMakeFiles/__idf_sdmmc.dir/sdmmc_sd.c.obj
[933/1330] Building C object esp-idf/fatfs/CMakeFiles/__idf_fatfs.dir/src/ffunicode.c.obj
[934/1330] Building C object esp-idf/fatfs/CMakeFiles/__idf_fatfs.dir/port/freertos/ffsystem.c.obj
[935/1330] Building C object esp-idf/fatfs/CMakeFiles/__idf_fatfs.dir/diskio/diskio.c.obj
[936/1330] Building C object esp-idf/fatfs/CMakeFiles/__idf_fatfs.dir/diskio/diskio_rawflash.c.obj
[937/1330] Building C object esp-idf/fatfs/CMakeFiles/__idf_fatfs.dir/diskio/diskio_wl.c.obj
[938/1330] Building C object esp-idf/fatfs/CMakeFiles/__idf_fatfs.dir/diskio/diskio_sdmmc.c.obj
[939/1330] Building C object esp-idf/fatfs/CMakeFiles/__idf_fatfs.dir/src/ff.c.obj
[940/1330] Building C object esp-idf/json/CMakeFiles/__idf_json.dir/cJSON/cJSON.c.obj
[941/1330] Building C object esp-idf/fatfs/CMakeFiles/__idf_fatfs.dir/vfs/vfs_fat_spiflash.c.obj
[942/1330] Building C object esp-idf/json/CMakeFiles/__idf_json.dir/cJSON/cJSON_Utils.c.obj
[943/1330] Building C object esp-idf/fatfs/CMakeFiles/__idf_fatfs.dir/vfs/vfs_fat.c.obj
[944/1330] Building C object esp-idf/fatfs/CMakeFiles/__idf_fatfs.dir/vfs/vfs_fat_sdmmc.c.obj
[945/1330] Building C object esp-idf/perfmon/CMakeFiles/__idf_perfmon.dir/xtensa_perfmon_access.c.obj
[946/1330] Building C object esp-idf/nvs_sec_provider/CMakeFiles/__idf_nvs_sec_provider.dir/nvs_sec_provider.c.obj
[947/1330] Building C object esp-idf/mqtt/CMakeFiles/__idf_mqtt.dir/esp-mqtt/lib/mqtt_msg.c.obj
[948/1330] Building C object esp-idf/mqtt/CMakeFiles/__idf_mqtt.dir/esp-mqtt/lib/mqtt_outbox.c.obj
[949/1330] Building C object esp-idf/perfmon/CMakeFiles/__idf_perfmon.dir/xtensa_perfmon_masks.c.obj
[950/1330] Building C object esp-idf/mqtt/CMakeFiles/__idf_mqtt.dir/esp-mqtt/lib/platform_esp32_idf.c.obj
[951/1330] Building C object esp-idf/perfmon/CMakeFiles/__idf_perfmon.dir/xtensa_perfmon_apis.c.obj
[952/1330] Building C object esp-idf/spiffs/CMakeFiles/__idf_spiffs.dir/spiffs/src/spiffs_cache.c.obj
[953/1330] Building C object esp-idf/spiffs/CMakeFiles/__idf_spiffs.dir/spiffs/src/spiffs_check.c.obj
[954/1330] Building C object esp-idf/spiffs/CMakeFiles/__idf_spiffs.dir/spiffs/src/spiffs_gc.c.obj
[955/1330] Building C object esp-idf/spiffs/CMakeFiles/__idf_spiffs.dir/spiffs_api.c.obj
[956/1330] Building C object esp-idf/spiffs/CMakeFiles/__idf_spiffs.dir/spiffs/src/spiffs_hydrogen.c.obj
[957/1330] Building C object esp-idf/ulp/CMakeFiles/__idf_ulp.dir/ulp_common/ulp_common.c.obj
[958/1330] Building C object esp-idf/ulp/CMakeFiles/__idf_ulp.dir/ulp_common/ulp_adc.c.obj
[959/1330] Building C object esp-idf/spiffs/CMakeFiles/__idf_spiffs.dir/spiffs/src/spiffs_nucleus.c.obj
[960/1330] Building C object esp-idf/ulp/CMakeFiles/__idf_ulp.dir/ulp_fsm/ulp.c.obj
[961/1330] Building C object esp-idf/mqtt/CMakeFiles/__idf_mqtt.dir/esp-mqtt/mqtt_client.c.obj
[962/1330] Building C object esp-idf/spiffs/CMakeFiles/__idf_spiffs.dir/esp_spiffs.c.obj
[963/1330] Building C object esp-idf/ulp/CMakeFiles/__idf_ulp.dir/ulp_fsm/ulp_macro.c.obj
[964/1330] Linking C static library esp-idf/ulp/libulp.a
[965/1330] Linking C static library esp-idf/esp_https_ota/libesp_https_ota.a
[966/1330] Linking C static library esp-idf/esp_http_server/libesp_http_server.a
[967/1330] Linking C static library esp-idf/esp_http_client/libesp_http_client.a
[968/1330] Linking C static library esp-idf/tcp_transport/libtcp_transport.a
[969/1330] Linking C static library esp-idf/esp_gdbstub/libesp_gdbstub.a
[970/1330] Linking C static library esp-idf/esp_eth/libesp_eth.a
[971/1330] Linking C static library esp-idf/esp_adc/libesp_adc.a
[972/1330] Linking C static library esp-idf/esp-tls/libesp-tls.a
[973/1330] Linking C static library esp-idf/http_parser/libhttp_parser.a
[974/1330] Linking C static library esp-idf/esp_wifi/libesp_wifi.a
[975/1330] Linking C static library esp-idf/esp_coex/libesp_coex.a
[976/1330] Building C object esp-idf/wifi_provisioning/CMakeFiles/__idf_wifi_provisioning.dir/src/wifi_config.c.obj
[977/1330] Building C object esp-idf/wifi_provisioning/CMakeFiles/__idf_wifi_provisioning.dir/src/wifi_ctrl.c.obj
[978/1330] Linking C static library esp-idf/wpa_supplicant/libwpa_supplicant.a
[979/1330] Linking C static library esp-idf/esp_netif/libesp_netif.a
[980/1330] Linking C static library esp-idf/lwip/liblwip.a
[981/1330] Linking C static library esp-idf/vfs/libvfs.a
[982/1330] Linking C static library esp-idf/esp_phy/libesp_phy.a
[983/1330] Building C object esp-idf/wifi_provisioning/CMakeFiles/__idf_wifi_provisioning.dir/src/wifi_scan.c.obj
[984/1330] Linking C static library esp-idf/nvs_flash/libnvs_flash.a
[985/1330] Linking C static library esp-idf/esp_event/libesp_event.a
[986/1330] Linking C static library esp-idf/esp_timer/libesp_timer.a
[987/1330] Linking C static library esp-idf/esp_common/libesp_common.a
[988/1330] Linking C static library esp-idf/cxx/libcxx.a
[989/1330] Building C object esp-idf/wifi_provisioning/CMakeFiles/__idf_wifi_provisioning.dir/proto-c/wifi_config.pb-c.c.obj
[990/1330] Linking C static library esp-idf/newlib/libnewlib.a
[991/1330] Linking C static library esp-idf/freertos/libfreertos.a
[992/1330] Linking C static library esp-idf/esp_hw_support/libesp_hw_support.a
[993/1330] Building C object esp-idf/wifi_provisioning/CMakeFiles/__idf_wifi_provisioning.dir/src/handlers.c.obj
[994/1330] Linking C static library esp-idf/soc/libsoc.a
[995/1330] Linking C static library esp-idf/heap/libheap.a
[996/1330] Linking C static library esp-idf/log/liblog.a
[997/1330] Linking C static library esp-idf/hal/libhal.a
[998/1330] Linking C static library esp-idf/esp_rom/libesp_rom.a
[999/1330] Building C object esp-idf/wifi_provisioning/CMakeFiles/__idf_wifi_provisioning.dir/proto-c/wifi_scan.pb-c.c.obj
[1000/1330] Building C object esp-idf/wifi_provisioning/CMakeFiles/__idf_wifi_provisioning.dir/src/manager.c.obj
[1001/1330] Linking C static library esp-idf/esp_system/libesp_system.a
[1002/1330] Building C object esp-idf/wifi_provisioning/CMakeFiles/__idf_wifi_provisioning.dir/proto-c/wifi_ctrl.pb-c.c.obj
[1003/1330] Building C object esp-idf/wifi_provisioning/CMakeFiles/__idf_wifi_provisioning.dir/src/scheme_console.c.obj
[1004/1330] Linking C static library esp-idf/pthread/libpthread.a
[1005/1330] Linking C static library esp-idf/spi_flash/libspi_flash.a
[1006/1330] Linking C static library esp-idf/app_update/libapp_update.a
[1007/1330] Linking C static library esp-idf/esp_partition/libesp_partition.a
[1008/1330] Linking C static library esp-idf/bootloader_support/libbootloader_support.a
[1009/1330] Linking C static library esp-idf/esp_app_format/libesp_app_format.a
[1010/1330] Linking C static library esp-idf/esp_bootloader_format/libesp_bootloader_format.a
[1011/1330] Linking CXX static library esp-idf/mbedtls/mbedtls/library/libmbedtls.a
[1012/1330] Linking CXX static library esp-idf/mbedtls/mbedtls/library/libmbedx509.a
[1013/1330] Building C object esp-idf/wifi_provisioning/CMakeFiles/__idf_wifi_provisioning.dir/proto-c/wifi_constants.pb-c.c.obj
[1014/1330] Linking CXX static library esp-idf/mbedtls/mbedtls/library/libmbedcrypto.a
[1015/1330] Linking CXX static library esp-idf/mbedtls/mbedtls/3rdparty/p256-m/libp256m.a
[1016/1330] Linking CXX static library esp-idf/mbedtls/mbedtls/3rdparty/everest/libeverest.a
[1017/1330] Linking C static library esp-idf/esp_pm/libesp_pm.a
[1018/1330] Linking C static library esp-idf/driver/libdriver.a
[1019/1330] Linking C static library esp-idf/esp_mm/libesp_mm.a
[1020/1330] Linking C static library esp-idf/efuse/libefuse.a
[1021/1330] Linking C static library esp-idf/esp_ringbuf/libesp_ringbuf.a
[1022/1330] Linking C static library esp-idf/xtensa/libxtensa.a
[1023/1330] Linking C static library esp-idf/app_trace/libapp_trace.a
[1024/1330] Linking C static library esp-idf/bt/libbt.a
[1025/1330] Linking C static library esp-idf/unity/libunity.a
[1026/1330] Linking C static library esp-idf/cmock/libcmock.a
[1027/1330] Building C object esp-idf/wifi_provisioning/CMakeFiles/__idf_wifi_provisioning.dir/src/scheme_softap.c.obj
[1028/1330] Linking C static library esp-idf/esp_hid/libesp_hid.a
[1029/1330] Building C object esp-idf/espressif__mdns/CMakeFiles/__idf_espressif__mdns.dir/mdns_console.c.obj
[1030/1330] Linking C static library esp-idf/console/libconsole.a
[1031/1330] Linking C static library esp-idf/protobuf-c/libprotobuf-c.a
[1032/1330] Linking C static library esp-idf/espcoredump/libespcoredump.a
[1033/1330] Linking C static library esp-idf/esp_lcd/libesp_lcd.a
[1034/1330] Linking C static library esp-idf/wear_levelling/libwear_levelling.a
[1035/1330] Linking C static library esp-idf/sdmmc/libsdmmc.a
[1036/1330] Linking C static library esp-idf/protocomm/libprotocomm.a
[1037/1330] Linking C static library esp-idf/json/libjson.a
[1038/1330] Linking C static library esp-idf/nvs_sec_provider/libnvs_sec_provider.a
[1039/1330] Linking C static library esp-idf/perfmon/libperfmon.a
[1040/1330] Linking C static library esp-idf/mqtt/libmqtt.a
[1041/1330] Linking C static library esp-idf/fatfs/libfatfs.a
[1042/1330] Linking C static library esp-idf/spiffs/libspiffs.a
[1043/1330] Building C object esp-idf/main/CMakeFiles/micropy_extmod_btree.dir/mnt/c/Users/BALAJI/Desktop/micropython/micropython/lib/berkeley-db-1.xx/btree/bt_get.c.obj
[1044/1330] Building C object esp-idf/main/CMakeFiles/micropy_extmod_btree.dir/mnt/c/Users/BALAJI/Desktop/micropython/micropython/lib/berkeley-db-1.xx/btree/bt_page.c.obj
[1045/1330] Building C object esp-idf/main/CMakeFiles/micropy_extmod_btree.dir/mnt/c/Users/BALAJI/Desktop/micropython/micropython/lib/berkeley-db-1.xx/btree/bt_overflow.c.obj
[1046/1330] Building C object esp-idf/main/CMakeFiles/micropy_extmod_btree.dir/mnt/c/Users/BALAJI/Desktop/micropython/micropython/lib/berkeley-db-1.xx/btree/bt_open.c.obj
[1047/1330] Building C object esp-idf/wifi_provisioning/CMakeFiles/__idf_wifi_provisioning.dir/src/scheme_ble.c.obj
[1048/1330] Building C object esp-idf/main/CMakeFiles/micropy_extmod_btree.dir/mnt/c/Users/BALAJI/Desktop/micropython/micropython/lib/berkeley-db-1.xx/btree/bt_search.c.obj
[1049/1330] Linking C static library esp-idf/wifi_provisioning/libwifi_provisioning.a
[1050/1330] Building C object esp-idf/main/CMakeFiles/micropy_extmod_btree.dir/mnt/c/Users/BALAJI/Desktop/micropython/micropython/lib/berkeley-db-1.xx/btree/bt_put.c.obj
[1051/1330] Building C object esp-idf/main/CMakeFiles/micropy_extmod_btree.dir/mnt/c/Users/BALAJI/Desktop/micropython/micropython/lib/berkeley-db-1.xx/btree/bt_seq.c.obj
[1052/1330] Building C object esp-idf/main/CMakeFiles/micropy_extmod_btree.dir/mnt/c/Users/BALAJI/Desktop/micropython/micropython/lib/berkeley-db-1.xx/btree/bt_utils.c.obj
[1053/1330] Building C object esp-idf/main/CMakeFiles/micropy_extmod_btree.dir/mnt/c/Users/BALAJI/Desktop/micropython/micropython/lib/berkeley-db-1.xx/mpool/mpool.c.obj
[1054/1330] Building C object esp-idf/main/CMakeFiles/micropy_extmod_btree.dir/mnt/c/Users/BALAJI/Desktop/micropython/micropython/lib/berkeley-db-1.xx/btree/bt_split.c.obj
[1055/1330] Building C object esp-idf/espressif__mdns/CMakeFiles/__idf_espressif__mdns.dir/mdns_networking_lwip.c.obj
[1056/1330] Building C object esp-idf/espressif__mdns/CMakeFiles/__idf_espressif__mdns.dir/mdns.c.obj
[1057/1330] Linking C static library esp-idf/espressif__mdns/libespressif__mdns.a
[1058/1330] Linking C static library esp-idf/esp_local_ctrl/libesp_local_ctrl.a
[1059/1330] cd /mnt/c/Users/BALAJI/Desktop/micropython/micropython/ports/esp32/build-ESP32_GENERIC/esp-idf/main && /usr/bin/cmake -E make_directory /mnt/c/Users/BALAJI/Desktop/micropython/micropython/ports/esp32/build-ESP32_GENERIC/genhdr && /home/balaji/.espressif/python_env/idf5.2_py3.12_env/bin/python3 /mnt/c/Users/BALAJI/Desktop/micropython/micropython/py/makeversionhdr.py /mnt/c/Users/BALAJI/Desktop/micropython/micropython/ports/esp32/build-ESP32_GENERIC/genhdr/mpversion.h
GEN /mnt/c/Users/BALAJI/Desktop/micropython/micropython/ports/esp32/build-ESP32_GENERIC/genhdr/mpversion.h
[1060/1330] Generating ../../pins.c, ../../genhdr/pins.h
[1061/1330] Generating /mnt/c/Users/BALAJI/Desktop/micropython/micropython/mpy-cross/build/mpy-cross
make: Entering directory '/mnt/c/Users/BALAJI/Desktop/micropython/micropython/mpy-cross'
Use make V=1 or set BUILD_VERBOSE in your environment to increase build verbosity.
GEN build/genhdr/qstrdefs.collected.h
QSTR not updated
GEN build/genhdr/moduledefs.collected
Module registrations not updated
GEN build/genhdr/root_pointers.collected
Root pointer registrations not updated
make: Leaving directory '/mnt/c/Users/BALAJI/Desktop/micropython/micropython/mpy-cross'
[1062/1330] Generating ../../genhdr/qstr.i.last
FAILED: genhdr/qstr.i.last /mnt/c/Users/BALAJI/Desktop/micropython/micropython/ports/esp32/build-ESP32_GENERIC/genhdr/qstr.i.last 
/bin/sh esp-idf/main/CMakeFiles/qstr.i.last-93c470f.sh 66fa0e175cc3d0b4
In file included from /mnt/c/Users/BALAJI/Desktop/micropython/micropython/py/mpconfig.h:100,
                 from /mnt/c/Users/BALAJI/Desktop/micropython/micropython/py/obj.h:31,
                 from /mnt/c/Users/BALAJI/Desktop/micropython/micropython/py/obj.c:32:
/mnt/c/Users/BALAJI/Desktop/micropython/micropython/ports/esp32/mpconfigport.h:191:2: error: #endif without #if
  191 | #endif
      |  ^~~~~
In file included from /mnt/c/Users/BALAJI/Desktop/micropython/micropython/py/mpconfig.h:100,
                 from /mnt/c/Users/BALAJI/Desktop/micropython/micropython/py/unicode.h:29,
                 from /mnt/c/Users/BALAJI/Desktop/micropython/micropython/py/unicode.c:29:
/mnt/c/Users/BALAJI/Desktop/micropython/micropython/ports/esp32/mpconfigport.h:191:2: error: #endif without #if
  191 | #endif
      |  ^~~~~
In file included from /mnt/c/Users/BALAJI/Desktop/micropython/micropython/py/mpconfig.h:100,
                 from /mnt/c/Users/BALAJI/Desktop/micropython/micropython/py/mpstate.h:31,
                 from /mnt/c/Users/BALAJI/Desktop/micropython/micropython/py/runtime.h:29,
                 from /mnt/c/Users/BALAJI/Desktop/micropython/micropython/extmod/vfs_posix.c:27:
/mnt/c/Users/BALAJI/Desktop/micropython/micropython/ports/esp32/mpconfigport.h:191:2: error: #endif without #if
  191 | #endif
      |  ^~~~~
In file included from /mnt/c/Users/BALAJI/Desktop/micropython/micropython/py/mpconfig.h:100,
                 from /mnt/c/Users/BALAJI/Desktop/micropython/micropython/py/mpstate.h:31,
                 from /mnt/c/Users/BALAJI/Desktop/micropython/micropython/py/runtime.h:29,
                 from /mnt/c/Users/BALAJI/Desktop/micropython/micropython/py/argcheck.c:30:
/mnt/c/Users/BALAJI/Desktop/micropython/micropython/ports/esp32/mpconfigport.h:191:2: error: #endif without #if
  191 | #endif
      |  ^~~~~
In file included from /mnt/c/Users/BALAJI/Desktop/micropython/micropython/py/mpconfig.h:100,
                 from /mnt/c/Users/BALAJI/Desktop/micropython/micropython/py/obj.h:31,
                 from /mnt/c/Users/BALAJI/Desktop/micropython/micropython/py/emitglue.h:29,
                 from /mnt/c/Users/BALAJI/Desktop/micropython/micropython/py/vm.c:32:
/mnt/c/Users/BALAJI/Desktop/micropython/micropython/ports/esp32/mpconfigport.h:191:2: error: #endif without #if
  191 | #endif
      |  ^~~~~
In file included from /mnt/c/Users/BALAJI/Desktop/micropython/micropython/py/mpconfig.h:100,
                 from /mnt/c/Users/BALAJI/Desktop/micropython/micropython/py/mpstate.h:31,
                 from /mnt/c/Users/BALAJI/Desktop/micropython/micropython/py/runtime.h:29,
                 from /mnt/c/Users/BALAJI/Desktop/micropython/micropython/py/objarray.c:32:
/mnt/c/Users/BALAJI/Desktop/micropython/micropython/ports/esp32/mpconfigport.h:191:2: error: #endif without #if
  191 | #endif
      |  ^~~~~
In file included from /mnt/c/Users/BALAJI/Desktop/micropython/micropython/py/mpconfig.h:100,
                 from /mnt/c/Users/BALAJI/Desktop/micropython/micropython/py/asmarm.c:32:
/mnt/c/Users/BALAJI/Desktop/micropython/micropython/ports/esp32/mpconfigport.h:191:2: error: #endif without #if
  191 | #endif
      |  ^~~~~
In file included from /mnt/c/Users/BALAJI/Desktop/micropython/micropython/py/mpconfig.h:100,
                 from /mnt/c/Users/BALAJI/Desktop/micropython/micropython/py/mphal.h:31,
                 from /mnt/c/Users/BALAJI/Desktop/micropython/micropython/extmod/vfs_posix_file.c:27:
/mnt/c/Users/BALAJI/Desktop/micropython/micropython/ports/esp32/mpconfigport.h:191:2: error: #endif without #if
  191 | #endif
      |  ^~~~~
In file included from /mnt/c/Users/BALAJI/Desktop/micropython/micropython/py/mpconfig.h:100,
                 from /mnt/c/Users/BALAJI/Desktop/micropython/micropython/py/vstr.c:33:
/mnt/c/Users/BALAJI/Desktop/micropython/micropython/ports/esp32/mpconfigport.h:191:2: error: #endif without #if
  191 | #endif
      |  ^~~~~
In file included from /mnt/c/Users/BALAJI/Desktop/micropython/micropython/py/mpconfig.h:100,
                 from /mnt/c/Users/BALAJI/Desktop/micropython/micropython/py/obj.h:31,
                 from /mnt/c/Users/BALAJI/Desktop/micropython/micropython/py/objtuple.h:29,
                 from /mnt/c/Users/BALAJI/Desktop/micropython/micropython/py/objattrtuple.c:27:
/mnt/c/Users/BALAJI/Desktop/micropython/micropython/ports/esp32/mpconfigport.h:191:2: error: #endif without #if
  191 | #endif
      |  ^~~~~
In file included from /mnt/c/Users/BALAJI/Desktop/micropython/micropython/py/mpconfig.h:100,
                 from /mnt/c/Users/BALAJI/Desktop/micropython/micropython/py/obj.h:31,
                 from /mnt/c/Users/BALAJI/Desktop/micropython/micropython/py/asmbase.c:30:
/mnt/c/Users/BALAJI/Desktop/micropython/micropython/ports/esp32/mpconfigport.h:191:2: error: #endif without #if
  191 | #endif
      |  ^~~~~
In file included from /mnt/c/Users/BALAJI/Desktop/micropython/micropython/py/mpconfig.h:100,
                 from /mnt/c/Users/BALAJI/Desktop/micropython/micropython/py/mpstate.h:31,
                 from /mnt/c/Users/BALAJI/Desktop/micropython/micropython/py/runtime.h:29,
                 from /mnt/c/Users/BALAJI/Desktop/micropython/micropython/extmod/vfs_reader.c:31:
/mnt/c/Users/BALAJI/Desktop/micropython/micropython/ports/esp32/mpconfigport.h:191:2: error: #endif without #if
  191 | #endif
      |  ^~~~~
In file included from /mnt/c/Users/BALAJI/Desktop/micropython/micropython/py/mpconfig.h:100,
                 from /mnt/c/Users/BALAJI/Desktop/micropython/micropython/py/lexer.h:31,
                 from /mnt/c/Users/BALAJI/Desktop/micropython/micropython/py/emit.h:29,
                 from /mnt/c/Users/BALAJI/Desktop/micropython/micropython/py/warning.c:31:
/mnt/c/Users/BALAJI/Desktop/micropython/micropython/ports/esp32/mpconfigport.h:191:2: error: #endif without #if
  191 | #endif
      |  ^~~~~
In file included from /mnt/c/Users/BALAJI/Desktop/micropython/micropython/py/mpconfig.h:100,
                 from /mnt/c/Users/BALAJI/Desktop/micropython/micropython/py/mpstate.h:31,
                 from /mnt/c/Users/BALAJI/Desktop/micropython/micropython/py/runtime.h:29,
                 from /mnt/c/Users/BALAJI/Desktop/micropython/micropython/py/objbool.c:29:
/mnt/c/Users/BALAJI/Desktop/micropython/micropython/ports/esp32/mpconfigport.h:191:2: error: #endif without #if
  191 | #endif
      |  ^~~~~
In file included from /mnt/c/Users/BALAJI/Desktop/micropython/micropython/py/mpconfig.h:100,
                 from /mnt/c/Users/BALAJI/Desktop/micropython/micropython/py/lexer.h:31,
                 from /mnt/c/Users/BALAJI/Desktop/micropython/micropython/py/emit.h:29,
                 from /mnt/c/Users/BALAJI/Desktop/micropython/micropython/py/asmrv32.c:31:
/mnt/c/Users/BALAJI/Desktop/micropython/micropython/ports/esp32/mpconfigport.h:191:2: error: #endif without #if
  191 | #endif
      |  ^~~~~
In file included from /mnt/c/Users/BALAJI/Desktop/micropython/micropython/py/mpconfig.h:100,
                 from /mnt/c/Users/BALAJI/Desktop/micropython/micropython/py/obj.h:31,
                 from /mnt/c/Users/BALAJI/Desktop/micropython/micropython/extmod/virtpin.h:29,
                 from /mnt/c/Users/BALAJI/Desktop/micropython/micropython/extmod/virtpin.c:27:
/mnt/c/Users/BALAJI/Desktop/micropython/micropython/ports/esp32/mpconfigport.h:191:2: error: #endif without #if
  191 | #endif
      |  ^~~~~
In file included from /mnt/c/Users/BALAJI/Desktop/micropython/micropython/py/mpconfig.h:100,
                 from /mnt/c/Users/BALAJI/Desktop/micropython/micropython/py/mpstate.h:31,
                 from /mnt/c/Users/BALAJI/Desktop/micropython/micropython/py/runtime.h:29,
                 from /mnt/c/Users/BALAJI/Desktop/micropython/micropython/shared/libc/abort_.c:1:
/mnt/c/Users/BALAJI/Desktop/micropython/micropython/ports/esp32/mpconfigport.h:191:2: error: #endif without #if
  191 | #endif
      |  ^~~~~
In file included from /mnt/c/Users/BALAJI/Desktop/micropython/micropython/py/mpconfig.h:100,
                 from /mnt/c/Users/BALAJI/Desktop/micropython/micropython/py/obj.h:31,
                 from /mnt/c/Users/BALAJI/Desktop/micropython/micropython/py/objboundmeth.c:29:
/mnt/c/Users/BALAJI/Desktop/micropython/micropython/ports/esp32/mpconfigport.h:191:2: error: #endif without #if
  191 | #endif
      |  ^~~~~
In file included from /mnt/c/Users/BALAJI/Desktop/micropython/micropython/py/mpconfig.h:100,
                 from /mnt/c/Users/BALAJI/Desktop/micropython/micropython/py/asmthumb.c:31:
/mnt/c/Users/BALAJI/Desktop/micropython/micropython/ports/esp32/mpconfigport.h:191:2: error: #endif without #if
  191 | #endif
      |  ^~~~~
In file included from /mnt/c/Users/BALAJI/Desktop/micropython/micropython/py/mpconfig.h:100,
                 from /mnt/c/Users/BALAJI/Desktop/micropython/micropython/py/mpstate.h:31,
                 from /mnt/c/Users/BALAJI/Desktop/micropython/micropython/py/runtime.h:29,
                 from /mnt/c/Users/BALAJI/Desktop/micropython/micropython/extmod/nimble/modbluetooth_nimble.c:28:
/mnt/c/Users/BALAJI/Desktop/micropython/micropython/ports/esp32/mpconfigport.h:191:2: error: #endif without #if
  191 | #endif
      |  ^~~~~
In file included from /mnt/c/Users/BALAJI/Desktop/micropython/micropython/py/mpconfig.h:100,
                 from /mnt/c/Users/BALAJI/Desktop/micropython/micropython/py/mpstate.h:31,
                 from /mnt/c/Users/BALAJI/Desktop/micropython/micropython/py/runtime.h:29,
                 from /mnt/c/Users/BALAJI/Desktop/micropython/micropython/py/bc.h:30,
                 from /mnt/c/Users/BALAJI/Desktop/micropython/micropython/py/objcode.h:29,
                 from /mnt/c/Users/BALAJI/Desktop/micropython/micropython/py/objcode.c:27:
/mnt/c/Users/BALAJI/Desktop/micropython/micropython/ports/esp32/mpconfigport.h:191:2: error: #endif without #if
  191 | #endif
      |  ^~~~~
In file included from /mnt/c/Users/BALAJI/Desktop/micropython/micropython/py/mpconfig.h:100,
                 from /mnt/c/Users/BALAJI/Desktop/micropython/micropython/shared/libc/printf.c:27:
/mnt/c/Users/BALAJI/Desktop/micropython/micropython/ports/esp32/mpconfigport.h:191:2: error: #endif without #if
  191 | #endif
      |  ^~~~~
In file included from /mnt/c/Users/BALAJI/Desktop/micropython/micropython/py/mpconfig.h:100,
                 from /mnt/c/Users/BALAJI/Desktop/micropython/micropython/py/asmx64.c:32:
/mnt/c/Users/BALAJI/Desktop/micropython/micropython/ports/esp32/mpconfigport.h:191:2: error: #endif without #if
  191 | #endif
      |  ^~~~~
In file included from /mnt/c/Users/BALAJI/Desktop/micropython/micropython/py/mpconfig.h:100,
                 from /mnt/c/Users/BALAJI/Desktop/micropython/micropython/py/mpstate.h:31,
                 from /mnt/c/Users/BALAJI/Desktop/micropython/micropython/py/runtime.h:29,
                 from /mnt/c/Users/BALAJI/Desktop/micropython/micropython/extmod/modbtree.c:27:
/mnt/c/Users/BALAJI/Desktop/micropython/micropython/ports/esp32/mpconfigport.h:191:2: error: #endif without #if
  191 | #endif
      |  ^~~~~
In file included from /mnt/c/Users/BALAJI/Desktop/micropython/micropython/py/mpconfig.h:100,
                 from /mnt/c/Users/BALAJI/Desktop/micropython/micropython/py/obj.h:31,
                 from /mnt/c/Users/BALAJI/Desktop/micropython/micropython/py/objcell.c:27:
/mnt/c/Users/BALAJI/Desktop/micropython/micropython/ports/esp32/mpconfigport.h:191:2: error: #endif without #if
  191 | #endif
      |  ^~~~~
In file included from /mnt/c/Users/BALAJI/Desktop/micropython/micropython/py/mpconfig.h:100,
                 from /mnt/c/Users/BALAJI/Desktop/micropython/micropython/py/asmx86.c:32:
/mnt/c/Users/BALAJI/Desktop/micropython/micropython/ports/esp32/mpconfigport.h:191:2: error: #endif without #if
  191 | #endif
      |  ^~~~~
In file included from /mnt/c/Users/BALAJI/Desktop/micropython/micropython/py/mpconfig.h:100,
                 from /mnt/c/Users/BALAJI/Desktop/micropython/micropython/py/mpstate.h:31,
                 from /mnt/c/Users/BALAJI/Desktop/micropython/micropython/py/runtime.h:29,
                 from /mnt/c/Users/BALAJI/Desktop/micropython/micropython/extmod/btstack/modbluetooth_btstack.c:27:
/mnt/c/Users/BALAJI/Desktop/micropython/micropython/ports/esp32/mpconfigport.h:191:2: error: #endif without #if
  191 | #endif
      |  ^~~~~
In file included from /mnt/c/Users/BALAJI/Desktop/micropython/micropython/py/mpconfig.h:100,
                 from /mnt/c/Users/BALAJI/Desktop/micropython/micropython/py/mpstate.h:31,
                 from /mnt/c/Users/BALAJI/Desktop/micropython/micropython/py/runtime.h:29,
                 from /mnt/c/Users/BALAJI/Desktop/micropython/micropython/py/asmxtensa.c:30:
/mnt/c/Users/BALAJI/Desktop/micropython/micropython/ports/esp32/mpconfigport.h:191:2: error: #endif without #if
  191 | #endif
      |  ^~~~~
In file included from /mnt/c/Users/BALAJI/Desktop/micropython/micropython/py/mpconfig.h:100,
                 from /mnt/c/Users/BALAJI/Desktop/micropython/micropython/py/mpstate.h:31,
                 from /mnt/c/Users/BALAJI/Desktop/micropython/micropython/shared/readline/readline.c:31:
/mnt/c/Users/BALAJI/Desktop/micropython/micropython/ports/esp32/mpconfigport.h:191:2: error: #endif without #if
  191 | #endif
      |  ^~~~~
In file included from /mnt/c/Users/BALAJI/Desktop/micropython/micropython/py/mpconfig.h:100,
                 from /mnt/c/Users/BALAJI/Desktop/micropython/micropython/py/obj.h:31,
                 from /mnt/c/Users/BALAJI/Desktop/micropython/micropython/py/objclosure.c:29:
/mnt/c/Users/BALAJI/Desktop/micropython/micropython/ports/esp32/mpconfigport.h:191:2: error: #endif without #if
  191 | #endif
      |  ^~~~~
In file included from /mnt/c/Users/BALAJI/Desktop/micropython/micropython/py/mpconfig.h:100,
                 from /mnt/c/Users/BALAJI/Desktop/micropython/micropython/py/mpstate.h:31,
                 from /mnt/c/Users/BALAJI/Desktop/micropython/micropython/py/runtime.h:29,
                 from /mnt/c/Users/BALAJI/Desktop/micropython/micropython/extmod/machine_adc.c:27:
/mnt/c/Users/BALAJI/Desktop/micropython/micropython/ports/esp32/mpconfigport.h:191:2: error: #endif without #if
  191 | #endif
      |  ^~~~~
In file included from /mnt/c/Users/BALAJI/Desktop/micropython/micropython/py/mpconfig.h:100,
                 from /mnt/c/Users/BALAJI/Desktop/micropython/micropython/py/parsenum.h:29,
                 from /mnt/c/Users/BALAJI/Desktop/micropython/micropython/py/objcomplex.c:31:
/mnt/c/Users/BALAJI/Desktop/micropython/micropython/ports/esp32/mpconfigport.h:191:2: error: #endif without #if
  191 | #endif
      |  ^~~~~
In file included from /mnt/c/Users/BALAJI/Desktop/micropython/micropython/py/mpconfig.h:100,
                 from /mnt/c/Users/BALAJI/Desktop/micropython/micropython/py/mpstate.h:31,
                 from /mnt/c/Users/BALAJI/Desktop/micropython/micropython/py/runtime.h:29,
                 from /mnt/c/Users/BALAJI/Desktop/micropython/micropython/py/bc.h:30,
                 from /mnt/c/Users/BALAJI/Desktop/micropython/micropython/py/bc.c:33:
/mnt/c/Users/BALAJI/Desktop/micropython/micropython/ports/esp32/mpconfigport.h:191:2: error: #endif without #if
  191 | #endif
      |  ^~~~~
In file included from /mnt/c/Users/BALAJI/Desktop/micropython/micropython/py/mpconfig.h:100,
                 from /mnt/c/Users/BALAJI/Desktop/micropython/micropython/py/mpstate.h:31,
                 from /mnt/c/Users/BALAJI/Desktop/micropython/micropython/py/runtime.h:29,
                 from /mnt/c/Users/BALAJI/Desktop/micropython/micropython/shared/netutils/netutils.c:32:
/mnt/c/Users/BALAJI/Desktop/micropython/micropython/ports/esp32/mpconfigport.h:191:2: error: #endif without #if
  191 | #endif
      |  ^~~~~
In file included from /mnt/c/Users/BALAJI/Desktop/micropython/micropython/py/mpconfig.h:100,
                 from /mnt/c/Users/BALAJI/Desktop/micropython/micropython/py/mpstate.h:31,
                 from /mnt/c/Users/BALAJI/Desktop/micropython/micropython/py/runtime.h:29,
                 from /mnt/c/Users/BALAJI/Desktop/micropython/micropython/extmod/machine_adc_block.c:28:
/mnt/c/Users/BALAJI/Desktop/micropython/micropython/ports/esp32/mpconfigport.h:191:2: error: #endif without #if
  191 | #endif
      |  ^~~~~
In file included from /mnt/c/Users/BALAJI/Desktop/micropython/micropython/py/mpconfig.h:100,
                 from /mnt/c/Users/BALAJI/Desktop/micropython/micropython/py/obj.h:31,
                 from /mnt/c/Users/BALAJI/Desktop/micropython/micropython/py/binary.h:30,
                 from /mnt/c/Users/BALAJI/Desktop/micropython/micropython/py/binary.c:34:
/mnt/c/Users/BALAJI/Desktop/micropython/micropython/ports/esp32/mpconfigport.h:191:2: error: #endif without #if
  191 | #endif
      |  ^~~~~
In file included from /mnt/c/Users/BALAJI/Desktop/micropython/micropython/py/mpconfig.h:100,
                 from /mnt/c/Users/BALAJI/Desktop/micropython/micropython/py/obj.h:31,
                 from /mnt/c/Users/BALAJI/Desktop/micropython/micropython/shared/timeutils/timeutils.c:28:
/mnt/c/Users/BALAJI/Desktop/micropython/micropython/ports/esp32/mpconfigport.h:191:2: error: #endif without #if
  191 | #endif
      |  ^~~~~
In file included from /mnt/c/Users/BALAJI/Desktop/micropython/micropython/py/mpconfig.h:100,
                 from /mnt/c/Users/BALAJI/Desktop/micropython/micropython/py/mpstate.h:31,
                 from /mnt/c/Users/BALAJI/Desktop/micropython/micropython/py/runtime.h:29,
                 from /mnt/c/Users/BALAJI/Desktop/micropython/micropython/py/objdeque.c:29:
/mnt/c/Users/BALAJI/Desktop/micropython/micropython/ports/esp32/mpconfigport.h:191:2: error: #endif without #if
  191 | #endif
      |  ^~~~~
In file included from /mnt/c/Users/BALAJI/Desktop/micropython/micropython/py/mpconfig.h:100,
                 from /mnt/c/Users/BALAJI/Desktop/micropython/micropython/py/mpstate.h:31,
                 from /mnt/c/Users/BALAJI/Desktop/micropython/micropython/py/runtime.h:29,
                 from /mnt/c/Users/BALAJI/Desktop/micropython/micropython/extmod/machine_bitstream.c:28:
/mnt/c/Users/BALAJI/Desktop/micropython/micropython/ports/esp32/mpconfigport.h:191:2: error: #endif without #if
  191 | #endif
      |  ^~~~~
In file included from /mnt/c/Users/BALAJI/Desktop/micropython/micropython/py/mpconfig.h:100,
                 from /mnt/c/Users/BALAJI/Desktop/micropython/micropython/py/mpstate.h:31,
                 from /mnt/c/Users/BALAJI/Desktop/micropython/micropython/py/runtime.h:29,
                 from /mnt/c/Users/BALAJI/Desktop/micropython/micropython/py/bc.h:30,
                 from /mnt/c/Users/BALAJI/Desktop/micropython/micropython/py/objcode.h:29,
                 from /mnt/c/Users/BALAJI/Desktop/micropython/micropython/py/builtinevex.c:29:
/mnt/c/Users/BALAJI/Desktop/micropython/micropython/ports/esp32/mpconfigport.h:191:2: error: #endif without #if
  191 | #endif
      |  ^~~~~
In file included from /mnt/c/Users/BALAJI/Desktop/micropython/micropython/py/mpconfig.h:100,
                 from /mnt/c/Users/BALAJI/Desktop/micropython/micropython/py/obj.h:31,
                 from /mnt/c/Users/BALAJI/Desktop/micropython/micropython/shared/runtime/interrupt_char.c:27:
/mnt/c/Users/BALAJI/Desktop/micropython/micropython/ports/esp32/mpconfigport.h:191:2: error: #endif without #if
  191 | #endif
      |  ^~~~~
In file included from /mnt/c/Users/BALAJI/Desktop/micropython/micropython/py/mpconfig.h:100,
                 from /mnt/c/Users/BALAJI/Desktop/micropython/micropython/py/mpstate.h:31,
                 from /mnt/c/Users/BALAJI/Desktop/micropython/micropython/py/runtime.h:29,
                 from /mnt/c/Users/BALAJI/Desktop/micropython/micropython/py/objdict.c:31:
/mnt/c/Users/BALAJI/Desktop/micropython/micropython/ports/esp32/mpconfigport.h:191:2: error: #endif without #if
  191 | #endif
      |  ^~~~~
In file included from /mnt/c/Users/BALAJI/Desktop/micropython/micropython/py/mpconfig.h:100,
                 from /mnt/c/Users/BALAJI/Desktop/micropython/micropython/py/mperrno.h:29,
                 from /mnt/c/Users/BALAJI/Desktop/micropython/micropython/extmod/machine_i2c.c:31:
/mnt/c/Users/BALAJI/Desktop/micropython/micropython/ports/esp32/mpconfigport.h:191:2: error: #endif without #if
  191 | #endif
      |  ^~~~~
In file included from /mnt/c/Users/BALAJI/Desktop/micropython/micropython/py/mpconfig.h:100,
                 from /mnt/c/Users/BALAJI/Desktop/micropython/micropython/py/mpstate.h:31,
                 from /mnt/c/Users/BALAJI/Desktop/micropython/micropython/py/runtime.h:29,
                 from /mnt/c/Users/BALAJI/Desktop/micropython/micropython/py/objenumerate.c:30:
/mnt/c/Users/BALAJI/Desktop/micropython/micropython/ports/esp32/mpconfigport.h:191:2: error: #endif without #if
  191 | #endif
      |  ^~~~~
In file included from /mnt/c/Users/BALAJI/Desktop/micropython/micropython/py/mpconfig.h:100,
                 from /mnt/c/Users/BALAJI/Desktop/micropython/micropython/py/mpstate.h:31,
                 from /mnt/c/Users/BALAJI/Desktop/micropython/micropython/py/runtime.h:29,
                 from /mnt/c/Users/BALAJI/Desktop/micropython/micropython/shared/runtime/mpirq.c:30:
/mnt/c/Users/BALAJI/Desktop/micropython/micropython/ports/esp32/mpconfigport.h:191:2: error: #endif without #if
  191 | #endif
      |  ^~~~~
In file included from /mnt/c/Users/BALAJI/Desktop/micropython/micropython/py/mpconfig.h:100,
                 from /mnt/c/Users/BALAJI/Desktop/micropython/micropython/py/obj.h:31,
                 from /mnt/c/Users/BALAJI/Desktop/micropython/micropython/py/builtin.h:29,
                 from /mnt/c/Users/BALAJI/Desktop/micropython/micropython/py/builtinhelp.c:30:
/mnt/c/Users/BALAJI/Desktop/micropython/micropython/ports/esp32/mpconfigport.h:191:2: error: #endif without #if
  191 | #endif
      |  ^~~~~
In file included from /mnt/c/Users/BALAJI/Desktop/micropython/micropython/py/mpconfig.h:100,
                 from /mnt/c/Users/BALAJI/Desktop/micropython/micropython/py/mpstate.h:31,
                 from /mnt/c/Users/BALAJI/Desktop/micropython/micropython/py/runtime.h:29,
                 from /mnt/c/Users/BALAJI/Desktop/micropython/micropython/extmod/machine_i2c_target.c:27:
/mnt/c/Users/BALAJI/Desktop/micropython/micropython/ports/esp32/mpconfigport.h:191:2: error: #endif without #if
  191 | #endif
      |  ^~~~~
In file included from /mnt/c/Users/BALAJI/Desktop/micropython/micropython/py/mpconfig.h:100,
                 from /mnt/c/Users/BALAJI/Desktop/micropython/micropython/py/obj.h:31,
                 from /mnt/c/Users/BALAJI/Desktop/micropython/micropython/py/objlist.h:29,
                 from /mnt/c/Users/BALAJI/Desktop/micropython/micropython/py/objexcept.c:33:
/mnt/c/Users/BALAJI/Desktop/micropython/micropython/ports/esp32/mpconfigport.h:191:2: error: #endif without #if
  191 | #endif
      |  ^~~~~
In file included from /mnt/c/Users/BALAJI/Desktop/micropython/micropython/py/mpconfig.h:100,
                 from /mnt/c/Users/BALAJI/Desktop/micropython/micropython/py/lexer.h:31,
                 from /mnt/c/Users/BALAJI/Desktop/micropython/micropython/py/compile.h:29,
                 from /mnt/c/Users/BALAJI/Desktop/micropython/micropython/py/builtinimport.c:33:
/mnt/c/Users/BALAJI/Desktop/micropython/micropython/ports/esp32/mpconfigport.h:191:2: error: #endif without #if
  191 | #endif
      |  ^~~~~
In file included from /mnt/c/Users/BALAJI/Desktop/micropython/micropython/py/mpconfig.h:100,
                 from /mnt/c/Users/BALAJI/Desktop/micropython/micropython/py/mphal.h:31,
                 from /mnt/c/Users/BALAJI/Desktop/micropython/micropython/shared/runtime/stdout_helpers.c:28:
/mnt/c/Users/BALAJI/Desktop/micropython/micropython/ports/esp32/mpconfigport.h:191:2: error: #endif without #if
  191 | #endif
      |  ^~~~~
In file included from /mnt/c/Users/BALAJI/Desktop/micropython/micropython/py/mpconfig.h:100,
                 from /mnt/c/Users/BALAJI/Desktop/micropython/micropython/py/mpstate.h:31,
                 from /mnt/c/Users/BALAJI/Desktop/micropython/micropython/py/runtime.h:29,
                 from /mnt/c/Users/BALAJI/Desktop/micropython/micropython/extmod/machine_i2s.c:28:
/mnt/c/Users/BALAJI/Desktop/micropython/micropython/ports/esp32/mpconfigport.h:191:2: error: #endif without #if
  191 | #endif
      |  ^~~~~
In file included from /mnt/c/Users/BALAJI/Desktop/micropython/micropython/py/mpconfig.h:100,
                 from /mnt/c/Users/BALAJI/Desktop/micropython/micropython/py/obj.h:31,
                 from /mnt/c/Users/BALAJI/Desktop/micropython/micropython/py/parse.h:32,
                 from /mnt/c/Users/BALAJI/Desktop/micropython/micropython/py/scope.h:29,
                 from /mnt/c/Users/BALAJI/Desktop/micropython/micropython/py/compile.c:33:
/mnt/c/Users/BALAJI/Desktop/micropython/micropython/ports/esp32/mpconfigport.h:191:2: error: #endif without #if
  191 | #endif
      |  ^~~~~
In file included from /mnt/c/Users/BALAJI/Desktop/micropython/micropython/py/mpconfig.h:100,
                 from /mnt/c/Users/BALAJI/Desktop/micropython/micropython/py/mpstate.h:31,
                 from /mnt/c/Users/BALAJI/Desktop/micropython/micropython/py/runtime.h:29,
                 from /mnt/c/Users/BALAJI/Desktop/micropython/micropython/py/objfilter.c:27:
/mnt/c/Users/BALAJI/Desktop/micropython/micropython/ports/esp32/mpconfigport.h:191:2: error: #endif without #if
  191 | #endif
      |  ^~~~~
In file included from /mnt/c/Users/BALAJI/Desktop/micropython/micropython/py/mpconfig.h:100,
                 from /mnt/c/Users/BALAJI/Desktop/micropython/micropython/py/obj.h:31,
                 from /mnt/c/Users/BALAJI/Desktop/micropython/micropython/shared/runtime/sys_stdio_mphal.c:30:
/mnt/c/Users/BALAJI/Desktop/micropython/micropython/ports/esp32/mpconfigport.h:191:2: error: #endif without #if
  191 | #endif
      |  ^~~~~
In file included from /mnt/c/Users/BALAJI/Desktop/micropython/micropython/py/mpconfig.h:100,
                 from /mnt/c/Users/BALAJI/Desktop/micropython/micropython/py/mpstate.h:31,
                 from /mnt/c/Users/BALAJI/Desktop/micropython/micropython/py/runtime.h:29,
                 from /mnt/c/Users/BALAJI/Desktop/micropython/micropython/py/cstack.c:28:
/mnt/c/Users/BALAJI/Desktop/micropython/micropython/ports/esp32/mpconfigport.h:191:2: error: #endif without #if
  191 | #endif
      |  ^~~~~
In file included from /mnt/c/Users/BALAJI/Desktop/micropython/micropython/py/mpconfig.h:100,
                 from /mnt/c/Users/BALAJI/Desktop/micropython/micropython/py/parsenum.h:29,
                 from /mnt/c/Users/BALAJI/Desktop/micropython/micropython/py/objfloat.c:32:
/mnt/c/Users/BALAJI/Desktop/micropython/micropython/ports/esp32/mpconfigport.h:191:2: error: #endif without #if
  191 | #endif
      |  ^~~~~
In file included from /mnt/c/Users/BALAJI/Desktop/micropython/micropython/py/mpconfig.h:100,
                 from /mnt/c/Users/BALAJI/Desktop/micropython/micropython/py/mpstate.h:31,
                 from /mnt/c/Users/BALAJI/Desktop/micropython/micropython/py/runtime.h:29,
                 from /mnt/c/Users/BALAJI/Desktop/micropython/micropython/extmod/machine_mem.c:27:
/mnt/c/Users/BALAJI/Desktop/micropython/micropython/ports/esp32/mpconfigport.h:191:2: error: #endif without #if
  191 | #endif
      |  ^~~~~
In file included from /mnt/c/Users/BALAJI/Desktop/micropython/micropython/py/mpconfig.h:100,
                 from /mnt/c/Users/BALAJI/Desktop/micropython/micropython/py/lexer.h:31,
                 from /mnt/c/Users/BALAJI/Desktop/micropython/micropython/py/compile.h:29,
                 from /mnt/c/Users/BALAJI/Desktop/micropython/micropython/shared/runtime/pyexec.c:32:
/mnt/c/Users/BALAJI/Desktop/micropython/micropython/ports/esp32/mpconfigport.h:191:2: error: #endif without #if
  191 | #endif
      |  ^~~~~
In file included from /mnt/c/Users/BALAJI/Desktop/micropython/micropython/py/mpconfig.h:100,
                 from /mnt/c/Users/BALAJI/Desktop/micropython/micropython/py/obj.h:31,
                 from /mnt/c/Users/BALAJI/Desktop/micropython/micropython/py/emitglue.h:29,
                 from /mnt/c/Users/BALAJI/Desktop/micropython/micropython/py/objfun.c:31:
/mnt/c/Users/BALAJI/Desktop/micropython/micropython/ports/esp32/mpconfigport.h:191:2: error: #endif without #if
  191 | #endif
      |  ^~~~~
In file included from /mnt/c/Users/BALAJI/Desktop/micropython/micropython/py/mpconfig.h:100,
                 from /mnt/c/Users/BALAJI/Desktop/micropython/micropython/py/mpstate.h:31,
                 from /mnt/c/Users/BALAJI/Desktop/micropython/micropython/py/emitbc.c:34:
/mnt/c/Users/BALAJI/Desktop/micropython/micropython/ports/esp32/mpconfigport.h:191:2: error: #endif without #if
  191 | #endif
      |  ^~~~~
In file included from /mnt/c/Users/BALAJI/Desktop/micropython/micropython/py/mpconfig.h:100,
                 from /mnt/c/Users/BALAJI/Desktop/micropython/micropython/py/mpstate.h:31,
                 from /mnt/c/Users/BALAJI/Desktop/micropython/micropython/py/runtime.h:29,
                 from /mnt/c/Users/BALAJI/Desktop/micropython/micropython/extmod/machine_pulse.c:27:
/mnt/c/Users/BALAJI/Desktop/micropython/micropython/ports/esp32/mpconfigport.h:191:2: error: #endif without #if
  191 | #endif
      |  ^~~~~
In file included from /mnt/c/Users/BALAJI/Desktop/micropython/micropython/py/mpconfig.h:100,
                 from /mnt/c/Users/BALAJI/Desktop/micropython/micropython/py/mpstate.h:31,
                 from /mnt/c/Users/BALAJI/Desktop/micropython/micropython/py/runtime.h:29,
                 from /mnt/c/Users/BALAJI/Desktop/micropython/micropython/py/objgenerator.c:31:
/mnt/c/Users/BALAJI/Desktop/micropython/micropython/ports/esp32/mpconfigport.h:191:2: error: #endif without #if
  191 | #endif
      |  ^~~~~
In file included from /mnt/c/Users/BALAJI/Desktop/micropython/micropython/py/mpconfig.h:100,
                 from /mnt/c/Users/BALAJI/Desktop/micropython/micropython/py/lexer.h:31,
                 from /mnt/c/Users/BALAJI/Desktop/micropython/micropython/py/emit.h:29,
                 from /mnt/c/Users/BALAJI/Desktop/micropython/micropython/py/emitcommon.c:30:
/mnt/c/Users/BALAJI/Desktop/micropython/micropython/ports/esp32/mpconfigport.h:191:2: error: #endif without #if
  191 | #endif
      |  ^~~~~
In file included from /mnt/c/Users/BALAJI/Desktop/micropython/micropython/py/mpconfig.h:100,
                 from /mnt/c/Users/BALAJI/Desktop/micropython/micropython/py/mpstate.h:31,
                 from /mnt/c/Users/BALAJI/Desktop/micropython/micropython/py/runtime.h:29,
                 from /mnt/c/Users/BALAJI/Desktop/micropython/micropython/extmod/machine_pwm.c:27:
/mnt/c/Users/BALAJI/Desktop/micropython/micropython/ports/esp32/mpconfigport.h:191:2: error: #endif without #if
  191 | #endif
      |  ^~~~~
In file included from /mnt/c/Users/BALAJI/Desktop/micropython/micropython/py/mpconfig.h:100,
                 from /mnt/c/Users/BALAJI/Desktop/micropython/micropython/py/mpstate.h:31,
                 from /mnt/c/Users/BALAJI/Desktop/micropython/micropython/py/runtime.h:29,
                 from /mnt/c/Users/BALAJI/Desktop/micropython/micropython/py/objgetitemiter.c:29:
/mnt/c/Users/BALAJI/Desktop/micropython/micropython/ports/esp32/mpconfigport.h:191:2: error: #endif without #if
  191 | #endif
      |  ^~~~~
In file included from /mnt/c/Users/BALAJI/Desktop/micropython/micropython/py/mpconfig.h:100,
                 from /mnt/c/Users/BALAJI/Desktop/micropython/micropython/py/obj.h:31,
                 from /mnt/c/Users/BALAJI/Desktop/micropython/micropython/py/emitglue.h:29,
                 from /mnt/c/Users/BALAJI/Desktop/micropython/micropython/py/emitglue.c:34:
/mnt/c/Users/BALAJI/Desktop/micropython/micropython/ports/esp32/mpconfigport.h:191:2: error: #endif without #if
  191 | #endif
      |  ^~~~~
In file included from /mnt/c/Users/BALAJI/Desktop/micropython/micropython/py/mpconfig.h:100,
                 from /mnt/c/Users/BALAJI/Desktop/micropython/micropython/py/mpstate.h:31,
                 from /mnt/c/Users/BALAJI/Desktop/micropython/micropython/py/runtime.h:29,
                 from /mnt/c/Users/BALAJI/Desktop/micropython/micropython/extmod/machine_signal.c:28:
/mnt/c/Users/BALAJI/Desktop/micropython/micropython/ports/esp32/mpconfigport.h:191:2: error: #endif without #if
  191 | #endif
      |  ^~~~~
In file included from /mnt/c/Users/BALAJI/Desktop/micropython/micropython/py/mpconfig.h:100,
                 from /mnt/c/Users/BALAJI/Desktop/micropython/micropython/py/parsenum.h:29,
                 from /mnt/c/Users/BALAJI/Desktop/micropython/micropython/py/objint.c:31:
/mnt/c/Users/BALAJI/Desktop/micropython/micropython/ports/esp32/mpconfigport.h:191:2: error: #endif without #if
  191 | #endif
      |  ^~~~~
In file included from /mnt/c/Users/BALAJI/Desktop/micropython/micropython/py/mpconfig.h:100,
                 from /mnt/c/Users/BALAJI/Desktop/micropython/micropython/py/lexer.h:31,
                 from /mnt/c/Users/BALAJI/Desktop/micropython/micropython/py/emit.h:29,
                 from /mnt/c/Users/BALAJI/Desktop/micropython/micropython/py/emitinlinerv32.c:33:
/mnt/c/Users/BALAJI/Desktop/micropython/micropython/ports/esp32/mpconfigport.h:191:2: error: #endif without #if
  191 | #endif
      |  ^~~~~
In file included from /mnt/c/Users/BALAJI/Desktop/micropython/micropython/py/mpconfig.h:100,
                 from /mnt/c/Users/BALAJI/Desktop/micropython/micropython/lib/oofatfs/ffconf.h:30,
                 from /mnt/c/Users/BALAJI/Desktop/micropython/micropython/lib/oofatfs/ff.h:33,
                 from /mnt/c/Users/BALAJI/Desktop/micropython/micropython/lib/oofatfs/ff.c:28:
/mnt/c/Users/BALAJI/Desktop/micropython/micropython/ports/esp32/mpconfigport.h:191:2: error: #endif without #if
  191 | #endif
      |  ^~~~~
In file included from /mnt/c/Users/BALAJI/Desktop/micropython/micropython/py/mpconfig.h:100,
                 from /mnt/c/Users/BALAJI/Desktop/micropython/micropython/py/mpstate.h:31,
                 from /mnt/c/Users/BALAJI/Desktop/micropython/micropython/py/runtime.h:29,
                 from /mnt/c/Users/BALAJI/Desktop/micropython/micropython/extmod/machine_spi.c:30:
/mnt/c/Users/BALAJI/Desktop/micropython/micropython/ports/esp32/mpconfigport.h:191:2: error: #endif without #if
  191 | #endif
      |  ^~~~~
In file included from /mnt/c/Users/BALAJI/Desktop/micropython/micropython/py/mpconfig.h:100,
                 from /mnt/c/Users/BALAJI/Desktop/micropython/micropython/py/smallint.h:29,
                 from /mnt/c/Users/BALAJI/Desktop/micropython/micropython/py/objint_longlong.c:31:
/mnt/c/Users/BALAJI/Desktop/micropython/micropython/ports/esp32/mpconfigport.h:191:2: error: #endif without #if
  191 | #endif
      |  ^~~~~
In file included from /mnt/c/Users/BALAJI/Desktop/micropython/micropython/py/mpconfig.h:100,
                 from /mnt/c/Users/BALAJI/Desktop/micropython/micropython/lib/oofatfs/ffconf.h:30,
                 from /mnt/c/Users/BALAJI/Desktop/micropython/micropython/lib/oofatfs/ff.h:33,
                 from /mnt/c/Users/BALAJI/Desktop/micropython/micropython/lib/oofatfs/ffunicode.c:26:
/mnt/c/Users/BALAJI/Desktop/micropython/micropython/ports/esp32/mpconfigport.h:191:2: error: #endif without #if
  191 | #endif
      |  ^~~~~
In file included from /mnt/c/Users/BALAJI/Desktop/micropython/micropython/py/mpconfig.h:100,
                 from /mnt/c/Users/BALAJI/Desktop/micropython/micropython/py/lexer.h:31,
                 from /mnt/c/Users/BALAJI/Desktop/micropython/micropython/py/emit.h:29,
                 from /mnt/c/Users/BALAJI/Desktop/micropython/micropython/py/emitinlinethumb.c:33:
/mnt/c/Users/BALAJI/Desktop/micropython/micropython/ports/esp32/mpconfigport.h:191:2: error: #endif without #if
  191 | #endif
      |  ^~~~~
In file included from /mnt/c/Users/BALAJI/Desktop/micropython/micropython/py/mpconfig.h:100,
                 from /mnt/c/Users/BALAJI/Desktop/micropython/micropython/py/mpstate.h:31,
                 from /mnt/c/Users/BALAJI/Desktop/micropython/micropython/py/runtime.h:29,
                 from /mnt/c/Users/BALAJI/Desktop/micropython/micropython/extmod/machine_uart.c:27:
/mnt/c/Users/BALAJI/Desktop/micropython/micropython/ports/esp32/mpconfigport.h:191:2: error: #endif without #if
  191 | #endif
      |  ^~~~~
In file included from /mnt/c/Users/BALAJI/Desktop/micropython/micropython/py/mpconfig.h:100,
                 from /mnt/c/Users/BALAJI/Desktop/micropython/micropython/ports/esp32/panichandler.c:28:
/mnt/c/Users/BALAJI/Desktop/micropython/micropython/ports/esp32/mpconfigport.h:191:2: error: #endif without #if
  191 | #endif
      |  ^~~~~
In file included from /mnt/c/Users/BALAJI/Desktop/micropython/micropython/py/mpconfig.h:100,
                 from /mnt/c/Users/BALAJI/Desktop/micropython/micropython/py/parsenumbase.h:29,
                 from /mnt/c/Users/BALAJI/Desktop/micropython/micropython/py/objint_mpz.c:31:
/mnt/c/Users/BALAJI/Desktop/micropython/micropython/ports/esp32/mpconfigport.h:191:2: error: #endif without #if
  191 | #endif
      |  ^~~~~
In file included from /mnt/c/Users/BALAJI/Desktop/micropython/micropython/py/mpconfig.h:100,
                 from /mnt/c/Users/BALAJI/Desktop/micropython/micropython/py/lexer.h:31,
                 from /mnt/c/Users/BALAJI/Desktop/micropython/micropython/py/emit.h:29,
                 from /mnt/c/Users/BALAJI/Desktop/micropython/micropython/py/emitinlinextensa.c:33:
/mnt/c/Users/BALAJI/Desktop/micropython/micropython/ports/esp32/mpconfigport.h:191:2: error: #endif without #if
  191 | #endif
      |  ^~~~~
In file included from /mnt/c/Users/BALAJI/Desktop/micropython/micropython/py/mpconfig.h:100,
                 from /mnt/c/Users/BALAJI/Desktop/micropython/micropython/py/mphal.h:31,
                 from /mnt/c/Users/BALAJI/Desktop/micropython/micropython/ports/esp32/adc.c:28:
/mnt/c/Users/BALAJI/Desktop/micropython/micropython/ports/esp32/mpconfigport.h:191:2: error: #endif without #if
  191 | #endif
      |  ^~~~~
In file included from /mnt/c/Users/BALAJI/Desktop/micropython/micropython/py/mpconfig.h:100,
                 from /mnt/c/Users/BALAJI/Desktop/micropython/micropython/py/obj.h:31,
                 from /mnt/c/Users/BALAJI/Desktop/micropython/micropython/py/objlist.h:29,
                 from /mnt/c/Users/BALAJI/Desktop/micropython/micropython/py/objlist.c:30:
/mnt/c/Users/BALAJI/Desktop/micropython/micropython/ports/esp32/mpconfigport.h:191:2: error: #endif without #if
  191 | #endif
      |  ^~~~~
In file included from /mnt/c/Users/BALAJI/Desktop/micropython/micropython/py/mpconfig.h:100,
                 from /mnt/c/Users/BALAJI/Desktop/micropython/micropython/extmod/machine_usb_device.c:27:
/mnt/c/Users/BALAJI/Desktop/micropython/micropython/ports/esp32/mpconfigport.h:191:2: error: #endif without #if
  191 | #endif
      |  ^~~~~
In file included from /mnt/c/Users/BALAJI/Desktop/micropython/micropython/py/mpconfig.h:100,
                 from /mnt/c/Users/BALAJI/Desktop/micropython/micropython/py/emitnarm.c:3:
/mnt/c/Users/BALAJI/Desktop/micropython/micropython/ports/esp32/mpconfigport.h:191:2: error: #endif without #if
  191 | #endif
      |  ^~~~~
In file included from /mnt/c/Users/BALAJI/Desktop/micropython/micropython/py/mpconfig.h:100,
                 from /mnt/c/Users/BALAJI/Desktop/micropython/micropython/py/mpstate.h:31,
                 from /mnt/c/Users/BALAJI/Desktop/micropython/micropython/py/runtime.h:29,
                 from /mnt/c/Users/BALAJI/Desktop/micropython/micropython/extmod/machine_wdt.c:27:
/mnt/c/Users/BALAJI/Desktop/micropython/micropython/ports/esp32/mpconfigport.h:191:2: error: #endif without #if
  191 | #endif
      |  ^~~~~
In file included from /mnt/c/Users/BALAJI/Desktop/micropython/micropython/py/mpconfig.h:100,
                 from /mnt/c/Users/BALAJI/Desktop/micropython/micropython/py/emitndebug.c:3:
/mnt/c/Users/BALAJI/Desktop/micropython/micropython/ports/esp32/mpconfigport.h:191:2: error: #endif without #if
  191 | #endif
      |  ^~~~~
In file included from /mnt/c/Users/BALAJI/Desktop/micropython/micropython/py/mpconfig.h:100,
                 from /mnt/c/Users/BALAJI/Desktop/micropython/micropython/py/mpstate.h:31,
                 from /mnt/c/Users/BALAJI/Desktop/micropython/micropython/py/runtime.h:29,
                 from /mnt/c/Users/BALAJI/Desktop/micropython/micropython/py/objmap.c:30:
/mnt/c/Users/BALAJI/Desktop/micropython/micropython/ports/esp32/mpconfigport.h:191:2: error: #endif without #if
  191 | #endif
      |  ^~~~~
In file included from /mnt/c/Users/BALAJI/Desktop/micropython/micropython/py/mpconfig.h:100,
                 from /mnt/c/Users/BALAJI/Desktop/micropython/micropython/py/mpstate.h:31,
                 from /mnt/c/Users/BALAJI/Desktop/micropython/micropython/py/cstack.h:30,
                 from /mnt/c/Users/BALAJI/Desktop/micropython/micropython/ports/esp32/main.c:48:
/mnt/c/Users/BALAJI/Desktop/micropython/micropython/ports/esp32/mpconfigport.h:191:2: error: #endif without #if
  191 | #endif
      |  ^~~~~
In file included from /mnt/c/Users/BALAJI/Desktop/micropython/micropython/py/mpconfig.h:100,
                 from /mnt/c/Users/BALAJI/Desktop/micropython/micropython/py/emitnrv32.c:29:
/mnt/c/Users/BALAJI/Desktop/micropython/micropython/ports/esp32/mpconfigport.h:191:2: error: #endif without #if
  191 | #endif
      |  ^~~~~
In file included from /mnt/c/Users/BALAJI/Desktop/micropython/micropython/py/mpconfig.h:100,
                 from /mnt/c/Users/BALAJI/Desktop/micropython/micropython/py/mpstate.h:31,
                 from /mnt/c/Users/BALAJI/Desktop/micropython/micropython/py/runtime.h:29,
                 from /mnt/c/Users/BALAJI/Desktop/micropython/micropython/py/bc.h:30,
                 from /mnt/c/Users/BALAJI/Desktop/micropython/micropython/py/objmodule.c:32:
/mnt/c/Users/BALAJI/Desktop/micropython/micropython/ports/esp32/mpconfigport.h:191:2: error: #endif without #if
  191 | #endif
      |  ^~~~~
In file included from /mnt/c/Users/BALAJI/Desktop/micropython/micropython/py/mpconfig.h:100,
                 from /mnt/c/Users/BALAJI/Desktop/micropython/micropython/py/obj.h:31,
                 from /mnt/c/Users/BALAJI/Desktop/micropython/micropython/py/binary.h:30,
                 from /mnt/c/Users/BALAJI/Desktop/micropython/micropython/extmod/modbluetooth.c:28:
/mnt/c/Users/BALAJI/Desktop/micropython/micropython/ports/esp32/mpconfigport.h:191:2: error: #endif without #if
  191 | #endif
      |  ^~~~~
In file included from /mnt/c/Users/BALAJI/Desktop/micropython/micropython/py/mpconfig.h:100,
                 from /mnt/c/Users/BALAJI/Desktop/micropython/micropython/py/emitnthumb.c:3:
/mnt/c/Users/BALAJI/Desktop/micropython/micropython/ports/esp32/mpconfigport.h:191:2: error: #endif without #if
  191 | #endif
      |  ^~~~~
In file included from /mnt/c/Users/BALAJI/Desktop/micropython/micropython/py/mpconfig.h:100,
                 from /mnt/c/Users/BALAJI/Desktop/micropython/micropython/py/obj.h:31,
                 from /mnt/c/Users/BALAJI/Desktop/micropython/micropython/py/objtuple.h:29,
                 from /mnt/c/Users/BALAJI/Desktop/micropython/micropython/py/objnamedtuple.c:30:
/mnt/c/Users/BALAJI/Desktop/micropython/micropython/ports/esp32/mpconfigport.h:191:2: error: #endif without #if
  191 | #endif
      |  ^~~~~
In file included from /mnt/c/Users/BALAJI/Desktop/micropython/micropython/py/mpconfig.h:100,
                 from /mnt/c/Users/BALAJI/Desktop/micropython/micropython/py/mpstate.h:31,
                 from /mnt/c/Users/BALAJI/Desktop/micropython/micropython/py/runtime.h:29,
                 from /mnt/c/Users/BALAJI/Desktop/micropython/micropython/extmod/modframebuf.c:30:
/mnt/c/Users/BALAJI/Desktop/micropython/micropython/ports/esp32/mpconfigport.h:191:2: error: #endif without #if
  191 | #endif
      |  ^~~~~
In file included from /mnt/c/Users/BALAJI/Desktop/micropython/micropython/py/mpconfig.h:100,
                 from /mnt/c/Users/BALAJI/Desktop/micropython/micropython/py/emitnx64.c:3:
/mnt/c/Users/BALAJI/Desktop/micropython/micropython/ports/esp32/mpconfigport.h:191:2: error: #endif without #if
  191 | #endif
      |  ^~~~~
In file included from /mnt/c/Users/BALAJI/Desktop/micropython/micropython/py/mpconfig.h:100,
                 from /mnt/c/Users/BALAJI/Desktop/micropython/micropython/py/obj.h:31,
                 from /mnt/c/Users/BALAJI/Desktop/micropython/micropython/py/objnone.c:29:
/mnt/c/Users/BALAJI/Desktop/micropython/micropython/ports/esp32/mpconfigport.h:191:2: error: #endif without #if
  191 | #endif
      |  ^~~~~
In file included from /mnt/c/Users/BALAJI/Desktop/micropython/micropython/py/mpconfig.h:100,
                 from /mnt/c/Users/BALAJI/Desktop/micropython/micropython/py/mpstate.h:31,
                 from /mnt/c/Users/BALAJI/Desktop/micropython/micropython/py/runtime.h:29,
                 from /mnt/c/Users/BALAJI/Desktop/micropython/micropython/ports/esp32/uart.c:30:
/mnt/c/Users/BALAJI/Desktop/micropython/micropython/ports/esp32/mpconfigport.h:191:2: error: #endif without #if
  191 | #endif
      |  ^~~~~
In file included from /mnt/c/Users/BALAJI/Desktop/micropython/micropython/py/mpconfig.h:100,
                 from /mnt/c/Users/BALAJI/Desktop/micropython/micropython/py/obj.h:31,
                 from /mnt/c/Users/BALAJI/Desktop/micropython/micropython/py/objlist.h:29,
                 from /mnt/c/Users/BALAJI/Desktop/micropython/micropython/extmod/modlwip.c:32:
/mnt/c/Users/BALAJI/Desktop/micropython/micropython/ports/esp32/mpconfigport.h:191:2: error: #endif without #if
  191 | #endif
      |  ^~~~~
In file included from /mnt/c/Users/BALAJI/Desktop/micropython/micropython/py/mpconfig.h:100,
                 from /mnt/c/Users/BALAJI/Desktop/micropython/micropython/py/emitnx86.c:3:
/mnt/c/Users/BALAJI/Desktop/micropython/micropython/ports/esp32/mpconfigport.h:191:2: error: #endif without #if
  191 | #endif
      |  ^~~~~
In file included from /mnt/c/Users/BALAJI/Desktop/micropython/micropython/py/mpconfig.h:100,
                 from /mnt/c/Users/BALAJI/Desktop/micropython/micropython/py/obj.h:31,
                 from /mnt/c/Users/BALAJI/Desktop/micropython/micropython/py/objtype.h:29,
                 from /mnt/c/Users/BALAJI/Desktop/micropython/micropython/py/objobject.c:29:
/mnt/c/Users/BALAJI/Desktop/micropython/micropython/ports/esp32/mpconfigport.h:191:2: error: #endif without #if
  191 | #endif
      |  ^~~~~
In file included from /mnt/c/Users/BALAJI/Desktop/micropython/micropython/py/mpconfig.h:100,
                 from /mnt/c/Users/BALAJI/Desktop/micropython/micropython/py/obj.h:31,
                 from /mnt/c/Users/BALAJI/Desktop/micropython/micropython/py/builtin.h:29,
                 from /mnt/c/Users/BALAJI/Desktop/micropython/micropython/extmod/modmachine.c:27:
/mnt/c/Users/BALAJI/Desktop/micropython/micropython/ports/esp32/mpconfigport.h:191:2: error: #endif without #if
  191 | #endif
      |  ^~~~~
In file included from /mnt/c/Users/BALAJI/Desktop/micropython/micropython/py/mpconfig.h:100,
                 from /mnt/c/Users/BALAJI/Desktop/micropython/micropython/py/mpstate.h:31,
                 from /mnt/c/Users/BALAJI/Desktop/micropython/micropython/py/runtime.h:29,
                 from /mnt/c/Users/BALAJI/Desktop/micropython/micropython/ports/esp32/usb.c:27:
/mnt/c/Users/BALAJI/Desktop/micropython/micropython/ports/esp32/mpconfigport.h:191:2: error: #endif without #if
  191 | #endif
      |  ^~~~~
In file included from /mnt/c/Users/BALAJI/Desktop/micropython/micropython/py/mpconfig.h:100,
                 from /mnt/c/Users/BALAJI/Desktop/micropython/micropython/py/emitnxtensa.c:3:
/mnt/c/Users/BALAJI/Desktop/micropython/micropython/ports/esp32/mpconfigport.h:191:2: error: #endif without #if
  191 | #endif
      |  ^~~~~
In file included from /mnt/c/Users/BALAJI/Desktop/micropython/micropython/py/mpconfig.h:100,
                 from /mnt/c/Users/BALAJI/Desktop/micropython/micropython/py/mpstate.h:31,
                 from /mnt/c/Users/BALAJI/Desktop/micropython/micropython/py/runtime.h:29,
                 from /mnt/c/Users/BALAJI/Desktop/micropython/micropython/py/objpolyiter.c:29:
/mnt/c/Users/BALAJI/Desktop/micropython/micropython/ports/esp32/mpconfigport.h:191:2: error: #endif without #if
  191 | #endif
      |  ^~~~~
In file included from /mnt/c/Users/BALAJI/Desktop/micropython/micropython/py/mpconfig.h:100,
                 from /mnt/c/Users/BALAJI/Desktop/micropython/micropython/py/emitnxtensawin.c:3:
/mnt/c/Users/BALAJI/Desktop/micropython/micropython/ports/esp32/mpconfigport.h:191:2: error: #endif without #if
  191 | #endif
      |  ^~~~~
In file included from /mnt/c/Users/BALAJI/Desktop/micropython/micropython/py/mpconfig.h:100,
                 from /mnt/c/Users/BALAJI/Desktop/micropython/micropython/py/mpstate.h:31,
                 from /mnt/c/Users/BALAJI/Desktop/micropython/micropython/py/runtime.h:29,
                 from /mnt/c/Users/BALAJI/Desktop/micropython/micropython/py/bc.h:30,
                 from /mnt/c/Users/BALAJI/Desktop/micropython/micropython/py/objcode.h:29,
                 from /mnt/c/Users/BALAJI/Desktop/micropython/micropython/extmod/modmarshal.c:28:
/mnt/c/Users/BALAJI/Desktop/micropython/micropython/ports/esp32/mpconfigport.h:191:2: error: #endif without #if
  191 | #endif
      |  ^~~~~
In file included from /mnt/c/Users/BALAJI/Desktop/micropython/micropython/py/mpconfig.h:100,
                 from /mnt/c/Users/BALAJI/Desktop/micropython/micropython/py/mpstate.h:31,
                 from /mnt/c/Users/BALAJI/Desktop/micropython/micropython/py/runtime.h:29,
                 from /mnt/c/Users/BALAJI/Desktop/micropython/micropython/ports/esp32/usb_serial_jtag.c:27:
/mnt/c/Users/BALAJI/Desktop/micropython/micropython/ports/esp32/mpconfigport.h:191:2: error: #endif without #if
  191 | #endif
      |  ^~~~~
In file included from /mnt/c/Users/BALAJI/Desktop/micropython/micropython/py/mpconfig.h:100,
                 from /mnt/c/Users/BALAJI/Desktop/micropython/micropython/py/mpstate.h:31,
                 from /mnt/c/Users/BALAJI/Desktop/micropython/micropython/py/runtime.h:29,
                 from /mnt/c/Users/BALAJI/Desktop/micropython/micropython/py/objproperty.c:30:
/mnt/c/Users/BALAJI/Desktop/micropython/micropython/ports/esp32/mpconfigport.h:191:2: error: #endif without #if
  191 | #endif
      |  ^~~~~
In file included from /mnt/c/Users/BALAJI/Desktop/micropython/micropython/py/mpconfig.h:100,
                 from /mnt/c/Users/BALAJI/Desktop/micropython/micropython/py/formatfloat.c:27:
/mnt/c/Users/BALAJI/Desktop/micropython/micropython/ports/esp32/mpconfigport.h:191:2: error: #endif without #if
  191 | #endif
      |  ^~~~~
In file included from /mnt/c/Users/BALAJI/Desktop/micropython/micropython/py/mpconfig.h:100,
                 from /mnt/c/Users/BALAJI/Desktop/micropython/micropython/py/obj.h:31,
                 from /mnt/c/Users/BALAJI/Desktop/micropython/micropython/py/objlist.h:29,
                 from /mnt/c/Users/BALAJI/Desktop/micropython/micropython/extmod/modnetwork.c:31:
/mnt/c/Users/BALAJI/Desktop/micropython/micropython/ports/esp32/mpconfigport.h:191:2: error: #endif without #if
  191 | #endif
      |  ^~~~~
In file included from /mnt/c/Users/BALAJI/Desktop/micropython/micropython/py/mpconfig.h:100,
                 from /mnt/c/Users/BALAJI/Desktop/micropython/micropython/ports/esp32/gccollect.c:32:
/mnt/c/Users/BALAJI/Desktop/micropython/micropython/ports/esp32/mpconfigport.h:191:2: error: #endif without #if
  191 | #endif
      |  ^~~~~
In file included from /mnt/c/Users/BALAJI/Desktop/micropython/micropython/py/mpconfig.h:100,
                 from /mnt/c/Users/BALAJI/Desktop/micropython/micropython/py/mpstate.h:31,
                 from /mnt/c/Users/BALAJI/Desktop/micropython/micropython/py/runtime.h:29,
                 from /mnt/c/Users/BALAJI/Desktop/micropython/micropython/py/objrange.c:29:
/mnt/c/Users/BALAJI/Desktop/micropython/micropython/ports/esp32/mpconfigport.h:191:2: error: #endif without #if
  191 | #endif
      |  ^~~~~
In file included from /mnt/c/Users/BALAJI/Desktop/micropython/micropython/py/mpconfig.h:100,
                 from /mnt/c/Users/BALAJI/Desktop/micropython/micropython/py/lexer.h:31,
                 from /mnt/c/Users/BALAJI/Desktop/micropython/micropython/py/frozenmod.c:32:
/mnt/c/Users/BALAJI/Desktop/micropython/micropython/ports/esp32/mpconfigport.h:191:2: error: #endif without #if
  191 | #endif
      |  ^~~~~
In file included from /mnt/c/Users/BALAJI/Desktop/micropython/micropython/py/mpconfig.h:100,
                 from /mnt/c/Users/BALAJI/Desktop/micropython/micropython/py/obj.h:31,
                 from /mnt/c/Users/BALAJI/Desktop/micropython/micropython/extmod/modonewire.c:30:
/mnt/c/Users/BALAJI/Desktop/micropython/micropython/ports/esp32/mpconfigport.h:191:2: error: #endif without #if
  191 | #endif
      |  ^~~~~
In file included from /mnt/c/Users/BALAJI/Desktop/micropython/micropython/py/mpconfig.h:100,
                 from /mnt/c/Users/BALAJI/Desktop/micropython/micropython/py/mpstate.h:31,
                 from /mnt/c/Users/BALAJI/Desktop/micropython/micropython/py/runtime.h:29,
                 from /mnt/c/Users/BALAJI/Desktop/micropython/micropython/py/objreversed.c:30:
/mnt/c/Users/BALAJI/Desktop/micropython/micropython/ports/esp32/mpconfigport.h:191:2: error: #endif without #if
  191 | #endif
      |  ^~~~~
In file included from /mnt/c/Users/BALAJI/Desktop/micropython/micropython/py/mpconfig.h:100,
                 from /mnt/c/Users/BALAJI/Desktop/micropython/micropython/py/obj.h:31,
                 from /mnt/c/Users/BALAJI/Desktop/micropython/micropython/ports/esp32/mphalport.c:37:
/mnt/c/Users/BALAJI/Desktop/micropython/micropython/ports/esp32/mpconfigport.h:191:2: error: #endif without #if
  191 | #endif
      |  ^~~~~
In file included from /mnt/c/Users/BALAJI/Desktop/micropython/micropython/py/mpconfig.h:100,
                 from /mnt/c/Users/BALAJI/Desktop/micropython/micropython/py/mpprint.h:29,
                 from /mnt/c/Users/BALAJI/Desktop/micropython/micropython/py/gc.h:31,
                 from /mnt/c/Users/BALAJI/Desktop/micropython/micropython/py/gc.c:32:
/mnt/c/Users/BALAJI/Desktop/micropython/micropython/ports/esp32/mpconfigport.h:191:2: error: #endif without #if
  191 | #endif
      |  ^~~~~
In file included from /mnt/c/Users/BALAJI/Desktop/micropython/micropython/py/mpconfig.h:100,
                 from /mnt/c/Users/BALAJI/Desktop/micropython/micropython/py/mpstate.h:31,
                 from /mnt/c/Users/BALAJI/Desktop/micropython/micropython/py/runtime.h:29,
                 from /mnt/c/Users/BALAJI/Desktop/micropython/micropython/extmod/modasyncio.c:27:
/mnt/c/Users/BALAJI/Desktop/micropython/micropython/ports/esp32/mpconfigport.h:191:2: error: #endif without #if
  191 | #endif
      |  ^~~~~
In file included from /mnt/c/Users/BALAJI/Desktop/micropython/micropython/py/mpconfig.h:100,
                 from /mnt/c/Users/BALAJI/Desktop/micropython/micropython/py/ringbuf.h:33,
                 from /mnt/c/Users/BALAJI/Desktop/micropython/micropython/py/objringio.c:27:
/mnt/c/Users/BALAJI/Desktop/micropython/micropython/ports/esp32/mpconfigport.h:191:2: error: #endif without #if
  191 | #endif
      |  ^~~~~
In file included from /mnt/c/Users/BALAJI/Desktop/micropython/micropython/py/mpconfig.h:100,
                 from /mnt/c/Users/BALAJI/Desktop/micropython/micropython/lib/oofatfs/ffconf.h:30,
                 from /mnt/c/Users/BALAJI/Desktop/micropython/micropython/lib/oofatfs/ff.h:33,
                 from /mnt/c/Users/BALAJI/Desktop/micropython/micropython/ports/esp32/fatfs_port.c:30:
/mnt/c/Users/BALAJI/Desktop/micropython/micropython/ports/esp32/mpconfigport.h:191:2: error: #endif without #if
  191 | #endif
      |  ^~~~~
In file included from /mnt/c/Users/BALAJI/Desktop/micropython/micropython/py/mpconfig.h:100,
                 from /mnt/c/Users/BALAJI/Desktop/micropython/micropython/py/obj.h:31,
                 from /mnt/c/Users/BALAJI/Desktop/micropython/micropython/py/reader.h:29,
                 from /mnt/c/Users/BALAJI/Desktop/micropython/micropython/py/lexer.c:31:
/mnt/c/Users/BALAJI/Desktop/micropython/micropython/ports/esp32/mpconfigport.h:191:2: error: #endif without #if
  191 | #endif
      |  ^~~~~
In file included from /mnt/c/Users/BALAJI/Desktop/micropython/micropython/py/mpconfig.h:100,
                 from /mnt/c/Users/BALAJI/Desktop/micropython/micropython/py/mpstate.h:31,
                 from /mnt/c/Users/BALAJI/Desktop/micropython/micropython/py/runtime.h:29,
                 from /mnt/c/Users/BALAJI/Desktop/micropython/micropython/py/objset.c:31:
/mnt/c/Users/BALAJI/Desktop/micropython/micropython/ports/esp32/mpconfigport.h:191:2: error: #endif without #if
  191 | #endif
      |  ^~~~~
In file included from /mnt/c/Users/BALAJI/Desktop/micropython/micropython/py/mpconfig.h:100,
                 from /mnt/c/Users/BALAJI/Desktop/micropython/micropython/py/mpstate.h:31,
                 from /mnt/c/Users/BALAJI/Desktop/micropython/micropython/py/runtime.h:29,
                 from /mnt/c/Users/BALAJI/Desktop/micropython/micropython/extmod/modbinascii.c:31:
/mnt/c/Users/BALAJI/Desktop/micropython/micropython/ports/esp32/mpconfigport.h:191:2: error: #endif without #if
  191 | #endif
      |  ^~~~~
In file included from /mnt/c/Users/BALAJI/Desktop/micropython/micropython/py/mpconfig.h:100,
                 from /mnt/c/Users/BALAJI/Desktop/micropython/micropython/py/obj.h:31,
                 from /mnt/c/Users/BALAJI/Desktop/micropython/micropython/py/builtin.h:29,
                 from /mnt/c/Users/BALAJI/Desktop/micropython/micropython/ports/esp32/help.c:29:
/mnt/c/Users/BALAJI/Desktop/micropython/micropython/ports/esp32/mpconfigport.h:191:2: error: #endif without #if
  191 | #endif
      |  ^~~~~
In file included from /mnt/c/Users/BALAJI/Desktop/micropython/micropython/py/mpconfig.h:100,
                 from /mnt/c/Users/BALAJI/Desktop/micropython/micropython/py/malloc.c:31:
/mnt/c/Users/BALAJI/Desktop/micropython/micropython/ports/esp32/mpconfigport.h:191:2: error: #endif without #if
  191 | #endif
      |  ^~~~~
In file included from /mnt/c/Users/BALAJI/Desktop/micropython/micropython/py/mpconfig.h:100,
                 from /mnt/c/Users/BALAJI/Desktop/micropython/micropython/py/obj.h:31,
                 from /mnt/c/Users/BALAJI/Desktop/micropython/micropython/py/objsingleton.c:30:
/mnt/c/Users/BALAJI/Desktop/micropython/micropython/ports/esp32/mpconfigport.h:191:2: error: #endif without #if
  191 | #endif
      |  ^~~~~
In file included from /mnt/c/Users/BALAJI/Desktop/micropython/micropython/py/mpconfig.h:100,
                 from /mnt/c/Users/BALAJI/Desktop/micropython/micropython/extmod/modcryptolib.c:28:
/mnt/c/Users/BALAJI/Desktop/micropython/micropython/ports/esp32/mpconfigport.h:191:2: error: #endif without #if
  191 | #endif
      |  ^~~~~
In file included from /mnt/c/Users/BALAJI/Desktop/micropython/micropython/py/mpconfig.h:100,
                 from /mnt/c/Users/BALAJI/Desktop/micropython/micropython/ports/esp32/machine_bitstream.c:27:
/mnt/c/Users/BALAJI/Desktop/micropython/micropython/ports/esp32/mpconfigport.h:191:2: error: #endif without #if
  191 | #endif
      |  ^~~~~
In file included from /mnt/c/Users/BALAJI/Desktop/micropython/micropython/py/mpconfig.h:100,
                 from /mnt/c/Users/BALAJI/Desktop/micropython/micropython/py/map.c:32:
/mnt/c/Users/BALAJI/Desktop/micropython/micropython/ports/esp32/mpconfigport.h:191:2: error: #endif without #if
  191 | #endif
      |  ^~~~~
In file included from /mnt/c/Users/BALAJI/Desktop/micropython/micropython/py/mpconfig.h:100,
                 from /mnt/c/Users/BALAJI/Desktop/micropython/micropython/py/mpstate.h:31,
                 from /mnt/c/Users/BALAJI/Desktop/micropython/micropython/py/runtime.h:29,
                 from /mnt/c/Users/BALAJI/Desktop/micropython/micropython/py/objslice.c:30:
/mnt/c/Users/BALAJI/Desktop/micropython/micropython/ports/esp32/mpconfigport.h:191:2: error: #endif without #if
  191 | #endif
      |  ^~~~~
In file included from /mnt/c/Users/BALAJI/Desktop/micropython/micropython/py/mpconfig.h:100,
                 from /mnt/c/Users/BALAJI/Desktop/micropython/micropython/py/mphal.h:31,
                 from /mnt/c/Users/BALAJI/Desktop/micropython/micropython/ports/esp32/machine_timer.c:33:
/mnt/c/Users/BALAJI/Desktop/micropython/micropython/ports/esp32/mpconfigport.h:191:2: error: #endif without #if
  191 | #endif
      |  ^~~~~
In file included from /mnt/c/Users/BALAJI/Desktop/micropython/micropython/py/mpconfig.h:100,
                 from /mnt/c/Users/BALAJI/Desktop/micropython/micropython/py/smallint.h:29,
                 from /mnt/c/Users/BALAJI/Desktop/micropython/micropython/extmod/moductypes.c:31:
/mnt/c/Users/BALAJI/Desktop/micropython/micropython/ports/esp32/mpconfigport.h:191:2: error: #endif without #if
  191 | #endif
      |  ^~~~~
In file included from /mnt/c/Users/BALAJI/Desktop/micropython/micropython/py/mpconfig.h:100,
                 from /mnt/c/Users/BALAJI/Desktop/micropython/micropython/py/obj.h:31,
                 from /mnt/c/Users/BALAJI/Desktop/micropython/micropython/py/builtin.h:29,
                 from /mnt/c/Users/BALAJI/Desktop/micropython/micropython/py/modarray.c:27:
/mnt/c/Users/BALAJI/Desktop/micropython/micropython/ports/esp32/mpconfigport.h:191:2: error: #endif without #if
  191 | #endif
      |  ^~~~~
In file included from /mnt/c/Users/BALAJI/Desktop/micropython/micropython/py/mpconfig.h:100,
                 from /mnt/c/Users/BALAJI/Desktop/micropython/micropython/py/unicode.h:29,
                 from /mnt/c/Users/BALAJI/Desktop/micropython/micropython/py/objstr.c:31:
/mnt/c/Users/BALAJI/Desktop/micropython/micropython/ports/esp32/mpconfigport.h:191:2: error: #endif without #if
  191 | #endif
      |  ^~~~~
In file included from /mnt/c/Users/BALAJI/Desktop/micropython/micropython/py/mpconfig.h:100,
                 from /mnt/c/Users/BALAJI/Desktop/micropython/micropython/py/smallint.h:29,
                 from /mnt/c/Users/BALAJI/Desktop/micropython/micropython/py/modbuiltins.c:30:
/mnt/c/Users/BALAJI/Desktop/micropython/micropython/ports/esp32/mpconfigport.h:191:2: error: #endif without #if
  191 | #endif
      |  ^~~~~
In file included from /mnt/c/Users/BALAJI/Desktop/micropython/micropython/py/mpconfig.h:100,
                 from /mnt/c/Users/BALAJI/Desktop/micropython/micropython/py/mpstate.h:31,
                 from /mnt/c/Users/BALAJI/Desktop/micropython/micropython/py/runtime.h:29,
                 from /mnt/c/Users/BALAJI/Desktop/micropython/micropython/extmod/moddeflate.c:34:
/mnt/c/Users/BALAJI/Desktop/micropython/micropython/ports/esp32/mpconfigport.h:191:2: error: #endif without #if
  191 | #endif
      |  ^~~~~
In file included from /mnt/c/Users/BALAJI/Desktop/micropython/micropython/py/mpconfig.h:100,
                 from /mnt/c/Users/BALAJI/Desktop/micropython/micropython/py/mpstate.h:31,
                 from /mnt/c/Users/BALAJI/Desktop/micropython/micropython/py/runtime.h:29,
                 from /mnt/c/Users/BALAJI/Desktop/micropython/micropython/ports/esp32/machine_pin.c:36:
/mnt/c/Users/BALAJI/Desktop/micropython/micropython/ports/esp32/mpconfigport.h:191:2: error: #endif without #if
  191 | #endif
      |  ^~~~~
In file included from /mnt/c/Users/BALAJI/Desktop/micropython/micropython/py/mpconfig.h:100,
                 from /mnt/c/Users/BALAJI/Desktop/micropython/micropython/py/obj.h:31,
                 from /mnt/c/Users/BALAJI/Desktop/micropython/micropython/py/objstr.h:29,
                 from /mnt/c/Users/BALAJI/Desktop/micropython/micropython/py/objstringio.c:31:
/mnt/c/Users/BALAJI/Desktop/micropython/micropython/ports/esp32/mpconfigport.h:191:2: error: #endif without #if
  191 | #endif
      |  ^~~~~
In file included from /mnt/c/Users/BALAJI/Desktop/micropython/micropython/py/mpconfig.h:100,
                 from /mnt/c/Users/BALAJI/Desktop/micropython/micropython/py/mpstate.h:31,
                 from /mnt/c/Users/BALAJI/Desktop/micropython/micropython/py/runtime.h:29,
                 from /mnt/c/Users/BALAJI/Desktop/micropython/micropython/extmod/modhashlib.c:30:
/mnt/c/Users/BALAJI/Desktop/micropython/micropython/ports/esp32/mpconfigport.h:191:2: error: #endif without #if
  191 | #endif
      |  ^~~~~
In file included from /mnt/c/Users/BALAJI/Desktop/micropython/micropython/py/mpconfig.h:100,
                 from /mnt/c/Users/BALAJI/Desktop/micropython/micropython/py/obj.h:31,
                 from /mnt/c/Users/BALAJI/Desktop/micropython/micropython/py/builtin.h:29,
                 from /mnt/c/Users/BALAJI/Desktop/micropython/micropython/py/modcmath.c:27:
/mnt/c/Users/BALAJI/Desktop/micropython/micropython/ports/esp32/mpconfigport.h:191:2: error: #endif without #if
  191 | #endif
      |  ^~~~~
In file included from /mnt/c/Users/BALAJI/Desktop/micropython/micropython/py/mpconfig.h:100,
                 from /mnt/c/Users/BALAJI/Desktop/micropython/micropython/py/mpstate.h:31,
                 from /mnt/c/Users/BALAJI/Desktop/micropython/micropython/py/runtime.h:29,
                 from /mnt/c/Users/BALAJI/Desktop/micropython/micropython/ports/esp32/machine_touchpad.c:27:
/mnt/c/Users/BALAJI/Desktop/micropython/micropython/ports/esp32/mpconfigport.h:191:2: error: #endif without #if
  191 | #endif
      |  ^~~~~
In file included from /mnt/c/Users/BALAJI/Desktop/micropython/micropython/py/mpconfig.h:100,
                 from /mnt/c/Users/BALAJI/Desktop/micropython/micropython/py/obj.h:31,
                 from /mnt/c/Users/BALAJI/Desktop/micropython/micropython/py/objstr.h:29,
                 from /mnt/c/Users/BALAJI/Desktop/micropython/micropython/py/objstrunicode.c:31:
/mnt/c/Users/BALAJI/Desktop/micropython/micropython/ports/esp32/mpconfigport.h:191:2: error: #endif without #if
  191 | #endif
      |  ^~~~~
In file included from /mnt/c/Users/BALAJI/Desktop/micropython/micropython/py/mpconfig.h:100,
                 from /mnt/c/Users/BALAJI/Desktop/micropython/micropython/py/obj.h:31,
                 from /mnt/c/Users/BALAJI/Desktop/micropython/micropython/py/builtin.h:29,
                 from /mnt/c/Users/BALAJI/Desktop/micropython/micropython/py/modcollections.c:27:
/mnt/c/Users/BALAJI/Desktop/micropython/micropython/ports/esp32/mpconfigport.h:191:2: error: #endif without #if
  191 | #endif
      |  ^~~~~
In file included from /mnt/c/Users/BALAJI/Desktop/micropython/micropython/py/mpconfig.h:100,
                 from /mnt/c/Users/BALAJI/Desktop/micropython/micropython/py/obj.h:31,
                 from /mnt/c/Users/BALAJI/Desktop/micropython/micropython/py/objlist.h:29,
                 from /mnt/c/Users/BALAJI/Desktop/micropython/micropython/extmod/modheapq.c:27:
/mnt/c/Users/BALAJI/Desktop/micropython/micropython/ports/esp32/mpconfigport.h:191:2: error: #endif without #if
  191 | #endif
      |  ^~~~~
In file included from /mnt/c/Users/BALAJI/Desktop/micropython/micropython/py/mpconfig.h:100,
                 from /mnt/c/Users/BALAJI/Desktop/micropython/micropython/py/obj.h:31,
                 from /mnt/c/Users/BALAJI/Desktop/micropython/micropython/py/objtuple.h:29,
                 from /mnt/c/Users/BALAJI/Desktop/micropython/micropython/py/objtuple.c:31:
/mnt/c/Users/BALAJI/Desktop/micropython/micropython/ports/esp32/mpconfigport.h:191:2: error: #endif without #if
  191 | #endif
      |  ^~~~~
In file included from /mnt/c/Users/BALAJI/Desktop/micropython/micropython/py/mpconfig.h:100,
                 from /mnt/c/Users/BALAJI/Desktop/micropython/micropython/py/mpstate.h:31,
                 from /mnt/c/Users/BALAJI/Desktop/micropython/micropython/py/runtime.h:29,
                 from /mnt/c/Users/BALAJI/Desktop/micropython/micropython/ports/esp32/machine_dac.c:30:
/mnt/c/Users/BALAJI/Desktop/micropython/micropython/ports/esp32/mpconfigport.h:191:2: error: #endif without #if
  191 | #endif
      |  ^~~~~
In file included from /mnt/c/Users/BALAJI/Desktop/micropython/micropython/py/mpconfig.h:100,
                 from /mnt/c/Users/BALAJI/Desktop/micropython/micropython/py/mpstate.h:31,
                 from /mnt/c/Users/BALAJI/Desktop/micropython/micropython/py/modgc.c:27:
/mnt/c/Users/BALAJI/Desktop/micropython/micropython/ports/esp32/mpconfigport.h:191:2: error: #endif without #if
  191 | #endif
      |  ^~~~~
In file included from /mnt/c/Users/BALAJI/Desktop/micropython/micropython/py/mpconfig.h:100,
                 from /mnt/c/Users/BALAJI/Desktop/micropython/micropython/py/obj.h:31,
                 from /mnt/c/Users/BALAJI/Desktop/micropython/micropython/py/objlist.h:29,
                 from /mnt/c/Users/BALAJI/Desktop/micropython/micropython/extmod/modjson.c:29:
/mnt/c/Users/BALAJI/Desktop/micropython/micropython/ports/esp32/mpconfigport.h:191:2: error: #endif without #if
  191 | #endif
      |  ^~~~~
In file included from /mnt/c/Users/BALAJI/Desktop/micropython/micropython/py/mpconfig.h:100,
                 from /mnt/c/Users/BALAJI/Desktop/micropython/micropython/py/obj.h:31,
                 from /mnt/c/Users/BALAJI/Desktop/micropython/micropython/py/objtype.h:29,
                 from /mnt/c/Users/BALAJI/Desktop/micropython/micropython/py/objtype.c:33:
/mnt/c/Users/BALAJI/Desktop/micropython/micropython/ports/esp32/mpconfigport.h:191:2: error: #endif without #if
  191 | #endif
      |  ^~~~~
In file included from /mnt/c/Users/BALAJI/Desktop/micropython/micropython/py/mpconfig.h:100,
                 from /mnt/c/Users/BALAJI/Desktop/micropython/micropython/py/mpstate.h:31,
                 from /mnt/c/Users/BALAJI/Desktop/micropython/micropython/py/runtime.h:29,
                 from /mnt/c/Users/BALAJI/Desktop/micropython/micropython/ports/esp32/machine_i2c.c:28:
/mnt/c/Users/BALAJI/Desktop/micropython/micropython/ports/esp32/mpconfigport.h:191:2: error: #endif without #if
  191 | #endif
      |  ^~~~~
In file included from /mnt/c/Users/BALAJI/Desktop/micropython/micropython/py/mpconfig.h:100,
                 from /mnt/c/Users/BALAJI/Desktop/micropython/micropython/py/mpstate.h:31,
                 from /mnt/c/Users/BALAJI/Desktop/micropython/micropython/py/runtime.h:29,
                 from /mnt/c/Users/BALAJI/Desktop/micropython/micropython/py/modio.c:30:
/mnt/c/Users/BALAJI/Desktop/micropython/micropython/ports/esp32/mpconfigport.h:191:2: error: #endif without #if
  191 | #endif
      |  ^~~~~
In file included from /mnt/c/Users/BALAJI/Desktop/micropython/micropython/py/mpconfig.h:100,
                 from /mnt/c/Users/BALAJI/Desktop/micropython/micropython/py/mphal.h:31,
                 from /mnt/c/Users/BALAJI/Desktop/micropython/micropython/extmod/modos.c:27:
/mnt/c/Users/BALAJI/Desktop/micropython/micropython/ports/esp32/mpconfigport.h:191:2: error: #endif without #if
  191 | #endif
      |  ^~~~~
In file included from /mnt/c/Users/BALAJI/Desktop/micropython/micropython/py/mpconfig.h:100,
                 from /mnt/c/Users/BALAJI/Desktop/micropython/micropython/py/obj.h:31,
                 from /mnt/c/Users/BALAJI/Desktop/micropython/micropython/py/objtuple.h:29,
                 from /mnt/c/Users/BALAJI/Desktop/micropython/micropython/py/objzip.c:30:
/mnt/c/Users/BALAJI/Desktop/micropython/micropython/ports/esp32/mpconfigport.h:191:2: error: #endif without #if
  191 | #endif
      |  ^~~~~
In file included from /mnt/c/Users/BALAJI/Desktop/micropython/micropython/py/mpconfig.h:100,
                 from /mnt/c/Users/BALAJI/Desktop/micropython/micropython/py/obj.h:31,
                 from /mnt/c/Users/BALAJI/Desktop/micropython/micropython/py/builtin.h:29,
                 from /mnt/c/Users/BALAJI/Desktop/micropython/micropython/py/modmath.c:27:
/mnt/c/Users/BALAJI/Desktop/micropython/micropython/ports/esp32/mpconfigport.h:191:2: error: #endif without #if
  191 | #endif
      |  ^~~~~
In file included from /mnt/c/Users/BALAJI/Desktop/micropython/micropython/py/mpconfig.h:100,
                 from /mnt/c/Users/BALAJI/Desktop/micropython/micropython/py/mpstate.h:31,
                 from /mnt/c/Users/BALAJI/Desktop/micropython/micropython/py/runtime.h:29,
                 from /mnt/c/Users/BALAJI/Desktop/micropython/micropython/ports/esp32/network_common.c:36:
/mnt/c/Users/BALAJI/Desktop/micropython/micropython/ports/esp32/mpconfigport.h:191:2: error: #endif without #if
  191 | #endif
      |  ^~~~~
In file included from /mnt/c/Users/BALAJI/Desktop/micropython/micropython/py/mpconfig.h:100,
                 from /mnt/c/Users/BALAJI/Desktop/micropython/micropython/py/mpstate.h:31,
                 from /mnt/c/Users/BALAJI/Desktop/micropython/micropython/py/runtime.h:29,
                 from /mnt/c/Users/BALAJI/Desktop/micropython/micropython/extmod/modplatform.c:28:
/mnt/c/Users/BALAJI/Desktop/micropython/micropython/ports/esp32/mpconfigport.h:191:2: error: #endif without #if
  191 | #endif
      |  ^~~~~
In file included from /mnt/c/Users/BALAJI/Desktop/micropython/micropython/py/mpconfig.h:100,
                 from /mnt/c/Users/BALAJI/Desktop/micropython/micropython/py/obj.h:31,
                 from /mnt/c/Users/BALAJI/Desktop/micropython/micropython/py/opmethods.c:27:
/mnt/c/Users/BALAJI/Desktop/micropython/micropython/ports/esp32/mpconfigport.h:191:2: error: #endif without #if
  191 | #endif
      |  ^~~~~
In file included from /mnt/c/Users/BALAJI/Desktop/micropython/micropython/py/mpconfig.h:100,
                 from /mnt/c/Users/BALAJI/Desktop/micropython/micropython/py/obj.h:31,
                 from /mnt/c/Users/BALAJI/Desktop/micropython/micropython/py/builtin.h:29,
                 from /mnt/c/Users/BALAJI/Desktop/micropython/micropython/py/modmicropython.c:29:
/mnt/c/Users/BALAJI/Desktop/micropython/micropython/ports/esp32/mpconfigport.h:191:2: error: #endif without #if
  191 | #endif
      |  ^~~~~
In file included from /mnt/c/Users/BALAJI/Desktop/micropython/micropython/py/mpconfig.h:100,
                 from /mnt/c/Users/BALAJI/Desktop/micropython/micropython/py/mpstate.h:31,
                 from /mnt/c/Users/BALAJI/Desktop/micropython/micropython/py/runtime.h:29,
                 from /mnt/c/Users/BALAJI/Desktop/micropython/micropython/extmod/modrandom.c:30:
/mnt/c/Users/BALAJI/Desktop/micropython/micropython/ports/esp32/mpconfigport.h:191:2: error: #endif without #if
  191 | #endif
      |  ^~~~~
In file included from /mnt/c/Users/BALAJI/Desktop/micropython/micropython/py/mpconfig.h:100,
                 from /mnt/c/Users/BALAJI/Desktop/micropython/micropython/py/obj.h:31,
                 from /mnt/c/Users/BALAJI/Desktop/micropython/micropython/py/pairheap.h:39,
                 from /mnt/c/Users/BALAJI/Desktop/micropython/micropython/py/pairheap.c:27:
/mnt/c/Users/BALAJI/Desktop/micropython/micropython/ports/esp32/mpconfigport.h:191:2: error: #endif without #if
  191 | #endif
      |  ^~~~~
In file included from /mnt/c/Users/BALAJI/Desktop/micropython/micropython/py/mpconfig.h:100,
                 from /mnt/c/Users/BALAJI/Desktop/micropython/micropython/py/mpstate.h:31,
                 from /mnt/c/Users/BALAJI/Desktop/micropython/micropython/py/runtime.h:29,
                 from /mnt/c/Users/BALAJI/Desktop/micropython/micropython/ports/esp32/network_lan.c:30:
/mnt/c/Users/BALAJI/Desktop/micropython/micropython/ports/esp32/mpconfigport.h:191:2: error: #endif without #if
  191 | #endif
      |  ^~~~~
In file included from /mnt/c/Users/BALAJI/Desktop/micropython/micropython/py/mpconfig.h:100,
                 from /mnt/c/Users/BALAJI/Desktop/micropython/micropython/py/mpstate.h:31,
                 from /mnt/c/Users/BALAJI/Desktop/micropython/micropython/py/runtime.h:29,
                 from /mnt/c/Users/BALAJI/Desktop/micropython/micropython/py/modstruct.c:31:
/mnt/c/Users/BALAJI/Desktop/micropython/micropython/ports/esp32/mpconfigport.h:191:2: error: #endif without #if
  191 | #endif
      |  ^~~~~
In file included from /mnt/c/Users/BALAJI/Desktop/micropython/micropython/py/mpconfig.h:100,
                 from /mnt/c/Users/BALAJI/Desktop/micropython/micropython/py/mpstate.h:31,
                 from /mnt/c/Users/BALAJI/Desktop/micropython/micropython/py/runtime.h:29,
                 from /mnt/c/Users/BALAJI/Desktop/micropython/micropython/extmod/modre.c:31:
/mnt/c/Users/BALAJI/Desktop/micropython/micropython/ports/esp32/mpconfigport.h:191:2: error: #endif without #if
  191 | #endif
      |  ^~~~~
In file included from /mnt/c/Users/BALAJI/Desktop/micropython/micropython/py/mpconfig.h:100,
                 from /mnt/c/Users/BALAJI/Desktop/micropython/micropython/py/lexer.h:31,
                 from /mnt/c/Users/BALAJI/Desktop/micropython/micropython/py/parse.c:34:
/mnt/c/Users/BALAJI/Desktop/micropython/micropython/ports/esp32/mpconfigport.h:191:2: error: #endif without #if
  191 | #endif
      |  ^~~~~
In file included from /mnt/c/Users/BALAJI/Desktop/micropython/micropython/py/mpconfig.h:100,
                 from /mnt/c/Users/BALAJI/Desktop/micropython/micropython/py/mpstate.h:31,
                 from /mnt/c/Users/BALAJI/Desktop/micropython/micropython/py/runtime.h:29,
                 from /mnt/c/Users/BALAJI/Desktop/micropython/micropython/ports/esp32/network_ppp.c:34:
/mnt/c/Users/BALAJI/Desktop/micropython/micropython/ports/esp32/mpconfigport.h:191:2: error: #endif without #if
  191 | #endif
      |  ^~~~~
In file included from /mnt/c/Users/BALAJI/Desktop/micropython/micropython/py/mpconfig.h:100,
                 from /mnt/c/Users/BALAJI/Desktop/micropython/micropython/py/obj.h:31,
                 from /mnt/c/Users/BALAJI/Desktop/micropython/micropython/py/builtin.h:29,
                 from /mnt/c/Users/BALAJI/Desktop/micropython/micropython/py/modsys.c:28:
/mnt/c/Users/BALAJI/Desktop/micropython/micropython/ports/esp32/mpconfigport.h:191:2: error: #endif without #if
  191 | #endif
      |  ^~~~~
In file included from /mnt/c/Users/BALAJI/Desktop/micropython/micropython/py/mpconfig.h:100,
                 from /mnt/c/Users/BALAJI/Desktop/micropython/micropython/extmod/modselect.c:28:
/mnt/c/Users/BALAJI/Desktop/micropython/micropython/ports/esp32/mpconfigport.h:191:2: error: #endif without #if
  191 | #endif
      |  ^~~~~
In file included from /mnt/c/Users/BALAJI/Desktop/micropython/micropython/py/mpconfig.h:100,
                 from /mnt/c/Users/BALAJI/Desktop/micropython/micropython/py/mpstate.h:31,
                 from /mnt/c/Users/BALAJI/Desktop/micropython/micropython/py/runtime.h:29,
                 from /mnt/c/Users/BALAJI/Desktop/micropython/micropython/py/parsenum.c:30:
/mnt/c/Users/BALAJI/Desktop/micropython/micropython/ports/esp32/mpconfigport.h:191:2: error: #endif without #if
  191 | #endif
      |  ^~~~~
In file included from /mnt/c/Users/BALAJI/Desktop/micropython/micropython/py/mpconfig.h:100,
                 from /mnt/c/Users/BALAJI/Desktop/micropython/micropython/py/mpstate.h:31,
                 from /mnt/c/Users/BALAJI/Desktop/micropython/micropython/py/runtime.h:29,
                 from /mnt/c/Users/BALAJI/Desktop/micropython/micropython/py/modthread.c:30:
/mnt/c/Users/BALAJI/Desktop/micropython/micropython/ports/esp32/mpconfigport.h:191:2: error: #endif without #if
  191 | #endif
      |  ^~~~~
In file included from /mnt/c/Users/BALAJI/Desktop/micropython/micropython/py/mpconfig.h:100,
                 from /mnt/c/Users/BALAJI/Desktop/micropython/micropython/py/parsenumbase.c:27:
/mnt/c/Users/BALAJI/Desktop/micropython/micropython/ports/esp32/mpconfigport.h:191:2: error: #endif without #if
  191 | #endif
      |  ^~~~~
In file included from /mnt/c/Users/BALAJI/Desktop/micropython/micropython/py/mpconfig.h:100,
                 from /mnt/c/Users/BALAJI/Desktop/micropython/micropython/py/obj.h:31,
                 from /mnt/c/Users/BALAJI/Desktop/micropython/micropython/py/objtuple.h:29,
                 from /mnt/c/Users/BALAJI/Desktop/micropython/micropython/extmod/modsocket.c:30:
/mnt/c/Users/BALAJI/Desktop/micropython/micropython/ports/esp32/mpconfigport.h:191:2: error: #endif without #if
  191 | #endif
      |  ^~~~~
In file included from /mnt/c/Users/BALAJI/Desktop/micropython/micropython/py/mpconfig.h:100,
                 from /mnt/c/Users/BALAJI/Desktop/micropython/micropython/py/obj.h:31,
                 from /mnt/c/Users/BALAJI/Desktop/micropython/micropython/py/objlist.h:29,
                 from /mnt/c/Users/BALAJI/Desktop/micropython/micropython/ports/esp32/network_wlan.c:36:
/mnt/c/Users/BALAJI/Desktop/micropython/micropython/ports/esp32/mpconfigport.h:191:2: error: #endif without #if
  191 | #endif
      |  ^~~~~
In file included from /mnt/c/Users/BALAJI/Desktop/micropython/micropython/py/mpconfig.h:100,
                 from /mnt/c/Users/BALAJI/Desktop/micropython/micropython/py/obj.h:31,
                 from /mnt/c/Users/BALAJI/Desktop/micropython/micropython/py/moderrno.c:30:
/mnt/c/Users/BALAJI/Desktop/micropython/micropython/ports/esp32/mpconfigport.h:191:2: error: #endif without #if
  191 | #endif
      |  ^~~~~
In file included from /mnt/c/Users/BALAJI/Desktop/micropython/micropython/py/mpconfig.h:100,
                 from /mnt/c/Users/BALAJI/Desktop/micropython/micropython/py/obj.h:31,
                 from /mnt/c/Users/BALAJI/Desktop/micropython/micropython/py/reader.h:29,
                 from /mnt/c/Users/BALAJI/Desktop/micropython/micropython/py/persistentcode.c:32:
/mnt/c/Users/BALAJI/Desktop/micropython/micropython/ports/esp32/mpconfigport.h:191:2: error: #endif without #if
  191 | #endif
      |  ^~~~~
In file included from /mnt/c/Users/BALAJI/Desktop/micropython/micropython/py/mpconfig.h:100,
                 from /mnt/c/Users/BALAJI/Desktop/micropython/micropython/py/mpstate.h:31,
                 from /mnt/c/Users/BALAJI/Desktop/micropython/micropython/py/runtime.h:29,
                 from /mnt/c/Users/BALAJI/Desktop/micropython/micropython/extmod/modtls_axtls.c:31:
/mnt/c/Users/BALAJI/Desktop/micropython/micropython/ports/esp32/mpconfigport.h:191:2: error: #endif without #if
  191 | #endif
      |  ^~~~~
In file included from /mnt/c/Users/BALAJI/Desktop/micropython/micropython/py/mpconfig.h:100,
                 from /mnt/c/Users/BALAJI/Desktop/micropython/micropython/py/mpstate.h:31,
                 from /mnt/c/Users/BALAJI/Desktop/micropython/micropython/py/runtime.h:29,
                 from /mnt/c/Users/BALAJI/Desktop/micropython/micropython/ports/esp32/mpnimbleport.c:27:
/mnt/c/Users/BALAJI/Desktop/micropython/micropython/ports/esp32/mpconfigport.h:191:2: error: #endif without #if
  191 | #endif
      |  ^~~~~
In file included from /mnt/c/Users/BALAJI/Desktop/micropython/micropython/py/mpconfig.h:100,
                 from /mnt/c/Users/BALAJI/Desktop/micropython/micropython/py/mphal.h:31,
                 from /mnt/c/Users/BALAJI/Desktop/micropython/micropython/py/mpprint.c:33:
/mnt/c/Users/BALAJI/Desktop/micropython/micropython/ports/esp32/mpconfigport.h:191:2: error: #endif without #if
  191 | #endif
      |  ^~~~~
In file included from /mnt/c/Users/BALAJI/Desktop/micropython/micropython/py/mpconfig.h:100,
                 from /mnt/c/Users/BALAJI/Desktop/micropython/micropython/extmod/modtls_mbedtls.c:29:
/mnt/c/Users/BALAJI/Desktop/micropython/micropython/ports/esp32/mpconfigport.h:191:2: error: #endif without #if
  191 | #endif
      |  ^~~~~
In file included from /mnt/c/Users/BALAJI/Desktop/micropython/micropython/py/mpconfig.h:100,
                 from /mnt/c/Users/BALAJI/Desktop/micropython/micropython/py/obj.h:31,
                 from /mnt/c/Users/BALAJI/Desktop/micropython/micropython/py/emitglue.h:29,
                 from /mnt/c/Users/BALAJI/Desktop/micropython/micropython/py/profile.h:30,
                 from /mnt/c/Users/BALAJI/Desktop/micropython/micropython/py/profile.c:27:
/mnt/c/Users/BALAJI/Desktop/micropython/micropython/ports/esp32/mpconfigport.h:191:2: error: #endif without #if
  191 | #endif
      |  ^~~~~
In file included from /mnt/c/Users/BALAJI/Desktop/micropython/micropython/py/mpconfig.h:100,
                 from /mnt/c/Users/BALAJI/Desktop/micropython/micropython/py/mpprint.h:29,
                 from /mnt/c/Users/BALAJI/Desktop/micropython/micropython/py/gc.h:31,
                 from /mnt/c/Users/BALAJI/Desktop/micropython/micropython/ports/esp32/modsocket.c:39:
/mnt/c/Users/BALAJI/Desktop/micropython/micropython/ports/esp32/mpconfigport.h:191:2: error: #endif without #if
  191 | #endif
      |  ^~~~~
In file included from /mnt/c/Users/BALAJI/Desktop/micropython/micropython/py/mpconfig.h:100,
                 from /mnt/c/Users/BALAJI/Desktop/micropython/micropython/py/mpstate.h:31,
                 from /mnt/c/Users/BALAJI/Desktop/micropython/micropython/py/mpstate.c:27:
/mnt/c/Users/BALAJI/Desktop/micropython/micropython/ports/esp32/mpconfigport.h:191:2: error: #endif without #if
  191 | #endif
      |  ^~~~~
In file included from /mnt/c/Users/BALAJI/Desktop/micropython/micropython/py/mpconfig.h:100,
                 from /mnt/c/Users/BALAJI/Desktop/micropython/micropython/py/mpstate.h:31,
                 from /mnt/c/Users/BALAJI/Desktop/micropython/micropython/py/runtime.h:29,
                 from /mnt/c/Users/BALAJI/Desktop/micropython/micropython/py/pystack.c:29:
/mnt/c/Users/BALAJI/Desktop/micropython/micropython/ports/esp32/mpconfigport.h:191:2: error: #endif without #if
  191 | #endif
      |  ^~~~~
In file included from /mnt/c/Users/BALAJI/Desktop/micropython/micropython/py/mpconfig.h:100,
                 from /mnt/c/Users/BALAJI/Desktop/micropython/micropython/py/mpz.h:31,
                 from /mnt/c/Users/BALAJI/Desktop/micropython/micropython/py/mpz.c:30:
/mnt/c/Users/BALAJI/Desktop/micropython/micropython/ports/esp32/mpconfigport.h:191:2: error: #endif without #if
  191 | #endif
      |  ^~~~~
In file included from /mnt/c/Users/BALAJI/Desktop/micropython/micropython/py/mpconfig.h:100,
                 from /mnt/c/Users/BALAJI/Desktop/micropython/micropython/py/mphal.h:31,
                 from /mnt/c/Users/BALAJI/Desktop/micropython/micropython/extmod/modtime.c:28:
/mnt/c/Users/BALAJI/Desktop/micropython/micropython/ports/esp32/mpconfigport.h:191:2: error: #endif without #if
  191 | #endif
      |  ^~~~~
In file included from /mnt/c/Users/BALAJI/Desktop/micropython/micropython/py/mpconfig.h:100,
                 from /mnt/c/Users/BALAJI/Desktop/micropython/micropython/py/mpstate.h:31,
                 from /mnt/c/Users/BALAJI/Desktop/micropython/micropython/py/qstr.c:31:
/mnt/c/Users/BALAJI/Desktop/micropython/micropython/ports/esp32/mpconfigport.h:191:2: error: #endif without #if
  191 | #endif
      |  ^~~~~
In file included from /mnt/c/Users/BALAJI/Desktop/micropython/micropython/py/mpconfig.h:100,
                 from /mnt/c/Users/BALAJI/Desktop/micropython/micropython/py/obj.h:31,
                 from /mnt/c/Users/BALAJI/Desktop/micropython/micropython/py/binary.h:30,
                 from /mnt/c/Users/BALAJI/Desktop/micropython/micropython/py/nativeglue.c:32:
/mnt/c/Users/BALAJI/Desktop/micropython/micropython/ports/esp32/mpconfigport.h:191:2: error: #endif without #if
  191 | #endif
      |  ^~~~~
In file included from /mnt/c/Users/BALAJI/Desktop/micropython/micropython/py/mpconfig.h:100,
                 from /mnt/c/Users/BALAJI/Desktop/micropython/micropython/py/mpstate.h:31,
                 from /mnt/c/Users/BALAJI/Desktop/micropython/micropython/py/runtime.h:29,
                 from /mnt/c/Users/BALAJI/Desktop/micropython/micropython/py/reader.c:30:
/mnt/c/Users/BALAJI/Desktop/micropython/micropython/ports/esp32/mpconfigport.h:191:2: error: #endif without #if
  191 | #endif
      |  ^~~~~
In file included from /mnt/c/Users/BALAJI/Desktop/micropython/micropython/py/mpconfig.h:100,
                 from /mnt/c/Users/BALAJI/Desktop/micropython/micropython/py/mpstate.h:31,
                 from /mnt/c/Users/BALAJI/Desktop/micropython/micropython/py/runtime.h:29,
                 from /mnt/c/Users/BALAJI/Desktop/micropython/micropython/extmod/modvfs.c:27:
/mnt/c/Users/BALAJI/Desktop/micropython/micropython/ports/esp32/mpconfigport.h:191:2: error: #endif without #if
  191 | #endif
      |  ^~~~~
In file included from /mnt/c/Users/BALAJI/Desktop/micropython/micropython/py/mpconfig.h:100,
                 from /mnt/c/Users/BALAJI/Desktop/micropython/micropython/py/mpstate.h:31,
                 from /mnt/c/Users/BALAJI/Desktop/micropython/micropython/py/runtime.h:29,
                 from /mnt/c/Users/BALAJI/Desktop/micropython/micropython/ports/esp32/modesp.c:35:
/mnt/c/Users/BALAJI/Desktop/micropython/micropython/ports/esp32/mpconfigport.h:191:2: error: #endif without #if
  191 | #endif
      |  ^~~~~
In file included from /mnt/c/Users/BALAJI/Desktop/micropython/micropython/py/mpconfig.h:100,
                 from /mnt/c/Users/BALAJI/Desktop/micropython/micropython/py/mpstate.h:31,
                 from /mnt/c/Users/BALAJI/Desktop/micropython/micropython/py/nlr.c:27:
/mnt/c/Users/BALAJI/Desktop/micropython/micropython/ports/esp32/mpconfigport.h:191:2: error: #endif without #if
  191 | #endif
      |  ^~~~~
In file included from /mnt/c/Users/BALAJI/Desktop/micropython/micropython/py/mpconfig.h:100,
                 from /mnt/c/Users/BALAJI/Desktop/micropython/micropython/py/obj.h:31,
                 from /mnt/c/Users/BALAJI/Desktop/micropython/micropython/py/repl.c:28:
/mnt/c/Users/BALAJI/Desktop/micropython/micropython/ports/esp32/mpconfigport.h:191:2: error: #endif without #if
  191 | #endif
      |  ^~~~~
In file included from /mnt/c/Users/BALAJI/Desktop/micropython/micropython/py/mpconfig.h:100,
                 from /mnt/c/Users/BALAJI/Desktop/micropython/micropython/py/mpstate.h:31,
                 from /mnt/c/Users/BALAJI/Desktop/micropython/micropython/py/runtime.h:29,
                 from /mnt/c/Users/BALAJI/Desktop/micropython/micropython/extmod/modwebsocket.c:31:
/mnt/c/Users/BALAJI/Desktop/micropython/micropython/ports/esp32/mpconfigport.h:191:2: error: #endif without #if
  191 | #endif
      |  ^~~~~
In file included from /mnt/c/Users/BALAJI/Desktop/micropython/micropython/py/mpconfig.h:100,
                 from /mnt/c/Users/BALAJI/Desktop/micropython/micropython/py/mpstate.h:31,
                 from /mnt/c/Users/BALAJI/Desktop/micropython/micropython/py/nlraarch64.c:27:
/mnt/c/Users/BALAJI/Desktop/micropython/micropython/ports/esp32/mpconfigport.h:191:2: error: #endif without #if
  191 | #endif
      |  ^~~~~
In file included from /mnt/c/Users/BALAJI/Desktop/micropython/micropython/py/mpconfig.h:100,
                 from /mnt/c/Users/BALAJI/Desktop/micropython/micropython/py/mpstate.h:31,
                 from /mnt/c/Users/BALAJI/Desktop/micropython/micropython/py/runtime.h:29,
                 from /mnt/c/Users/BALAJI/Desktop/micropython/micropython/ports/esp32/esp32_nvs.c:29:
/mnt/c/Users/BALAJI/Desktop/micropython/micropython/ports/esp32/mpconfigport.h:191:2: error: #endif without #if
  191 | #endif
      |  ^~~~~
In file included from /mnt/c/Users/BALAJI/Desktop/micropython/micropython/py/mpconfig.h:100,
                 from /mnt/c/Users/BALAJI/Desktop/micropython/micropython/py/ringbuf.h:33,
                 from /mnt/c/Users/BALAJI/Desktop/micropython/micropython/py/ringbuf.c:27:
/mnt/c/Users/BALAJI/Desktop/micropython/micropython/ports/esp32/mpconfigport.h:191:2: error: #endif without #if
  191 | #endif
      |  ^~~~~
In file included from /mnt/c/Users/BALAJI/Desktop/micropython/micropython/py/mpconfig.h:100,
                 from /mnt/c/Users/BALAJI/Desktop/micropython/micropython/py/mpstate.h:31,
                 from /mnt/c/Users/BALAJI/Desktop/micropython/micropython/py/runtime.h:29,
                 from /mnt/c/Users/BALAJI/Desktop/micropython/micropython/extmod/modwebrepl.c:31:
/mnt/c/Users/BALAJI/Desktop/micropython/micropython/ports/esp32/mpconfigport.h:191:2: error: #endif without #if
  191 | #endif
      |  ^~~~~
In file included from /mnt/c/Users/BALAJI/Desktop/micropython/micropython/py/mpconfig.h:100,
                 from /mnt/c/Users/BALAJI/Desktop/micropython/micropython/py/mpstate.h:31,
                 from /mnt/c/Users/BALAJI/Desktop/micropython/micropython/py/nlrmips.c:27:
/mnt/c/Users/BALAJI/Desktop/micropython/micropython/ports/esp32/mpconfigport.h:191:2: error: #endif without #if
  191 | #endif
      |  ^~~~~
In file included from /mnt/c/Users/BALAJI/Desktop/micropython/micropython/py/mpconfig.h:100,
                 from /mnt/c/Users/BALAJI/Desktop/micropython/micropython/py/mpstate.h:31,
                 from /mnt/c/Users/BALAJI/Desktop/micropython/micropython/py/runtime.h:29,
                 from /mnt/c/Users/BALAJI/Desktop/micropython/micropython/ports/esp32/esp32_partition.c:29:
/mnt/c/Users/BALAJI/Desktop/micropython/micropython/ports/esp32/mpconfigport.h:191:2: error: #endif without #if
  191 | #endif
      |  ^~~~~
In file included from /mnt/c/Users/BALAJI/Desktop/micropython/micropython/py/mpconfig.h:100,
                 from /mnt/c/Users/BALAJI/Desktop/micropython/micropython/py/parsenum.h:29,
                 from /mnt/c/Users/BALAJI/Desktop/micropython/micropython/py/runtime.c:34:
/mnt/c/Users/BALAJI/Desktop/micropython/micropython/ports/esp32/mpconfigport.h:191:2: error: #endif without #if
  191 | #endif
      |  ^~~~~
In file included from /mnt/c/Users/BALAJI/Desktop/micropython/micropython/py/mpconfig.h:100,
                 from /mnt/c/Users/BALAJI/Desktop/micropython/micropython/py/mpstate.h:31,
                 from /mnt/c/Users/BALAJI/Desktop/micropython/micropython/py/runtime.h:29,
                 from /mnt/c/Users/BALAJI/Desktop/micropython/micropython/extmod/network_cyw43.c:29:
/mnt/c/Users/BALAJI/Desktop/micropython/micropython/ports/esp32/mpconfigport.h:191:2: error: #endif without #if
  191 | #endif
      |  ^~~~~
In file included from /mnt/c/Users/BALAJI/Desktop/micropython/micropython/py/mpconfig.h:100,
                 from /mnt/c/Users/BALAJI/Desktop/micropython/micropython/py/mpstate.h:31,
                 from /mnt/c/Users/BALAJI/Desktop/micropython/micropython/py/nlrpowerpc.c:27:
/mnt/c/Users/BALAJI/Desktop/micropython/micropython/ports/esp32/mpconfigport.h:191:2: error: #endif without #if
  191 | #endif
      |  ^~~~~
In file included from /mnt/c/Users/BALAJI/Desktop/micropython/micropython/py/mpconfig.h:100,
                 from /mnt/c/Users/BALAJI/Desktop/micropython/micropython/py/mpstate.h:31,
                 from /mnt/c/Users/BALAJI/Desktop/micropython/micropython/py/runtime.h:29,
                 from /mnt/c/Users/BALAJI/Desktop/micropython/micropython/py/runtime_utils.c:28:
/mnt/c/Users/BALAJI/Desktop/micropython/micropython/ports/esp32/mpconfigport.h:191:2: error: #endif without #if
  191 | #endif
      |  ^~~~~
In file included from /mnt/c/Users/BALAJI/Desktop/micropython/micropython/py/mpconfig.h:100,
                 from /mnt/c/Users/BALAJI/Desktop/micropython/micropython/py/mpstate.h:31,
                 from /mnt/c/Users/BALAJI/Desktop/micropython/micropython/py/runtime.h:29,
                 from /mnt/c/Users/BALAJI/Desktop/micropython/micropython/ports/esp32/esp32_pcnt.c:28:
/mnt/c/Users/BALAJI/Desktop/micropython/micropython/ports/esp32/mpconfigport.h:191:2: error: #endif without #if
  191 | #endif
      |  ^~~~~
In file included from /mnt/c/Users/BALAJI/Desktop/micropython/micropython/py/mpconfig.h:100,
                 from /mnt/c/Users/BALAJI/Desktop/micropython/micropython/py/mpstate.h:31,
                 from /mnt/c/Users/BALAJI/Desktop/micropython/micropython/py/runtime.h:29,
                 from /mnt/c/Users/BALAJI/Desktop/micropython/micropython/extmod/network_lwip.c:27:
/mnt/c/Users/BALAJI/Desktop/micropython/micropython/ports/esp32/mpconfigport.h:191:2: error: #endif without #if
  191 | #endif
      |  ^~~~~
In file included from /mnt/c/Users/BALAJI/Desktop/micropython/micropython/py/mpconfig.h:100,
                 from /mnt/c/Users/BALAJI/Desktop/micropython/micropython/py/mpstate.h:31,
                 from /mnt/c/Users/BALAJI/Desktop/micropython/micropython/py/nlrrv32.c:27:
/mnt/c/Users/BALAJI/Desktop/micropython/micropython/ports/esp32/mpconfigport.h:191:2: error: #endif without #if
  191 | #endif
      |  ^~~~~
In file included from /mnt/c/Users/BALAJI/Desktop/micropython/micropython/py/mpconfig.h:100,
                 from /mnt/c/Users/BALAJI/Desktop/micropython/micropython/py/mphal.h:31,
                 from /mnt/c/Users/BALAJI/Desktop/micropython/micropython/py/scheduler.c:29:
/mnt/c/Users/BALAJI/Desktop/micropython/micropython/ports/esp32/mpconfigport.h:191:2: error: #endif without #if
  191 | #endif
      |  ^~~~~
In file included from /mnt/c/Users/BALAJI/Desktop/micropython/micropython/py/mpconfig.h:100,
                 from /mnt/c/Users/BALAJI/Desktop/micropython/micropython/py/mphal.h:31,
                 from /mnt/c/Users/BALAJI/Desktop/micropython/micropython/ports/esp32/esp32_rmt.c:28:
/mnt/c/Users/BALAJI/Desktop/micropython/micropython/ports/esp32/mpconfigport.h:191:2: error: #endif without #if
  191 | #endif
      |  ^~~~~
In file included from /mnt/c/Users/BALAJI/Desktop/micropython/micropython/py/mpconfig.h:100,
                 from /mnt/c/Users/BALAJI/Desktop/micropython/micropython/py/mphal.h:31,
                 from /mnt/c/Users/BALAJI/Desktop/micropython/micropython/extmod/network_ninaw10.c:29:
/mnt/c/Users/BALAJI/Desktop/micropython/micropython/ports/esp32/mpconfigport.h:191:2: error: #endif without #if
  191 | #endif
      |  ^~~~~
In file included from /mnt/c/Users/BALAJI/Desktop/micropython/micropython/py/mpconfig.h:100,
                 from /mnt/c/Users/BALAJI/Desktop/micropython/micropython/py/mpstate.h:31,
                 from /mnt/c/Users/BALAJI/Desktop/micropython/micropython/py/nlrrv64.c:27:
/mnt/c/Users/BALAJI/Desktop/micropython/micropython/ports/esp32/mpconfigport.h:191:2: error: #endif without #if
  191 | #endif
      |  ^~~~~
In file included from /mnt/c/Users/BALAJI/Desktop/micropython/micropython/py/mpconfig.h:100,
                 from /mnt/c/Users/BALAJI/Desktop/micropython/micropython/py/obj.h:31,
                 from /mnt/c/Users/BALAJI/Desktop/micropython/micropython/py/parse.h:32,
                 from /mnt/c/Users/BALAJI/Desktop/micropython/micropython/py/scope.h:29,
                 from /mnt/c/Users/BALAJI/Desktop/micropython/micropython/py/scope.c:29:
/mnt/c/Users/BALAJI/Desktop/micropython/micropython/ports/esp32/mpconfigport.h:191:2: error: #endif without #if
  191 | #endif
      |  ^~~~~
In file included from /mnt/c/Users/BALAJI/Desktop/micropython/micropython/py/mpconfig.h:100,
                 from /mnt/c/Users/BALAJI/Desktop/micropython/micropython/py/mpstate.h:31,
                 from /mnt/c/Users/BALAJI/Desktop/micropython/micropython/py/runtime.h:29,
                 from /mnt/c/Users/BALAJI/Desktop/micropython/micropython/ports/esp32/esp32_ulp.c:27:
/mnt/c/Users/BALAJI/Desktop/micropython/micropython/ports/esp32/mpconfigport.h:191:2: error: #endif without #if
  191 | #endif
      |  ^~~~~
In file included from /mnt/c/Users/BALAJI/Desktop/micropython/micropython/py/mpconfig.h:100,
                 from /mnt/c/Users/BALAJI/Desktop/micropython/micropython/py/mpstate.h:31,
                 from /mnt/c/Users/BALAJI/Desktop/micropython/micropython/py/runtime.h:29,
                 from /mnt/c/Users/BALAJI/Desktop/micropython/micropython/extmod/network_ppp_lwip.c:31:
/mnt/c/Users/BALAJI/Desktop/micropython/micropython/ports/esp32/mpconfigport.h:191:2: error: #endif without #if
  191 | #endif
      |  ^~~~~
In file included from /mnt/c/Users/BALAJI/Desktop/micropython/micropython/py/mpconfig.h:100,
                 from /mnt/c/Users/BALAJI/Desktop/micropython/micropython/py/mpstate.h:31,
                 from /mnt/c/Users/BALAJI/Desktop/micropython/micropython/py/nlrsetjmp.c:27:
/mnt/c/Users/BALAJI/Desktop/micropython/micropython/ports/esp32/mpconfigport.h:191:2: error: #endif without #if
  191 | #endif
      |  ^~~~~
In file included from /mnt/c/Users/BALAJI/Desktop/micropython/micropython/py/mpconfig.h:100,
                 from /mnt/c/Users/BALAJI/Desktop/micropython/micropython/py/mpstate.h:31,
                 from /mnt/c/Users/BALAJI/Desktop/micropython/micropython/py/runtime.h:29,
                 from /mnt/c/Users/BALAJI/Desktop/micropython/micropython/py/sequence.c:30:
/mnt/c/Users/BALAJI/Desktop/micropython/micropython/ports/esp32/mpconfigport.h:191:2: error: #endif without #if
  191 | #endif
      |  ^~~~~
In file included from /mnt/c/Users/BALAJI/Desktop/micropython/micropython/py/mpconfig.h:100,
                 from /mnt/c/Users/BALAJI/Desktop/micropython/micropython/py/mpstate.h:31,
                 from /mnt/c/Users/BALAJI/Desktop/micropython/micropython/py/runtime.h:29,
                 from /mnt/c/Users/BALAJI/Desktop/micropython/micropython/ports/esp32/esp32_ldo.c:29:
/mnt/c/Users/BALAJI/Desktop/micropython/micropython/ports/esp32/mpconfigport.h:191:2: error: #endif without #if
  191 | #endif
      |  ^~~~~
In file included from /mnt/c/Users/BALAJI/Desktop/micropython/micropython/py/mpconfig.h:100,
                 from /mnt/c/Users/BALAJI/Desktop/micropython/micropython/py/mpstate.h:31,
                 from /mnt/c/Users/BALAJI/Desktop/micropython/micropython/py/nlrthumb.c:27:
/mnt/c/Users/BALAJI/Desktop/micropython/micropython/ports/esp32/mpconfigport.h:191:2: error: #endif without #if
  191 | #endif
      |  ^~~~~
In file included from /mnt/c/Users/BALAJI/Desktop/micropython/micropython/py/mpconfig.h:100,
                 from /mnt/c/Users/BALAJI/Desktop/micropython/micropython/py/mpstate.h:31,
                 from /mnt/c/Users/BALAJI/Desktop/micropython/micropython/py/runtime.h:29,
                 from /mnt/c/Users/BALAJI/Desktop/micropython/micropython/extmod/network_wiznet5k.c:32:
/mnt/c/Users/BALAJI/Desktop/micropython/micropython/ports/esp32/mpconfigport.h:191:2: error: #endif without #if
  191 | #endif
      |  ^~~~~
In file included from /mnt/c/Users/BALAJI/Desktop/micropython/micropython/py/mpconfig.h:100,
                 from /mnt/c/Users/BALAJI/Desktop/micropython/micropython/py/obj.h:31,
                 from /mnt/c/Users/BALAJI/Desktop/micropython/micropython/py/emitglue.h:29,
                 from /mnt/c/Users/BALAJI/Desktop/micropython/micropython/py/showbc.c:31:
/mnt/c/Users/BALAJI/Desktop/micropython/micropython/ports/esp32/mpconfigport.h:191:2: error: #endif without #if
  191 | #endif
      |  ^~~~~
In file included from /mnt/c/Users/BALAJI/Desktop/micropython/micropython/py/mpconfig.h:100,
                 from /mnt/c/Users/BALAJI/Desktop/micropython/micropython/py/mpstate.h:31,
                 from /mnt/c/Users/BALAJI/Desktop/micropython/micropython/py/nlrx64.c:27:
/mnt/c/Users/BALAJI/Desktop/micropython/micropython/ports/esp32/mpconfigport.h:191:2: error: #endif without #if
  191 | #endif
      |  ^~~~~
In file included from /mnt/c/Users/BALAJI/Desktop/micropython/micropython/py/mpconfig.h:100,
                 from /mnt/c/Users/BALAJI/Desktop/micropython/micropython/py/smallint.h:29,
                 from /mnt/c/Users/BALAJI/Desktop/micropython/micropython/py/smallint.c:27:
/mnt/c/Users/BALAJI/Desktop/micropython/micropython/ports/esp32/mpconfigport.h:191:2: error: #endif without #if
  191 | #endif
      |  ^~~~~
In file included from /mnt/c/Users/BALAJI/Desktop/micropython/micropython/py/mpconfig.h:100,
                 from /mnt/c/Users/BALAJI/Desktop/micropython/micropython/extmod/os_dupterm.c:29:
/mnt/c/Users/BALAJI/Desktop/micropython/micropython/ports/esp32/mpconfigport.h:191:2: error: #endif without #if
  191 | #endif
      |  ^~~~~
In file included from /mnt/c/Users/BALAJI/Desktop/micropython/micropython/py/mpconfig.h:100,
                 from /mnt/c/Users/BALAJI/Desktop/micropython/micropython/py/nlr.h:36,
                 from /mnt/c/Users/BALAJI/Desktop/micropython/micropython/ports/esp32/modesp32.c:36:
/mnt/c/Users/BALAJI/Desktop/micropython/micropython/ports/esp32/mpconfigport.h:191:2: error: #endif without #if
  191 | #endif
      |  ^~~~~
In file included from /mnt/c/Users/BALAJI/Desktop/micropython/micropython/py/mpconfig.h:100,
                 from /mnt/c/Users/BALAJI/Desktop/micropython/micropython/py/mpstate.h:31,
                 from /mnt/c/Users/BALAJI/Desktop/micropython/micropython/py/runtime.h:29,
                 from /mnt/c/Users/BALAJI/Desktop/micropython/micropython/py/stackctrl.c:29:
/mnt/c/Users/BALAJI/Desktop/micropython/micropython/ports/esp32/mpconfigport.h:191:2: error: #endif without #if
  191 | #endif
      |  ^~~~~
In file included from /mnt/c/Users/BALAJI/Desktop/micropython/micropython/py/mpconfig.h:100,
                 from /mnt/c/Users/BALAJI/Desktop/micropython/micropython/py/mpstate.h:31,
                 from /mnt/c/Users/BALAJI/Desktop/micropython/micropython/py/nlrx86.c:27:
/mnt/c/Users/BALAJI/Desktop/micropython/micropython/ports/esp32/mpconfigport.h:191:2: error: #endif without #if
  191 | #endif
      |  ^~~~~
In file included from /mnt/c/Users/BALAJI/Desktop/micropython/micropython/py/mpconfig.h:100,
                 from /mnt/c/Users/BALAJI/Desktop/micropython/micropython/py/mpstate.h:31,
                 from /mnt/c/Users/BALAJI/Desktop/micropython/micropython/py/runtime.h:29,
                 from /mnt/c/Users/BALAJI/Desktop/micropython/micropython/extmod/vfs.c:30:
/mnt/c/Users/BALAJI/Desktop/micropython/micropython/ports/esp32/mpconfigport.h:191:2: error: #endif without #if
  191 | #endif
      |  ^~~~~
In file included from /mnt/c/Users/BALAJI/Desktop/micropython/micropython/py/mpconfig.h:100,
                 from /mnt/c/Users/BALAJI/Desktop/micropython/micropython/py/mpstate.h:31,
                 from /mnt/c/Users/BALAJI/Desktop/micropython/micropython/py/runtime.h:29,
                 from /mnt/c/Users/BALAJI/Desktop/micropython/micropython/ports/esp32/machine_hw_spi.c:31:
/mnt/c/Users/BALAJI/Desktop/micropython/micropython/ports/esp32/mpconfigport.h:191:2: error: #endif without #if
  191 | #endif
      |  ^~~~~
In file included from /mnt/c/Users/BALAJI/Desktop/micropython/micropython/py/mpconfig.h:100,
                 from /mnt/c/Users/BALAJI/Desktop/micropython/micropython/py/mpstate.h:31,
                 from /mnt/c/Users/BALAJI/Desktop/micropython/micropython/py/nlrxtensa.c:27:
/mnt/c/Users/BALAJI/Desktop/micropython/micropython/ports/esp32/mpconfigport.h:191:2: error: #endif without #if
  191 | #endif
      |  ^~~~~
In file included from /mnt/c/Users/BALAJI/Desktop/micropython/micropython/py/mpconfig.h:100,
                 from /mnt/c/Users/BALAJI/Desktop/micropython/micropython/py/mpstate.h:31,
                 from /mnt/c/Users/BALAJI/Desktop/micropython/micropython/py/runtime.h:29,
                 from /mnt/c/Users/BALAJI/Desktop/micropython/micropython/extmod/vfs_blockdev.c:27:
/mnt/c/Users/BALAJI/Desktop/micropython/micropython/ports/esp32/mpconfigport.h:191:2: error: #endif without #if
  191 | #endif
      |  ^~~~~
In file included from /mnt/c/Users/BALAJI/Desktop/micropython/micropython/py/mpconfig.h:100,
                 from /mnt/c/Users/BALAJI/Desktop/micropython/micropython/py/obj.h:31,
                 from /mnt/c/Users/BALAJI/Desktop/micropython/micropython/py/objstr.h:29,
                 from /mnt/c/Users/BALAJI/Desktop/micropython/micropython/py/stream.c:31:
/mnt/c/Users/BALAJI/Desktop/micropython/micropython/ports/esp32/mpconfigport.h:191:2: error: #endif without #if
  191 | #endif
      |  ^~~~~
Command '['/home/balaji/.espressif/tools/xtensa-esp-elf/esp-13.2.0_20230928/xtensa-esp-elf/bin/xtensa-esp32-elf-gcc', '-E', '-I/mnt/c/Users/BALAJI/Desktop/micropython/micropython/ports/esp32/build-ESP32_GENERIC/config', '-I/mnt/c/Users/BALAJI/Desktop/micropython/micropython', '-I/mnt/c/Users/BALAJI/Desktop/micropython/micropython/lib/berkeley-db-1.xx/include', '-I/mnt/c/Users/BALAJI/Desktop/micropython/micropython/ports/esp32', '-I/mnt/c/Users/BALAJI/Desktop/micropython/micropython/ports/esp32/boards/ESP32_GENERIC', '-I/mnt/c/Users/BALAJI/Desktop/micropython/micropython/ports/esp32/build-ESP32_GENERIC', '-I/mnt/c/Users/BALAJI/Desktop/micropython/micropython/ports/esp32/build-ESP32_GENERIC/config', '-I/mnt/c/Users/BALAJI/Desktop/micropython/esp-idf/components/bt/host/nimble/nimble', '-I/mnt/c/Users/BALAJI/Desktop/micropython/esp-idf/components/driver/rmt', '-I/mnt/c/Users/BALAJI/Desktop/micropython/micropython/ports/esp32/build-ESP32_GENERIC/config', '-I/mnt/c/Users/BALAJI/Desktop/micropython/esp-idf/components/app_trace/include', '-I/mnt/c/Users/BALAJI/Desktop/micropython/esp-idf/components/app_trace/private_include', '-I/mnt/c/Users/BALAJI/Desktop/micropython/esp-idf/components/app_trace/port/include', '-I/mnt/c/Users/BALAJI/Desktop/micropython/micropython/ports/esp32/build-ESP32_GENERIC/config', '-I/mnt/c/Users/BALAJI/Desktop/micropython/micropython/ports/esp32/build-ESP32_GENERIC/config', '-I/mnt/c/Users/BALAJI/Desktop/micropython/esp-idf/components/app_update/include', '-I/mnt/c/Users/BALAJI/Desktop/micropython/micropython/ports/esp32/build-ESP32_GENERIC/config', '-I/mnt/c/Users/BALAJI/Desktop/micropython/micropython/ports/esp32/build-ESP32_GENERIC/config', '-I/mnt/c/Users/BALAJI/Desktop/micropython/micropython/ports/esp32/build-ESP32_GENERIC/config', '-I/mnt/c/Users/BALAJI/Desktop/micropython/esp-idf/components/bootloader_support/include', '-I/mnt/c/Users/BALAJI/Desktop/micropython/esp-idf/components/bootloader_support/bootloader_flash/include', '-I/mnt/c/Users/BALAJI/Desktop/micropython/esp-idf/components/bootloader_support/private_include', '-I/mnt/c/Users/BALAJI/Desktop/micropython/micropython/ports/esp32/build-ESP32_GENERIC/config', '-I/mnt/c/Users/BALAJI/Desktop/micropython/micropython/ports/esp32/build-ESP32_GENERIC/config', '-I/mnt/c/Users/BALAJI/Desktop/micropython/esp-idf/components/bt/include/esp32/include', '-I/mnt/c/Users/BALAJI/Desktop/micropython/esp-idf/components/bt/common/osi/include', '-I/mnt/c/Users/BALAJI/Desktop/micropython/esp-idf/components/bt/common/api/include/api', '-I/mnt/c/Users/BALAJI/Desktop/micropython/esp-idf/components/bt/common/btc/profile/esp/blufi/include', '-I/mnt/c/Users/BALAJI/Desktop/micropython/esp-idf/components/bt/common/btc/profile/esp/include', '-I/mnt/c/Users/BALAJI/Desktop/micropython/esp-idf/components/bt/common/hci_log/include', '-I/mnt/c/Users/BALAJI/Desktop/micropython/esp-idf/components/bt/host/nimble/nimble/nimble/host/include', '-I/mnt/c/Users/BALAJI/Desktop/micropython/esp-idf/components/bt/host/nimble/nimble/nimble/include', '-I/mnt/c/Users/BALAJI/Desktop/micropython/esp-idf/components/bt/host/nimble/nimble/nimble/host/services/ans/include', '-I/mnt/c/Users/BALAJI/Desktop/micropython/esp-idf/components/bt/host/nimble/nimble/nimble/host/services/bas/include', '-I/mnt/c/Users/BALAJI/Desktop/micropython/esp-idf/components/bt/host/nimble/nimble/nimble/host/services/dis/include', '-I/mnt/c/Users/BALAJI/Desktop/micropython/esp-idf/components/bt/host/nimble/nimble/nimble/host/services/gap/include', '-I/mnt/c/Users/BALAJI/Desktop/micropython/esp-idf/components/bt/host/nimble/nimble/nimble/host/services/gatt/include', '-I/mnt/c/Users/BALAJI/Desktop/micropython/esp-idf/components/bt/host/nimble/nimble/nimble/host/services/hr/include', '-I/mnt/c/Users/BALAJI/Desktop/micropython/esp-idf/components/bt/host/nimble/nimble/nimble/host/services/htp/include', '-I/mnt/c/Users/BALAJI/Desktop/micropython/esp-idf/components/bt/host/nimble/nimble/nimble/host/services/ias/include', '-I/mnt/c/Users/BALAJI/Desktop/micropython/esp-idf/components/bt/host/nimble/nimble/nimble/host/services/ipss/include', '-I/mnt/c/Users/BALAJI/Desktop/micropython/esp-idf/components/bt/host/nimble/nimble/nimble/host/services/lls/include', '-I/mnt/c/Users/BALAJI/Desktop/micropython/esp-idf/components/bt/host/nimble/nimble/nimble/host/services/prox/include', '-I/mnt/c/Users/BALAJI/Desktop/micropython/esp-idf/components/bt/host/nimble/nimble/nimble/host/services/cts/include', '-I/mnt/c/Users/BALAJI/Desktop/micropython/esp-idf/components/bt/host/nimble/nimble/nimble/host/services/tps/include', '-I/mnt/c/Users/BALAJI/Desktop/micropython/esp-idf/components/bt/host/nimble/nimble/nimble/host/services/hid/include', '-I/mnt/c/Users/BALAJI/Desktop/micropython/esp-idf/components/bt/host/nimble/nimble/nimble/host/services/sps/include', '-I/mnt/c/Users/BALAJI/Desktop/micropython/esp-idf/components/bt/host/nimble/nimble/nimble/host/util/include', '-I/mnt/c/Users/BALAJI/Desktop/micropython/esp-idf/components/bt/host/nimble/nimble/nimble/host/store/ram/include', '-I/mnt/c/Users/BALAJI/Desktop/micropython/esp-idf/components/bt/host/nimble/nimble/nimble/host/store/config/include', '-I/mnt/c/Users/BALAJI/Desktop/micropython/esp-idf/components/bt/porting/include', '-I/mnt/c/Users/BALAJI/Desktop/micropython/esp-idf/components/bt/host/nimble/nimble/porting/nimble/include', '-I/mnt/c/Users/BALAJI/Desktop/micropython/esp-idf/components/bt/host/nimble/port/include', '-I/mnt/c/Users/BALAJI/Desktop/micropython/esp-idf/components/bt/host/nimble/nimble/nimble/transport/include', '-I/mnt/c/Users/BALAJI/Desktop/micropython/esp-idf/components/bt/host/nimble/nimble/porting/npl/freertos/include', '-I/mnt/c/Users/BALAJI/Desktop/micropython/esp-idf/components/bt/host/nimble/nimble/porting/nimble/include', '-I/mnt/c/Users/BALAJI/Desktop/micropython/esp-idf/components/bt/host/nimble/nimble/nimble/include', '-I/mnt/c/Users/BALAJI/Desktop/micropython/esp-idf/components/bt/host/nimble/esp-hci/include', '-I/mnt/c/Users/BALAJI/Desktop/micropython/esp-idf/components/bt/common/btc/include', '-I/mnt/c/Users/BALAJI/Desktop/micropython/esp-idf/components/bt/common/include', '-I/mnt/c/Users/BALAJI/Desktop/micropython/esp-idf/components/bt/porting/mem', '-I/mnt/c/Users/BALAJI/Desktop/micropython/micropython/ports/esp32/build-ESP32_GENERIC/config', '-I/mnt/c/Users/BALAJI/Desktop/micropython/micropython/ports/esp32/build-ESP32_GENERIC/config', '-I/mnt/c/Users/BALAJI/Desktop/micropython/esp-idf/components/cmock/CMock/src', '-I/mnt/c/Users/BALAJI/Desktop/micropython/micropython/ports/esp32/build-ESP32_GENERIC/config', '-I/mnt/c/Users/BALAJI/Desktop/micropython/micropython/ports/esp32/build-ESP32_GENERIC/config', '-I/mnt/c/Users/BALAJI/Desktop/micropython/esp-idf/components/console', '-I/mnt/c/Users/BALAJI/Desktop/micropython/micropython/ports/esp32/build-ESP32_GENERIC/config', '-I/mnt/c/Users/BALAJI/Desktop/micropython/micropython/ports/esp32/build-ESP32_GENERIC/config', '-I/mnt/c/Users/BALAJI/Desktop/micropython/micropython/ports/esp32/build-ESP32_GENERIC/config', '-I/mnt/c/Users/BALAJI/Desktop/micropython/micropython/ports/esp32/build-ESP32_GENERIC/config', '-I/mnt/c/Users/BALAJI/Desktop/micropython/esp-idf/components/driver/include', '-I/mnt/c/Users/BALAJI/Desktop/micropython/esp-idf/components/driver/deprecated', '-I/mnt/c/Users/BALAJI/Desktop/micropython/esp-idf/components/driver/analog_comparator/include', '-I/mnt/c/Users/BALAJI/Desktop/micropython/esp-idf/components/driver/dac/include', '-I/mnt/c/Users/BALAJI/Desktop/micropython/esp-idf/components/driver/gpio/include', '-I/mnt/c/Users/BALAJI/Desktop/micropython/esp-idf/components/driver/gptimer/include', '-I/mnt/c/Users/BALAJI/Desktop/micropython/esp-idf/components/driver/i2c/include', '-I/mnt/c/Users/BALAJI/Desktop/micropython/esp-idf/components/driver/i2s/include', '-I/mnt/c/Users/BALAJI/Desktop/micropython/esp-idf/components/driver/ledc/include', '-I/mnt/c/Users/BALAJI/Desktop/micropython/esp-idf/components/driver/mcpwm/include', '-I/mnt/c/Users/BALAJI/Desktop/micropython/esp-idf/components/driver/parlio/include', '-I/mnt/c/Users/BALAJI/Desktop/micropython/esp-idf/components/driver/pcnt/include', '-I/mnt/c/Users/BALAJI/Desktop/micropython/esp-idf/components/driver/rmt/include', '-I/mnt/c/Users/BALAJI/Desktop/micropython/esp-idf/components/driver/sdio_slave/include', '-I/mnt/c/Users/BALAJI/Desktop/micropython/esp-idf/components/driver/sdmmc/include', '-I/mnt/c/Users/BALAJI/Desktop/micropython/esp-idf/components/driver/sigma_delta/include', '-I/mnt/c/Users/BALAJI/Desktop/micropython/esp-idf/components/driver/spi/include', '-I/mnt/c/Users/BALAJI/Desktop/micropython/esp-idf/components/driver/temperature_sensor/include', '-I/mnt/c/Users/BALAJI/Desktop/micropython/esp-idf/components/driver/touch_sensor/include', '-I/mnt/c/Users/BALAJI/Desktop/micropython/esp-idf/components/driver/twai/include', '-I/mnt/c/Users/BALAJI/Desktop/micropython/esp-idf/components/driver/uart/include', '-I/mnt/c/Users/BALAJI/Desktop/micropython/esp-idf/components/driver/usb_serial_jtag/include', '-I/mnt/c/Users/BALAJI/Desktop/micropython/esp-idf/components/driver/touch_sensor/esp32/include', '-I/mnt/c/Users/BALAJI/Desktop/micropython/micropython/ports/esp32/build-ESP32_GENERIC/config', '-I/mnt/c/Users/BALAJI/Desktop/micropython/micropython/ports/esp32/build-ESP32_GENERIC/config', '-I/mnt/c/Users/BALAJI/Desktop/micropython/esp-idf/components/efuse/include', '-I/mnt/c/Users/BALAJI/Desktop/micropython/esp-idf/components/efuse/esp32/include', '-I/mnt/c/Users/BALAJI/Desktop/micropython/esp-idf/components/efuse/private_include', '-I/mnt/c/Users/BALAJI/Desktop/micropython/esp-idf/components/efuse/esp32/private_include', '-I/mnt/c/Users/BALAJI/Desktop/micropython/micropython/ports/esp32/build-ESP32_GENERIC/config', '-I/mnt/c/Users/BALAJI/Desktop/micropython/micropython/ports/esp32/build-ESP32_GENERIC/config', '-I/mnt/c/Users/BALAJI/Desktop/micropython/esp-idf/components/esp-tls', '-I/mnt/c/Users/BALAJI/Desktop/micropython/esp-idf/components/esp-tls/esp-tls-crypto', '-I/mnt/c/Users/BALAJI/Desktop/micropython/esp-idf/components/esp-tls/private_include', '-I/mnt/c/Users/BALAJI/Desktop/micropython/micropython/ports/esp32/build-ESP32_GENERIC/config', '-I/mnt/c/Users/BALAJI/Desktop/micropython/micropython/ports/esp32/build-ESP32_GENERIC/config', '-I/mnt/c/Users/BALAJI/Desktop/micropython/esp-idf/components/esp_adc/include', '-I/mnt/c/Users/BALAJI/Desktop/micropython/esp-idf/components/esp_adc/interface', '-I/mnt/c/Users/BALAJI/Desktop/micropython/esp-idf/components/esp_adc/esp32/include', '-I/mnt/c/Users/BALAJI/Desktop/micropython/esp-idf/components/esp_adc/deprecated/include', '-I/mnt/c/Users/BALAJI/Desktop/micropython/micropython/ports/esp32/build-ESP32_GENERIC/config', '-I/mnt/c/Users/BALAJI/Desktop/micropython/micropython/ports/esp32/build-ESP32_GENERIC/config', '-I/mnt/c/Users/BALAJI/Desktop/micropython/esp-idf/components/esp_app_format/include', '-I/mnt/c/Users/BALAJI/Desktop/micropython/micropython/ports/esp32/build-ESP32_GENERIC/config', '-I/mnt/c/Users/BALAJI/Desktop/micropython/micropython/ports/esp32/build-ESP32_GENERIC/config', '-I/mnt/c/Users/BALAJI/Desktop/micropython/esp-idf/components/esp_bootloader_format/include', '-I/mnt/c/Users/BALAJI/Desktop/micropython/micropython/ports/esp32/build-ESP32_GENERIC/config', '-I/mnt/c/Users/BALAJI/Desktop/micropython/micropython/ports/esp32/build-ESP32_GENERIC/config', '-I/mnt/c/Users/BALAJI/Desktop/micropython/esp-idf/components/esp_coex/include', '-I/mnt/c/Users/BALAJI/Desktop/micropython/micropython/ports/esp32/build-ESP32_GENERIC/config', '-I/mnt/c/Users/BALAJI/Desktop/micropython/micropython/ports/esp32/build-ESP32_GENERIC/config', '-I/mnt/c/Users/BALAJI/Desktop/micropython/esp-idf/components/esp_common/include', '-I/mnt/c/Users/BALAJI/Desktop/micropython/micropython/ports/esp32/build-ESP32_GENERIC/config', '-I/mnt/c/Users/BALAJI/Desktop/micropython/micropython/ports/esp32/build-ESP32_GENERIC/config', '-I/mnt/c/Users/BALAJI/Desktop/micropython/esp-idf/components/esp_eth/include', '-I/mnt/c/Users/BALAJI/Desktop/micropython/micropython/ports/esp32/build-ESP32_GENERIC/config', '-I/mnt/c/Users/BALAJI/Desktop/micropython/micropython/ports/esp32/build-ESP32_GENERIC/config', '-I/mnt/c/Users/BALAJI/Desktop/micropython/esp-idf/components/esp_event/include', '-I/mnt/c/Users/BALAJI/Desktop/micropython/esp-idf/components/esp_event/private_include', '-I/mnt/c/Users/BALAJI/Desktop/micropython/micropython/ports/esp32/build-ESP32_GENERIC/config', '-I/mnt/c/Users/BALAJI/Desktop/micropython/micropython/ports/esp32/build-ESP32_GENERIC/config', '-I/mnt/c/Users/BALAJI/Desktop/micropython/esp-idf/components/esp_gdbstub/include', '-I/mnt/c/Users/BALAJI/Desktop/micropython/esp-idf/components/esp_gdbstub/private_include', '-I/mnt/c/Users/BALAJI/Desktop/micropython/esp-idf/components/esp_gdbstub/src/port/xtensa/include', '-I/mnt/c/Users/BALAJI/Desktop/micropython/micropython/ports/esp32/build-ESP32_GENERIC/config', '-I/mnt/c/Users/BALAJI/Desktop/micropython/micropython/ports/esp32/build-ESP32_GENERIC/config', '-I/mnt/c/Users/BALAJI/Desktop/micropython/esp-idf/components/esp_hid/include', '-I/mnt/c/Users/BALAJI/Desktop/micropython/esp-idf/components/esp_hid/private', '-I/mnt/c/Users/BALAJI/Desktop/micropython/micropython/ports/esp32/build-ESP32_GENERIC/config', '-I/mnt/c/Users/BALAJI/Desktop/micropython/micropython/ports/esp32/build-ESP32_GENERIC/config', '-I/mnt/c/Users/BALAJI/Desktop/micropython/esp-idf/components/esp_http_client/include', '-I/mnt/c/Users/BALAJI/Desktop/micropython/esp-idf/components/esp_http_client/lib/include', '-I/mnt/c/Users/BALAJI/Desktop/micropython/micropython/ports/esp32/build-ESP32_GENERIC/config', '-I/mnt/c/Users/BALAJI/Desktop/micropython/micropython/ports/esp32/build-ESP32_GENERIC/config', '-I/mnt/c/Users/BALAJI/Desktop/micropython/esp-idf/components/esp_http_server/include', '-I/mnt/c/Users/BALAJI/Desktop/micropython/esp-idf/components/esp_http_server/src/util', '-I/mnt/c/Users/BALAJI/Desktop/micropython/esp-idf/components/esp_http_server/src/port/esp32', '-I/mnt/c/Users/BALAJI/Desktop/micropython/micropython/ports/esp32/build-ESP32_GENERIC/config', '-I/mnt/c/Users/BALAJI/Desktop/micropython/micropython/ports/esp32/build-ESP32_GENERIC/config', '-I/mnt/c/Users/BALAJI/Desktop/micropython/esp-idf/components/esp_https_ota/include', '-I/mnt/c/Users/BALAJI/Desktop/micropython/micropython/ports/esp32/build-ESP32_GENERIC/config', '-I/mnt/c/Users/BALAJI/Desktop/micropython/micropython/ports/esp32/build-ESP32_GENERIC/config', '-I/mnt/c/Users/BALAJI/Desktop/micropython/micropython/ports/esp32/build-ESP32_GENERIC/config', '-I/mnt/c/Users/BALAJI/Desktop/micropython/esp-idf/components/esp_hw_support/include', '-I/mnt/c/Users/BALAJI/Desktop/micropython/esp-idf/components/esp_hw_support/include/soc', '-I/mnt/c/Users/BALAJI/Desktop/micropython/esp-idf/components/esp_hw_support/include/soc/esp32', '-I/mnt/c/Users/BALAJI/Desktop/micropython/esp-idf/components/esp_hw_support/port/include', '-I/mnt/c/Users/BALAJI/Desktop/micropython/esp-idf/components/esp_hw_support/include/esp_private', '-I/mnt/c/Users/BALAJI/Desktop/micropython/micropython/ports/esp32/build-ESP32_GENERIC/config', '-I/mnt/c/Users/BALAJI/Desktop/micropython/esp-idf/components/esp_hw_support/port/esp32/.', '-I/mnt/c/Users/BALAJI/Desktop/micropython/micropython/ports/esp32/build-ESP32_GENERIC/config', '-I/mnt/c/Users/BALAJI/Desktop/micropython/esp-idf/components/esp_lcd/include', '-I/mnt/c/Users/BALAJI/Desktop/micropython/esp-idf/components/esp_lcd/interface', '-I/mnt/c/Users/BALAJI/Desktop/micropython/micropython/ports/esp32/build-ESP32_GENERIC/config', '-I/mnt/c/Users/BALAJI/Desktop/micropython/micropython/ports/esp32/build-ESP32_GENERIC/config', '-I/mnt/c/Users/BALAJI/Desktop/micropython/esp-idf/components/esp_local_ctrl/include', '-I/mnt/c/Users/BALAJI/Desktop/micropython/esp-idf/components/esp_local_ctrl/proto-c', '-I/mnt/c/Users/BALAJI/Desktop/micropython/esp-idf/components/esp_local_ctrl/src', '-I/mnt/c/Users/BALAJI/Desktop/micropython/micropython/ports/esp32/build-ESP32_GENERIC/config', '-I/mnt/c/Users/BALAJI/Desktop/micropython/micropython/ports/esp32/build-ESP32_GENERIC/config', '-I/mnt/c/Users/BALAJI/Desktop/micropython/esp-idf/components/esp_mm/include', '-I/mnt/c/Users/BALAJI/Desktop/micropython/micropython/ports/esp32/build-ESP32_GENERIC/config', '-I/mnt/c/Users/BALAJI/Desktop/micropython/micropython/ports/esp32/build-ESP32_GENERIC/config', '-I/mnt/c/Users/BALAJI/Desktop/micropython/esp-idf/components/esp_netif/include', '-I/mnt/c/Users/BALAJI/Desktop/micropython/esp-idf/components/esp_netif/private_include', '-I/mnt/c/Users/BALAJI/Desktop/micropython/esp-idf/components/esp_netif/lwip', '-I/mnt/c/Users/BALAJI/Desktop/micropython/micropython/ports/esp32/build-ESP32_GENERIC/config', '-I/mnt/c/Users/BALAJI/Desktop/micropython/micropython/ports/esp32/build-ESP32_GENERIC/config', '-I/mnt/c/Users/BALAJI/Desktop/micropython/micropython/ports/esp32/build-ESP32_GENERIC/config', '-I/mnt/c/Users/BALAJI/Desktop/micropython/esp-idf/components/esp_partition/include', '-I/mnt/c/Users/BALAJI/Desktop/micropython/micropython/ports/esp32/build-ESP32_GENERIC/config', '-I/mnt/c/Users/BALAJI/Desktop/micropython/micropython/ports/esp32/build-ESP32_GENERIC/config', '-I/mnt/c/Users/BALAJI/Desktop/micropython/esp-idf/components/esp_phy/include', '-I/mnt/c/Users/BALAJI/Desktop/micropython/esp-idf/components/esp_phy/esp32/include', '-I/mnt/c/Users/BALAJI/Desktop/micropython/micropython/ports/esp32/build-ESP32_GENERIC/config', '-I/mnt/c/Users/BALAJI/Desktop/micropython/micropython/ports/esp32/build-ESP32_GENERIC/config', '-I/mnt/c/Users/BALAJI/Desktop/micropython/esp-idf/components/esp_pm/include', '-I/mnt/c/Users/BALAJI/Desktop/micropython/micropython/ports/esp32/build-ESP32_GENERIC/config', '-I/mnt/c/Users/BALAJI/Desktop/micropython/esp-idf/components/esp_psram/include', '-I/mnt/c/Users/BALAJI/Desktop/micropython/micropython/ports/esp32/build-ESP32_GENERIC/config', '-I/mnt/c/Users/BALAJI/Desktop/micropython/micropython/ports/esp32/build-ESP32_GENERIC/config', '-I/mnt/c/Users/BALAJI/Desktop/micropython/esp-idf/components/esp_ringbuf/include', '-I/mnt/c/Users/BALAJI/Desktop/micropython/micropython/ports/esp32/build-ESP32_GENERIC/config', '-I/mnt/c/Users/BALAJI/Desktop/micropython/micropython/ports/esp32/build-ESP32_GENERIC/config', '-I/mnt/c/Users/BALAJI/Desktop/micropython/esp-idf/components/esp_rom/include', '-I/mnt/c/Users/BALAJI/Desktop/micropython/esp-idf/components/esp_rom/include/esp32', '-I/mnt/c/Users/BALAJI/Desktop/micropython/esp-idf/components/esp_rom/esp32', '-I/mnt/c/Users/BALAJI/Desktop/micropython/micropython/ports/esp32/build-ESP32_GENERIC/config', '-I/mnt/c/Users/BALAJI/Desktop/micropython/micropython/ports/esp32/build-ESP32_GENERIC/config', '-I/mnt/c/Users/BALAJI/Desktop/micropython/esp-idf/components/esp_system/include', '-I/mnt/c/Users/BALAJI/Desktop/micropython/micropython/ports/esp32/build-ESP32_GENERIC/config', '-I/mnt/c/Users/BALAJI/Desktop/micropython/esp-idf/components/esp_system/port/include', '-I/mnt/c/Users/BALAJI/Desktop/micropython/esp-idf/components/esp_system/port/.', '-I/mnt/c/Users/BALAJI/Desktop/micropython/esp-idf/components/esp_system/port/include', '-I/mnt/c/Users/BALAJI/Desktop/micropython/esp-idf/components/esp_system/port/soc', '-I/mnt/c/Users/BALAJI/Desktop/micropython/esp-idf/components/esp_system/port/include/private', '-I/mnt/c/Users/BALAJI/Desktop/micropython/micropython/ports/esp32/build-ESP32_GENERIC/config', '-I/mnt/c/Users/BALAJI/Desktop/micropython/esp-idf/components/esp_timer/include', '-I/mnt/c/Users/BALAJI/Desktop/micropython/esp-idf/components/esp_timer/private_include', '-I/mnt/c/Users/BALAJI/Desktop/micropython/micropython/ports/esp32/build-ESP32_GENERIC/config', '-I/mnt/c/Users/BALAJI/Desktop/micropython/micropython/ports/esp32/build-ESP32_GENERIC/config', '-I/mnt/c/Users/BALAJI/Desktop/micropython/esp-idf/components/esp_wifi/include', '-I/mnt/c/Users/BALAJI/Desktop/micropython/esp-idf/components/esp_wifi/wifi_apps/include', '-I/mnt/c/Users/BALAJI/Desktop/micropython/micropython/ports/esp32/build-ESP32_GENERIC/config', '-I/mnt/c/Users/BALAJI/Desktop/micropython/micropython/ports/esp32/build-ESP32_GENERIC/config', '-I/mnt/c/Users/BALAJI/Desktop/micropython/esp-idf/components/espcoredump/include', '-I/mnt/c/Users/BALAJI/Desktop/micropython/esp-idf/components/espcoredump/include/port/xtensa', '-I/mnt/c/Users/BALAJI/Desktop/micropython/esp-idf/components/espcoredump/include_core_dump', '-I/mnt/c/Users/BALAJI/Desktop/micropython/esp-idf/components/espcoredump/include_core_dump/port/xtensa', '-I/mnt/c/Users/BALAJI/Desktop/micropython/micropython/ports/esp32/build-ESP32_GENERIC/config', '-I/mnt/c/Users/BALAJI/Desktop/micropython/micropython/ports/esp32/build-ESP32_GENERIC/config', '-I/mnt/c/Users/BALAJI/Desktop/micropython/micropython/ports/esp32/build-ESP32_GENERIC/config', '-I/mnt/c/Users/BALAJI/Desktop/micropython/esp-idf/components/fatfs/diskio', '-I/mnt/c/Users/BALAJI/Desktop/micropython/esp-idf/components/fatfs/src', '-I/mnt/c/Users/BALAJI/Desktop/micropython/esp-idf/components/fatfs/vfs', '-I/mnt/c/Users/BALAJI/Desktop/micropython/micropython/ports/esp32/build-ESP32_GENERIC/config', '-I/mnt/c/Users/BALAJI/Desktop/micropython/micropython/ports/esp32/build-ESP32_GENERIC/config', '-I/mnt/c/Users/BALAJI/Desktop/micropython/esp-idf/components/freertos/config/include', '-I/mnt/c/Users/BALAJI/Desktop/micropython/esp-idf/components/freertos/config/include/freertos', '-I/mnt/c/Users/BALAJI/Desktop/micropython/esp-idf/components/freertos/config/xtensa/include', '-I/mnt/c/Users/BALAJI/Desktop/micropython/esp-idf/components/freertos/FreeRTOS-Kernel/include', '-I/mnt/c/Users/BALAJI/Desktop/micropython/esp-idf/components/freertos/FreeRTOS-Kernel/portable/xtensa/include', '-I/mnt/c/Users/BALAJI/Desktop/micropython/esp-idf/components/freertos/FreeRTOS-Kernel/portable/xtensa/include/freertos', '-I/mnt/c/Users/BALAJI/Desktop/micropython/esp-idf/components/freertos/esp_additions/include', '-I/mnt/c/Users/BALAJI/Desktop/micropython/esp-idf/components/freertos', '-I/mnt/c/Users/BALAJI/Desktop/micropython/esp-idf/components/freertos/FreeRTOS-Kernel/include/freertos', '-I/mnt/c/Users/BALAJI/Desktop/micropython/esp-idf/components/freertos/esp_additions', '-I/mnt/c/Users/BALAJI/Desktop/micropython/micropython/ports/esp32/build-ESP32_GENERIC/config', '-I/mnt/c/Users/BALAJI/Desktop/micropython/micropython/ports/esp32/build-ESP32_GENERIC/config', '-I/mnt/c/Users/BALAJI/Desktop/micropython/esp-idf/components/hal/platform_port/include', '-I/mnt/c/Users/BALAJI/Desktop/micropython/esp-idf/components/hal/esp32/include', '-I/mnt/c/Users/BALAJI/Desktop/micropython/esp-idf/components/hal/include', '-I/mnt/c/Users/BALAJI/Desktop/micropython/micropython/ports/esp32/build-ESP32_GENERIC/config', '-I/mnt/c/Users/BALAJI/Desktop/micropython/micropython/ports/esp32/build-ESP32_GENERIC/config', '-I/mnt/c/Users/BALAJI/Desktop/micropython/esp-idf/components/heap/include', '-I/mnt/c/Users/BALAJI/Desktop/micropython/esp-idf/components/heap/tlsf', '-I/mnt/c/Users/BALAJI/Desktop/micropython/micropython/ports/esp32/build-ESP32_GENERIC/config', '-I/mnt/c/Users/BALAJI/Desktop/micropython/micropython/ports/esp32/build-ESP32_GENERIC/config', '-I/mnt/c/Users/BALAJI/Desktop/micropython/esp-idf/components/http_parser', '-I/mnt/c/Users/BALAJI/Desktop/micropython/micropython/ports/esp32/build-ESP32_GENERIC/config', '-I/mnt/c/Users/BALAJI/Desktop/micropython/esp-idf/components/idf_test/include', '-I/mnt/c/Users/BALAJI/Desktop/micropython/esp-idf/components/idf_test/include/esp32', '-I/mnt/c/Users/BALAJI/Desktop/micropython/micropython/ports/esp32/build-ESP32_GENERIC/config', '-I/mnt/c/Users/BALAJI/Desktop/micropython/esp-idf/components/ieee802154/include', '-I/mnt/c/Users/BALAJI/Desktop/micropython/micropython/ports/esp32/build-ESP32_GENERIC/config', '-I/mnt/c/Users/BALAJI/Desktop/micropython/micropython/ports/esp32/build-ESP32_GENERIC/config', '-I/mnt/c/Users/BALAJI/Desktop/micropython/esp-idf/components/json/cJSON', '-I/mnt/c/Users/BALAJI/Desktop/micropython/micropython/ports/esp32/build-ESP32_GENERIC/config', '-I/mnt/c/Users/BALAJI/Desktop/micropython/micropython/ports/esp32/build-ESP32_GENERIC/config', '-I/mnt/c/Users/BALAJI/Desktop/micropython/esp-idf/components/log/include', '-I/mnt/c/Users/BALAJI/Desktop/micropython/micropython/ports/esp32/build-ESP32_GENERIC/config', '-I/mnt/c/Users/BALAJI/Desktop/micropython/micropython/ports/esp32/build-ESP32_GENERIC/config', '-I/mnt/c/Users/BALAJI/Desktop/micropython/esp-idf/components/lwip/include', '-I/mnt/c/Users/BALAJI/Desktop/micropython/esp-idf/components/lwip/include/apps', '-I/mnt/c/Users/BALAJI/Desktop/micropython/esp-idf/components/lwip/include/apps/sntp', '-I/mnt/c/Users/BALAJI/Desktop/micropython/esp-idf/components/lwip/lwip/src/include', '-I/mnt/c/Users/BALAJI/Desktop/micropython/esp-idf/components/lwip/port/include', '-I/mnt/c/Users/BALAJI/Desktop/micropython/esp-idf/components/lwip/port/freertos/include', '-I/mnt/c/Users/BALAJI/Desktop/micropython/esp-idf/components/lwip/port/esp32xx/include', '-I/mnt/c/Users/BALAJI/Desktop/micropython/esp-idf/components/lwip/port/esp32xx/include/arch', '-I/mnt/c/Users/BALAJI/Desktop/micropython/esp-idf/components/lwip/port/esp32xx/include/sys', '-I/mnt/c/Users/BALAJI/Desktop/micropython/micropython/ports/esp32/build-ESP32_GENERIC/config', '-I/mnt/c/Users/BALAJI/Desktop/micropython/esp-idf/components/mbedtls/port/include', '-I/mnt/c/Users/BALAJI/Desktop/micropython/esp-idf/components/mbedtls/mbedtls/include', '-I/mnt/c/Users/BALAJI/Desktop/micropython/esp-idf/components/mbedtls/mbedtls/library', '-I/mnt/c/Users/BALAJI/Desktop/micropython/micropython/ports/esp32/build-ESP32_GENERIC/config', '-I/mnt/c/Users/BALAJI/Desktop/micropython/micropython/ports/esp32/build-ESP32_GENERIC/config', '-I/mnt/c/Users/BALAJI/Desktop/micropython/esp-idf/components/mbedtls/port/include', '-I/mnt/c/Users/BALAJI/Desktop/micropython/esp-idf/components/mbedtls/mbedtls/include/', '-I', '-I/mnt/c/Users/BALAJI/Desktop/micropython/esp-idf/components/mbedtls/mbedtls/library/', '-I/mnt/c/Users/BALAJI/Desktop/micropython/micropython/ports/esp32/build-ESP32_GENERIC/esp-idf/mbedtls/mbedtls/library', '-I/mnt/c/Users/BALAJI/Desktop/micropython/micropython/ports/esp32/build-ESP32_GENERIC/config', '-I/mnt/c/Users/BALAJI/Desktop/micropython/esp-idf/components/mqtt/esp-mqtt/include', '-I/mnt/c/Users/BALAJI/Desktop/micropython/esp-idf/components/mqtt/esp-mqtt/lib/include', '-I/mnt/c/Users/BALAJI/Desktop/micropython/micropython/ports/esp32/build-ESP32_GENERIC/config', '-I/mnt/c/Users/BALAJI/Desktop/micropython/micropython/ports/esp32/build-ESP32_GENERIC/config', '-I/mnt/c/Users/BALAJI/Desktop/micropython/esp-idf/components/newlib/platform_include', '-I/mnt/c/Users/BALAJI/Desktop/micropython/esp-idf/components/newlib/priv_include', '-I/mnt/c/Users/BALAJI/Desktop/micropython/micropython/ports/esp32/build-ESP32_GENERIC/config', '-I/mnt/c/Users/BALAJI/Desktop/micropython/micropython/ports/esp32/build-ESP32_GENERIC/config', '-I/mnt/c/Users/BALAJI/Desktop/micropython/esp-idf/components/nvs_flash/include', '-I/mnt/c/Users/BALAJI/Desktop/micropython/esp-idf/components/spi_flash/include', '-I/mnt/c/Users/BALAJI/Desktop/micropython/esp-idf/components/nvs_flash/private_include', '-I/mnt/c/Users/BALAJI/Desktop/micropython/micropython/ports/esp32/build-ESP32_GENERIC/config', '-I/mnt/c/Users/BALAJI/Desktop/micropython/micropython/ports/esp32/build-ESP32_GENERIC/config', '-I/mnt/c/Users/BALAJI/Desktop/micropython/esp-idf/components/nvs_sec_provider/include', '-I/mnt/c/Users/BALAJI/Desktop/micropython/micropython/ports/esp32/build-ESP32_GENERIC/config', '-I/mnt/c/Users/BALAJI/Desktop/micropython/micropython/ports/esp32/build-ESP32_GENERIC/config', '-I/mnt/c/Users/BALAJI/Desktop/micropython/micropython/ports/esp32/build-ESP32_GENERIC/config', '-I/mnt/c/Users/BALAJI/Desktop/micropython/micropython/ports/esp32/build-ESP32_GENERIC/config', '-I/mnt/c/Users/BALAJI/Desktop/micropython/esp-idf/components/perfmon/include', '-I/mnt/c/Users/BALAJI/Desktop/micropython/micropython/ports/esp32/build-ESP32_GENERIC/config', '-I/mnt/c/Users/BALAJI/Desktop/micropython/micropython/ports/esp32/build-ESP32_GENERIC/config', '-I/mnt/c/Users/BALAJI/Desktop/micropython/esp-idf/components/protobuf-c/protobuf-c', '-I/mnt/c/Users/BALAJI/Desktop/micropython/micropython/ports/esp32/build-ESP32_GENERIC/config', '-I/mnt/c/Users/BALAJI/Desktop/micropython/micropython/ports/esp32/build-ESP32_GENERIC/config', '-I/mnt/c/Users/BALAJI/Desktop/micropython/esp-idf/components/protocomm/include/common', '-I/mnt/c/Users/BALAJI/Desktop/micropython/esp-idf/components/protocomm/include/security', '-I/mnt/c/Users/BALAJI/Desktop/micropython/esp-idf/components/protocomm/include/transports', '-I/mnt/c/Users/BALAJI/Desktop/micropython/esp-idf/components/protocomm/include/crypto/srp6a', '-I/mnt/c/Users/BALAJI/Desktop/micropython/esp-idf/components/protocomm/proto-c', '-I/mnt/c/Users/BALAJI/Desktop/micropython/esp-idf/components/protocomm/src/common', '-I/mnt/c/Users/BALAJI/Desktop/micropython/micropython/ports/esp32/build-ESP32_GENERIC/config', '-I/mnt/c/Users/BALAJI/Desktop/micropython/micropython/ports/esp32/build-ESP32_GENERIC/config', '-I/mnt/c/Users/BALAJI/Desktop/micropython/esp-idf/components/pthread/include', '-I/mnt/c/Users/BALAJI/Desktop/micropython/micropython/ports/esp32/build-ESP32_GENERIC/config', '-I/mnt/c/Users/BALAJI/Desktop/micropython/micropython/ports/esp32/build-ESP32_GENERIC/config', '-I/mnt/c/Users/BALAJI/Desktop/micropython/esp-idf/components/sdmmc/include', '-I/mnt/c/Users/BALAJI/Desktop/micropython/micropython/ports/esp32/build-ESP32_GENERIC/config', '-I/mnt/c/Users/BALAJI/Desktop/micropython/micropython/ports/esp32/build-ESP32_GENERIC/config', '-I/mnt/c/Users/BALAJI/Desktop/micropython/esp-idf/components/soc/include', '-I/mnt/c/Users/BALAJI/Desktop/micropython/esp-idf/components/soc/esp32', '-I/mnt/c/Users/BALAJI/Desktop/micropython/esp-idf/components/soc/esp32/include', '-I/mnt/c/Users/BALAJI/Desktop/micropython/micropython/ports/esp32/build-ESP32_GENERIC/config', '-I/mnt/c/Users/BALAJI/Desktop/micropython/micropython/ports/esp32/build-ESP32_GENERIC/config', '-I/mnt/c/Users/BALAJI/Desktop/micropython/esp-idf/components/spi_flash/include', '-I/mnt/c/Users/BALAJI/Desktop/micropython/esp-idf/components/spi_flash/include/spi_flash', '-I/mnt/c/Users/BALAJI/Desktop/micropython/micropython/ports/esp32/build-ESP32_GENERIC/config', '-I/mnt/c/Users/BALAJI/Desktop/micropython/micropython/ports/esp32/build-ESP32_GENERIC/config', '-I/mnt/c/Users/BALAJI/Desktop/micropython/esp-idf/components/spiffs/include', '-I/mnt/c/Users/BALAJI/Desktop/micropython/esp-idf/components/spiffs', '-I/mnt/c/Users/BALAJI/Desktop/micropython/esp-idf/components/spiffs/spiffs/src', '-I/mnt/c/Users/BALAJI/Desktop/micropython/micropython/ports/esp32/build-ESP32_GENERIC/config', '-I/mnt/c/Users/BALAJI/Desktop/micropython/micropython/ports/esp32/build-ESP32_GENERIC/config', '-I/mnt/c/Users/BALAJI/Desktop/micropython/esp-idf/components/tcp_transport/include', '-I/mnt/c/Users/BALAJI/Desktop/micropython/esp-idf/components/tcp_transport/private_include', '-I/mnt/c/Users/BALAJI/Desktop/micropython/micropython/ports/esp32/build-ESP32_GENERIC/config', '-I/mnt/c/Users/BALAJI/Desktop/micropython/micropython/ports/esp32/build-ESP32_GENERIC/config', '-I/mnt/c/Users/BALAJI/Desktop/micropython/esp-idf/components/ulp/ulp_common/include', '-I/mnt/c/Users/BALAJI/Desktop/micropython/esp-idf/components/ulp/ulp_common/include/esp32', '-I/mnt/c/Users/BALAJI/Desktop/micropython/esp-idf/components/ulp/ulp_fsm/include', '-I/mnt/c/Users/BALAJI/Desktop/micropython/esp-idf/components/ulp/ulp_fsm/include/esp32', '-I/mnt/c/Users/BALAJI/Desktop/micropython/micropython/ports/esp32/build-ESP32_GENERIC/config', '-I/mnt/c/Users/BALAJI/Desktop/micropython/micropython/ports/esp32/build-ESP32_GENERIC/config', '-I/mnt/c/Users/BALAJI/Desktop/micropython/esp-idf/components/unity/include', '-I/mnt/c/Users/BALAJI/Desktop/micropython/esp-idf/components/unity/unity/src', '-I/mnt/c/Users/BALAJI/Desktop/micropython/micropython/ports/esp32/build-ESP32_GENERIC/config', '-I/mnt/c/Users/BALAJI/Desktop/micropython/micropython/ports/esp32/build-ESP32_GENERIC/config', '-I/mnt/c/Users/BALAJI/Desktop/micropython/micropython/ports/esp32/build-ESP32_GENERIC/config', '-I/mnt/c/Users/BALAJI/Desktop/micropython/esp-idf/components/vfs/include', '-I/mnt/c/Users/BALAJI/Desktop/micropython/esp-idf/components/vfs/private_include', '-I/mnt/c/Users/BALAJI/Desktop/micropython/micropython/ports/esp32/build-ESP32_GENERIC/config', '-I/mnt/c/Users/BALAJI/Desktop/micropython/micropython/ports/esp32/build-ESP32_GENERIC/config', '-I/mnt/c/Users/BALAJI/Desktop/micropython/esp-idf/components/wear_levelling/include', '-I/mnt/c/Users/BALAJI/Desktop/micropython/esp-idf/components/wear_levelling/private_include', '-I/mnt/c/Users/BALAJI/Desktop/micropython/micropython/ports/esp32/build-ESP32_GENERIC/config', '-I/mnt/c/Users/BALAJI/Desktop/micropython/micropython/ports/esp32/build-ESP32_GENERIC/config', '-I/mnt/c/Users/BALAJI/Desktop/micropython/esp-idf/components/wifi_provisioning/include', '-I/mnt/c/Users/BALAJI/Desktop/micropython/esp-idf/components/wifi_provisioning/src', '-I/mnt/c/Users/BALAJI/Desktop/micropython/esp-idf/components/wifi_provisioning/proto-c', '-I/mnt/c/Users/BALAJI/Desktop/micropython/micropython/ports/esp32/build-ESP32_GENERIC/config', '-I/mnt/c/Users/BALAJI/Desktop/micropython/micropython/ports/esp32/build-ESP32_GENERIC/config', '-I/mnt/c/Users/BALAJI/Desktop/micropython/esp-idf/components/wpa_supplicant/include', '-I/mnt/c/Users/BALAJI/Desktop/micropython/esp-idf/components/wpa_supplicant/port/include', '-I/mnt/c/Users/BALAJI/Desktop/micropython/esp-idf/components/wpa_supplicant/esp_supplicant/include', '-I/mnt/c/Users/BALAJI/Desktop/micropython/esp-idf/components/wpa_supplicant/src', '-I/mnt/c/Users/BALAJI/Desktop/micropython/esp-idf/components/wpa_supplicant/src/utils', '-I/mnt/c/Users/BALAJI/Desktop/micropython/esp-idf/components/wpa_supplicant/esp_supplicant/src', '-I/mnt/c/Users/BALAJI/Desktop/micropython/esp-idf/components/wpa_supplicant/src/crypto', '-I/mnt/c/Users/BALAJI/Desktop/micropython/micropython/ports/esp32/build-ESP32_GENERIC/config', '-I/mnt/c/Users/BALAJI/Desktop/micropython/micropython/ports/esp32/build-ESP32_GENERIC/config', '-I/mnt/c/Users/BALAJI/Desktop/micropython/esp-idf/components/xtensa/esp32/include', '-I/mnt/c/Users/BALAJI/Desktop/micropython/esp-idf/components/xtensa/include', '-I/mnt/c/Users/BALAJI/Desktop/micropython/esp-idf/components/xtensa/deprecated_include', '-I/mnt/c/Users/BALAJI/Desktop/micropython/micropython/ports/esp32/build-ESP32_GENERIC/config', '-I/mnt/c/Users/BALAJI/Desktop/micropython/micropython/ports/esp32/build-ESP32_GENERIC/config', '-I/mnt/c/Users/BALAJI/Desktop/micropython/micropython', '-I/mnt/c/Users/BALAJI/Desktop/micropython/micropython/lib/berkeley-db-1.xx/include', '-I/mnt/c/Users/BALAJI/Desktop/micropython/micropython/ports/esp32', '-I/mnt/c/Users/BALAJI/Desktop/micropython/micropython/ports/esp32/boards/ESP32_GENERIC', '-I/mnt/c/Users/BALAJI/Desktop/micropython/micropython/ports/esp32/build-ESP32_GENERIC', '-I/mnt/c/Users/BALAJI/Desktop/micropython/micropython/ports/esp32/build-ESP32_GENERIC/config', '-I/mnt/c/Users/BALAJI/Desktop/micropython/esp-idf/components/bt/host/nimble/nimble', '-I/mnt/c/Users/BALAJI/Desktop/micropython/esp-idf/components/driver/rmt', '-I/mnt/c/Users/BALAJI/Desktop/micropython/micropython/ports/esp32/build-ESP32_GENERIC/config', '-I/mnt/c/Users/BALAJI/Desktop/micropython/micropython/ports/esp32/managed_components/espressif__mdns/include', '-I/mnt/c/Users/BALAJI/Desktop/micropython/micropython/ports/esp32/managed_components/espressif__mdns/private_include', '-I/mnt/c/Users/BALAJI/Desktop/micropython/micropython/ports/esp32/build-ESP32_GENERIC/config', '-DMICROPY_PY_BTREE=1', '-DBERKELEY_DB_CONFIG_FILE="/mnt/c/Users/BALAJI/Desktop/micropython/micropython/extmod/berkeley-db/berkeley_db_config_port.h"', '-DMICROPY_VFS_FAT=1', '-DMICROPY_VFS_LFS2=1', '-DFFCONF_H="/mnt/c/Users/BALAJI/Desktop/micropython/micropython/lib/oofatfs/ffconf.h"', '-DLFS1_NO_MALLOC', '-DLFS1_NO_DEBUG', '-DLFS1_NO_WARN', '-DLFS1_NO_ERROR', '-DLFS1_NO_ASSERT', '-DLFS2_NO_MALLOC', '-DLFS2_NO_DEBUG', '-DLFS2_NO_WARN', '-DLFS2_NO_ERROR', '-DLFS2_NO_ASSERT', '-DMICROPY_BOARD_BUILD_NAME="ESP32_GENERIC"', '-DMICROPY_ROM_TEXT_COMPRESSION=(1)', '-DMICROPY_QSTR_EXTRA_POOL=mp_qstr_frozen_const_pool', '-DMICROPY_MODULE_FROZEN_MPY=(1)', '-DESP_NETIF_COMPONENT_BUILD', '-DESP_LWIP_COMPONENT_BUILD', '-DMBEDTLS_CONFIG_FILE="mbedtls/esp_config.h"', '-DUNITY_INCLUDE_CONFIG_H', '-D__ets__', '-DESP_SUPPLICANT', '-DIEEE8021X_EAPOL', '-DEAP_PEER_METHOD', '-DEAP_MSCHAPv2', '-DEAP_TTLS', '-DEAP_TLS', '-DEAP_PEAP', '-DUSE_WPA2_TASK', '-DCONFIG_WPS', '-DUSE_WPS_TASK', '-DESPRESSIF_USE', '-DCONFIG_ECC', '-DCONFIG_IEEE80211W', '-DCONFIG_SHA256', '-DCONFIG_NO_RADIUS', '-DCONFIG_FAST_PBKDF2', '-DCONFIG_WPA3_SAE', '-DCONFIG_SAE_PK', '-DCONFIG_SAE', '-DCONFIG_CRYPTO_MBEDTLS', '-DCONFIG_OWE_STA', '-DMICROPY_PY_BTREE=1', '-DBERKELEY_DB_CONFIG_FILE="/mnt/c/Users/BALAJI/Desktop/micropython/micropython/extmod/berkeley-db/berkeley_db_config_port.h"', '-DMICROPY_VFS_FAT=1', '-DMICROPY_VFS_LFS2=1', '-DFFCONF_H="/mnt/c/Users/BALAJI/Desktop/micropython/micropython/lib/oofatfs/ffconf.h"', '-DLFS1_NO_MALLOC', '-DLFS1_NO_DEBUG', '-DLFS1_NO_WARN', '-DLFS1_NO_ERROR', '-DLFS1_NO_ASSERT', '-DLFS2_NO_MALLOC', '-DLFS2_NO_DEBUG', '-DLFS2_NO_WARN', '-DLFS2_NO_ERROR', '-DLFS2_NO_ASSERT', '-DNO_QSTR', '/mnt/c/Users/BALAJI/Desktop/micropython/micropython/py/argcheck.c', '/mnt/c/Users/BALAJI/Desktop/micropython/micropython/py/asmarm.c', '/mnt/c/Users/BALAJI/Desktop/micropython/micropython/py/asmbase.c', '/mnt/c/Users/BALAJI/Desktop/micropython/micropython/py/asmrv32.c', '/mnt/c/Users/BALAJI/Desktop/micropython/micropython/py/asmthumb.c', '/mnt/c/Users/BALAJI/Desktop/micropython/micropython/py/asmx64.c', '/mnt/c/Users/BALAJI/Desktop/micropython/micropython/py/asmx86.c', '/mnt/c/Users/BALAJI/Desktop/micropython/micropython/py/asmxtensa.c', '/mnt/c/Users/BALAJI/Desktop/micropython/micropython/py/bc.c', '/mnt/c/Users/BALAJI/Desktop/micropython/micropython/py/binary.c', '/mnt/c/Users/BALAJI/Desktop/micropython/micropython/py/builtinevex.c', '/mnt/c/Users/BALAJI/Desktop/micropython/micropython/py/builtinhelp.c', '/mnt/c/Users/BALAJI/Desktop/micropython/micropython/py/builtinimport.c', '/mnt/c/Users/BALAJI/Desktop/micropython/micropython/py/compile.c', '/mnt/c/Users/BALAJI/Desktop/micropython/micropython/py/cstack.c', '/mnt/c/Users/BALAJI/Desktop/micropython/micropython/py/emitbc.c', '/mnt/c/Users/BALAJI/Desktop/micropython/micropython/py/emitcommon.c', '/mnt/c/Users/BALAJI/Desktop/micropython/micropython/py/emitglue.c', '/mnt/c/Users/BALAJI/Desktop/micropython/micropython/py/emitinlinerv32.c', '/mnt/c/Users/BALAJI/Desktop/micropython/micropython/py/emitinlinethumb.c', '/mnt/c/Users/BALAJI/Desktop/micropython/micropython/py/emitinlinextensa.c', '/mnt/c/Users/BALAJI/Desktop/micropython/micropython/py/emitnarm.c', '/mnt/c/Users/BALAJI/Desktop/micropython/micropython/py/emitndebug.c', '/mnt/c/Users/BALAJI/Desktop/micropython/micropython/py/emitnrv32.c', '/mnt/c/Users/BALAJI/Desktop/micropython/micropython/py/emitnthumb.c', '/mnt/c/Users/BALAJI/Desktop/micropython/micropython/py/emitnx64.c', '/mnt/c/Users/BALAJI/Desktop/micropython/micropython/py/emitnx86.c', '/mnt/c/Users/BALAJI/Desktop/micropython/micropython/py/emitnxtensa.c', '/mnt/c/Users/BALAJI/Desktop/micropython/micropython/py/emitnxtensawin.c', '/mnt/c/Users/BALAJI/Desktop/micropython/micropython/py/formatfloat.c', '/mnt/c/Users/BALAJI/Desktop/micropython/micropython/py/frozenmod.c', '/mnt/c/Users/BALAJI/Desktop/micropython/micropython/py/gc.c', '/mnt/c/Users/BALAJI/Desktop/micropython/micropython/py/lexer.c', '/mnt/c/Users/BALAJI/Desktop/micropython/micropython/py/malloc.c', '/mnt/c/Users/BALAJI/Desktop/micropython/micropython/py/map.c', '/mnt/c/Users/BALAJI/Desktop/micropython/micropython/py/modarray.c', '/mnt/c/Users/BALAJI/Desktop/micropython/micropython/py/modbuiltins.c', '/mnt/c/Users/BALAJI/Desktop/micropython/micropython/py/modcmath.c', '/mnt/c/Users/BALAJI/Desktop/micropython/micropython/py/modcollections.c', '/mnt/c/Users/BALAJI/Desktop/micropython/micropython/py/modgc.c', '/mnt/c/Users/BALAJI/Desktop/micropython/micropython/py/modio.c', '/mnt/c/Users/BALAJI/Desktop/micropython/micropython/py/modmath.c', '/mnt/c/Users/BALAJI/Desktop/micropython/micropython/py/modmicropython.c', '/mnt/c/Users/BALAJI/Desktop/micropython/micropython/py/modstruct.c', '/mnt/c/Users/BALAJI/Desktop/micropython/micropython/py/modsys.c', '/mnt/c/Users/BALAJI/Desktop/micropython/micropython/py/modthread.c', '/mnt/c/Users/BALAJI/Desktop/micropython/micropython/py/moderrno.c', '/mnt/c/Users/BALAJI/Desktop/micropython/micropython/py/mpprint.c', '/mnt/c/Users/BALAJI/Desktop/micropython/micropython/py/mpstate.c', '/mnt/c/Users/BALAJI/Desktop/micropython/micropython/py/mpz.c', '/mnt/c/Users/BALAJI/Desktop/micropython/micropython/py/nativeglue.c', '/mnt/c/Users/BALAJI/Desktop/micropython/micropython/py/nlr.c', '/mnt/c/Users/BALAJI/Desktop/micropython/micropython/py/nlraarch64.c', '/mnt/c/Users/BALAJI/Desktop/micropython/micropython/py/nlrmips.c', '/mnt/c/Users/BALAJI/Desktop/micropython/micropython/py/nlrpowerpc.c', '/mnt/c/Users/BALAJI/Desktop/micropython/micropython/py/nlrrv32.c', '/mnt/c/Users/BALAJI/Desktop/micropython/micropython/py/nlrrv64.c', '/mnt/c/Users/BALAJI/Desktop/micropython/micropython/py/nlrsetjmp.c', '/mnt/c/Users/BALAJI/Desktop/micropython/micropython/py/nlrthumb.c', '/mnt/c/Users/BALAJI/Desktop/micropython/micropython/py/nlrx64.c', '/mnt/c/Users/BALAJI/Desktop/micropython/micropython/py/nlrx86.c', '/mnt/c/Users/BALAJI/Desktop/micropython/micropython/py/nlrxtensa.c']' returned non-zero exit status 1.
/mnt/c/Users/BALAJI/Desktop/micropython/micropython/py/stream.c:578: fatal error: when writing output to : Broken pipe
compilation terminated.
/mnt/c/Users/BALAJI/Desktop/micropython/micropython/extmod/vfs_blockdev.c:143: fatal error: when writing output to : Broken pipe
compilation terminated.
In file included from /mnt/c/Users/BALAJI/Desktop/micropython/micropython/py/mpconfig.h:100,
                 from /mnt/c/Users/BALAJI/Desktop/micropython/micropython/py/mpstate.h:31,
                 from /mnt/c/Users/BALAJI/Desktop/micropython/micropython/py/runtime.h:29,
                 from /mnt/c/Users/BALAJI/Desktop/micropython/micropython/ports/esp32/mpthreadport.c:30:
/mnt/c/Users/BALAJI/Desktop/micropython/micropython/ports/esp32/mpconfigport.h:191:2: error: #endif without #if
  191 | #endif
      |  ^~~~~
/mnt/c/Users/BALAJI/Desktop/micropython/micropython/ports/esp32/mpthreadport.c:231: fatal error: when writing output to : Broken pipe
compilation terminated.
In file included from /mnt/c/Users/BALAJI/Desktop/micropython/micropython/py/mpconfig.h:100,
                 from /mnt/c/Users/BALAJI/Desktop/micropython/micropython/extmod/vfs_fat.c:28:
/mnt/c/Users/BALAJI/Desktop/micropython/micropython/ports/esp32/mpconfigport.h:191:2: error: #endif without #if
  191 | #endif
      |  ^~~~~
/mnt/c/Users/BALAJI/Desktop/micropython/micropython/extmod/vfs_fat.c:448: fatal error: when writing output to : Broken pipe
compilation terminated.
In file included from /mnt/c/Users/BALAJI/Desktop/micropython/micropython/py/mpconfig.h:100,
                 from /mnt/c/Users/BALAJI/Desktop/micropython/micropython/py/nlr.h:36,
                 from /mnt/c/Users/BALAJI/Desktop/micropython/micropython/ports/esp32/machine_rtc.c:35:
/mnt/c/Users/BALAJI/Desktop/micropython/micropython/ports/esp32/mpconfigport.h:191:2: error: #endif without #if
  191 | #endif
      |  ^~~~~
/mnt/c/Users/BALAJI/Desktop/micropython/micropython/ports/esp32/machine_rtc.c:205: fatal error: when writing output to : Broken pipe
compilation terminated.
In file included from /mnt/c/Users/BALAJI/Desktop/micropython/micropython/py/mpconfig.h:100,
                 from /mnt/c/Users/BALAJI/Desktop/micropython/micropython/extmod/vfs_fat_diskio.c:30:
/mnt/c/Users/BALAJI/Desktop/micropython/micropython/ports/esp32/mpconfigport.h:191:2: error: #endif without #if
  191 | #endif
      |  ^~~~~
/mnt/c/Users/BALAJI/Desktop/micropython/micropython/extmod/vfs_fat_diskio.c:171: fatal error: when writing output to : Broken pipe
compilation terminated.
In file included from /mnt/c/Users/BALAJI/Desktop/micropython/micropython/py/mpconfig.h:100,
                 from /mnt/c/Users/BALAJI/Desktop/micropython/micropython/py/mpstate.h:31,
                 from /mnt/c/Users/BALAJI/Desktop/micropython/micropython/py/runtime.h:29,
                 from /mnt/c/Users/BALAJI/Desktop/micropython/micropython/ports/esp32/machine_sdcard.c:29:
/mnt/c/Users/BALAJI/Desktop/micropython/micropython/ports/esp32/mpconfigport.h:191:2: error: #endif without #if
  191 | #endif
      |  ^~~~~
/mnt/c/Users/BALAJI/Desktop/micropython/micropython/ports/esp32/machine_sdcard.c:558: fatal error: when writing output to : Broken pipe
compilation terminated.
In file included from /mnt/c/Users/BALAJI/Desktop/micropython/micropython/py/mpconfig.h:100,
                 from /mnt/c/Users/BALAJI/Desktop/micropython/micropython/extmod/vfs_fat_file.c:27:
/mnt/c/Users/BALAJI/Desktop/micropython/micropython/ports/esp32/mpconfigport.h:191:2: error: #endif without #if
  191 | #endif
      |  ^~~~~
/mnt/c/Users/BALAJI/Desktop/micropython/micropython/extmod/vfs_fat_file.c:250: fatal error: when writing output to : Broken pipe
compilation terminated.
In file included from /mnt/c/Users/BALAJI/Desktop/micropython/micropython/py/mpconfig.h:100,
                 from /mnt/c/Users/BALAJI/Desktop/micropython/micropython/py/mpstate.h:31,
                 from /mnt/c/Users/BALAJI/Desktop/micropython/micropython/py/runtime.h:29,
                 from /mnt/c/Users/BALAJI/Desktop/micropython/micropython/ports/esp32/modespnow.c:39:
/mnt/c/Users/BALAJI/Desktop/micropython/micropython/ports/esp32/mpconfigport.h:191:2: error: #endif without #if
  191 | #endif
      |  ^~~~~
In file included from /mnt/c/Users/BALAJI/Desktop/micropython/micropython/py/mpconfig.h:100,
                 from /mnt/c/Users/BALAJI/Desktop/micropython/micropython/py/mpstate.h:31,
                 from /mnt/c/Users/BALAJI/Desktop/micropython/micropython/py/runtime.h:29,
                 from /mnt/c/Users/BALAJI/Desktop/micropython/micropython/extmod/vfs_lfs.c:27:
/mnt/c/Users/BALAJI/Desktop/micropython/micropython/ports/esp32/mpconfigport.h:191:2: error: #endif without #if
  191 | #endif
      |  ^~~~~
In file included from /mnt/c/Users/BALAJI/Desktop/micropython/micropython/ports/esp32/modespnow.c:49:
/mnt/c/Users/BALAJI/Desktop/micropython/micropython/ports/esp32/mpconfigport.h:191:2: error: #endif without #if
  191 | #endif
      |  ^~~~~
/mnt/c/Users/BALAJI/Desktop/micropython/micropython/ports/esp32/modespnow.c:904: fatal error: when writing output to : Broken pipe
compilation terminated.
/mnt/c/Users/BALAJI/Desktop/micropython/micropython/extmod/vfs_lfs.c:146: fatal error: when writing output to : Broken pipe
compilation terminated.
In file included from /mnt/c/Users/BALAJI/Desktop/micropython/micropython/py/mpconfig.h:100,
                 from /mnt/c/Users/BALAJI/Desktop/micropython/micropython/py/obj.h:31,
                 from /mnt/c/Users/BALAJI/Desktop/micropython/micropython/ports/esp32/build-ESP32_GENERIC/pins.c:5:
/mnt/c/Users/BALAJI/Desktop/micropython/micropython/ports/esp32/mpconfigport.h:191:2: error: #endif without #if
  191 | #endif
      |  ^~~~~
/mnt/c/Users/BALAJI/Desktop/micropython/micropython/ports/esp32/build-ESP32_GENERIC/pins.c:182: fatal error: when writing output to : Broken pipe
compilation terminated.
In file included from /mnt/c/Users/BALAJI/Desktop/micropython/micropython/py/mpconfig.h:100,
                 from /mnt/c/Users/BALAJI/Desktop/micropython/micropython/py/mpstate.h:31,
                 from /mnt/c/Users/BALAJI/Desktop/micropython/micropython/py/runtime.h:29,
                 from /mnt/c/Users/BALAJI/Desktop/micropython/micropython/py/bc.h:30,
                 from /mnt/c/Users/BALAJI/Desktop/micropython/micropython/extmod/vfs_rom.c:74:
/mnt/c/Users/BALAJI/Desktop/micropython/micropython/ports/esp32/mpconfigport.h:191:2: error: #endif without #if
  191 | #endif
      |  ^~~~~
/mnt/c/Users/BALAJI/Desktop/micropython/micropython/extmod/vfs_rom.c:472: fatal error: when writing output to : No such file or directory
compilation terminated.
In file included from /mnt/c/Users/BALAJI/Desktop/micropython/micropython/py/mpconfig.h:100,
                 from /mnt/c/Users/BALAJI/Desktop/micropython/micropython/py/obj.h:31,
                 from /mnt/c/Users/BALAJI/Desktop/micropython/micropython/py/reader.h:29,
                 from /mnt/c/Users/BALAJI/Desktop/micropython/micropython/extmod/vfs_rom_file.c:29:
/mnt/c/Users/BALAJI/Desktop/micropython/micropython/ports/esp32/mpconfigport.h:191:2: error: #endif without #if
  191 | #endif
      |  ^~~~~
/mnt/c/Users/BALAJI/Desktop/micropython/micropython/extmod/vfs_rom_file.c:181: fatal error: when writing output to : No such file or directory
compilation terminated.
ninja: build stopped: subcommand failed.
ninja failed with exit code 1, output of the command is in the /mnt/c/Users/BALAJI/Desktop/micropython/micropython/ports/esp32/build-ESP32_GENERIC/log/idf_py_stderr_output_2505 and /mnt/c/Users/BALAJI/Desktop/micropython/micropython/ports/esp32/build-ESP32_GENERIC/log/idf_py_stdout_output_2505
Executing action: all (aliases: build)
Running ninja in directory /mnt/c/Users/BALAJI/Desktop/micropython/micropython/ports/esp32/build-ESP32_GENERIC
Executing "ninja all"...
[1/274] Performing build step for 'bootloader'
[1/1] cd /mnt/c/Users/BALAJI/Desktop/micropython/micropython/ports/esp32/build-ESP32_GENERIC/bootloader/esp-idf/esptool_py && /home/balaji/.espressif/python_env/idf5.2_py3.12_env/bin/python3 /mnt/c/Users/BALAJI/Desktop/micropython/esp-idf/components/partition_table/check_sizes.py --offset 0x8000 bootloader 0x1000 /mnt/c/Users/BALAJI/Desktop/micropython/micropython/ports/esp32/build-ESP32_GENERIC/bootloader/bootloader.bin
Bootloader binary size 0x5ae0 bytes. 0x1520 bytes (19%) free.
[2/274] No install step for 'bootloader'
[3/274] Completed 'bootloader'
[4/274] cd /mnt/c/Users/BALAJI/Desktop/micropython/micropython/ports/esp32/build-ESP32_GENERIC/esp-idf/main && /usr/bin/cmake -E make_directory /mnt/c/Users/BALAJI/Desktop/micropython/micropython/ports/esp32/build-ESP32_GENERIC/genhdr && /home/balaji/.espressif/python_env/idf5.2_py3.12_env/bin/python3 /mnt/c/Users/BALAJI/Desktop/micropython/micropython/py/makeversionhdr.py /mnt/c/Users/BALAJI/Desktop/micropython/micropython/ports/esp32/build-ESP32_GENERIC/genhdr/mpversion.h
[5/273] Generating ../../genhdr/qstr.i.last
FAILED: genhdr/qstr.i.last /mnt/c/Users/BALAJI/Desktop/micropython/micropython/ports/esp32/build-ESP32_GENERIC/genhdr/qstr.i.last 
/bin/sh esp-idf/main/CMakeFiles/qstr.i.last-93c470f.sh 66fa0e175cc3d0b4
In file included from /home/balaji/.espressif/tools/xtensa-esp-elf/esp-13.2.0_20230928/xtensa-esp-elf/xtensa-esp-elf/sys-include/sys/reent.h:458,
                 from /mnt/c/Users/BALAJI/Desktop/micropython/esp-idf/components/newlib/platform_include/sys/reent.h:22,
                 from /home/balaji/.espressif/tools/xtensa-esp-elf/esp-13.2.0_20230928/xtensa-esp-elf/xtensa-esp-elf/sys-include/stdlib.h:18,
                 from /mnt/c/Users/BALAJI/Desktop/micropython/micropython/py/objint_longlong.c:28:
/mnt/c/Users/BALAJI/Desktop/micropython/esp-idf/components/newlib/platform_include/assert.h:12:10: fatal error: sdkconfig.h: No such file or directory
   12 | #include <sdkconfig.h>
      |          ^~~~~~~~~~~~~
compilation terminated.
In file included from /home/balaji/.espressif/tools/xtensa-esp-elf/esp-13.2.0_20230928/xtensa-esp-elf/xtensa-esp-elf/sys-include/sys/reent.h:458,
                 from /mnt/c/Users/BALAJI/Desktop/micropython/esp-idf/components/newlib/platform_include/sys/reent.h:22,
                 from /home/balaji/.espressif/tools/xtensa-esp-elf/esp-13.2.0_20230928/xtensa-esp-elf/xtensa-esp-elf/sys-include/string.h:11,
                 from /mnt/c/Users/BALAJI/Desktop/micropython/micropython/py/objint_mpz.c:27:
/mnt/c/Users/BALAJI/Desktop/micropython/esp-idf/components/newlib/platform_include/assert.h:12:10: fatal error: sdkconfig.h: No such file or directory
   12 | #include <sdkconfig.h>
      |          ^~~~~~~~~~~~~
compilation terminated.
In file included from /home/balaji/.espressif/tools/xtensa-esp-elf/esp-13.2.0_20230928/xtensa-esp-elf/xtensa-esp-elf/sys-include/sys/reent.h:458,
                 from /mnt/c/Users/BALAJI/Desktop/micropython/esp-idf/components/newlib/platform_include/sys/reent.h:22,
                 from /home/balaji/.espressif/tools/xtensa-esp-elf/esp-13.2.0_20230928/xtensa-esp-elf/xtensa-esp-elf/sys-include/string.h:11,
                 from /mnt/c/Users/BALAJI/Desktop/micropython/micropython/py/objlist.c:27:
/mnt/c/Users/BALAJI/Desktop/micropython/esp-idf/components/newlib/platform_include/assert.h:12:10: fatal error: sdkconfig.h: No such file or directory
   12 | #include <sdkconfig.h>
      |          ^~~~~~~~~~~~~
compilation terminated.
/mnt/c/Users/BALAJI/Desktop/micropython/micropython/ports/esp32/panichandler.c:27:10: fatal error: genhdr/mpversion.h: No such file or directory
   27 | #include "genhdr/mpversion.h"
      |          ^~~~~~~~~~~~~~~~~~~~
compilation terminated.
In file included from /home/balaji/.espressif/tools/xtensa-esp-elf/esp-13.2.0_20230928/xtensa-esp-elf/xtensa-esp-elf/sys-include/sys/reent.h:458,
                 from /mnt/c/Users/BALAJI/Desktop/micropython/esp-idf/components/newlib/platform_include/sys/reent.h:22,
                 from /home/balaji/.espressif/tools/xtensa-esp-elf/esp-13.2.0_20230928/xtensa-esp-elf/xtensa-esp-elf/sys-include/alloca.h:11,
                 from /mnt/c/Users/BALAJI/Desktop/micropython/micropython/ports/esp32/mpconfigport.h:8,
                 from /mnt/c/Users/BALAJI/Desktop/micropython/micropython/py/mpconfig.h:100,
                 from /mnt/c/Users/BALAJI/Desktop/micropython/micropython/py/mpstate.h:31,
                 from /mnt/c/Users/BALAJI/Desktop/micropython/micropython/py/runtime.h:29,
                 from /mnt/c/Users/BALAJI/Desktop/micropython/micropython/extmod/machine_uart.c:27:
/mnt/c/Users/BALAJI/Desktop/micropython/esp-idf/components/newlib/platform_include/assert.h:12:10: fatal error: sdkconfig.h: No such file or directory
   12 | #include <sdkconfig.h>
      |          ^~~~~~~~~~~~~
In file included from /home/balaji/.espressif/tools/xtensa-esp-elf/esp-13.2.0_20230928/xtensa-esp-elf/xtensa-esp-elf/sys-include/sys/reent.h:458,
                 from /mnt/c/Users/BALAJI/Desktop/micropython/esp-idf/components/newlib/platform_include/sys/reent.h:22,
                 from /home/balaji/.espressif/tools/xtensa-esp-elf/esp-13.2.0_20230928/xtensa-esp-elf/xtensa-esp-elf/sys-include/stdlib.h:18,
                 from /mnt/c/Users/BALAJI/Desktop/micropython/micropython/py/objmap.c:27:
/mnt/c/Users/BALAJI/Desktop/micropython/esp-idf/components/newlib/platform_include/assert.h:12:10: fatal error: sdkconfig.h: No such file or directory
   12 | #include <sdkconfig.h>
      |          ^~~~~~~~~~~~~
compilation terminated.
compilation terminated.
In file included from /home/balaji/.espressif/tools/xtensa-esp-elf/esp-13.2.0_20230928/xtensa-esp-elf/xtensa-esp-elf/sys-include/sys/reent.h:458,
                 from /mnt/c/Users/BALAJI/Desktop/micropython/esp-idf/components/newlib/platform_include/sys/reent.h:22,
                 from /home/balaji/.espressif/tools/xtensa-esp-elf/esp-13.2.0_20230928/xtensa-esp-elf/xtensa-esp-elf/sys-include/stdio.h:60,
                 from /mnt/c/Users/BALAJI/Desktop/micropython/micropython/py/emitinlinextensa.c:28:
/mnt/c/Users/BALAJI/Desktop/micropython/esp-idf/components/newlib/platform_include/assert.h:12:10: fatal error: sdkconfig.h: No such file or directory
   12 | #include <sdkconfig.h>
      |          ^~~~~~~~~~~~~
compilation terminated.
In file included from /home/balaji/.espressif/tools/xtensa-esp-elf/esp-13.2.0_20230928/xtensa-esp-elf/xtensa-esp-elf/sys-include/sys/reent.h:458,
                 from /mnt/c/Users/BALAJI/Desktop/micropython/esp-idf/components/newlib/platform_include/sys/reent.h:22,
                 from /home/balaji/.espressif/tools/xtensa-esp-elf/esp-13.2.0_20230928/xtensa-esp-elf/xtensa-esp-elf/sys-include/stdlib.h:18,
                 from /mnt/c/Users/BALAJI/Desktop/micropython/micropython/py/objmodule.c:28:
/mnt/c/Users/BALAJI/Desktop/micropython/esp-idf/components/newlib/platform_include/assert.h:12:10: fatal error: sdkconfig.h: No such file or directory
   12 | #include <sdkconfig.h>
      |          ^~~~~~~~~~~~~
compilation terminated.
In file included from /home/balaji/.espressif/tools/xtensa-esp-elf/esp-13.2.0_20230928/xtensa-esp-elf/xtensa-esp-elf/sys-include/sys/reent.h:458,
                 from /mnt/c/Users/BALAJI/Desktop/micropython/esp-idf/components/newlib/platform_include/sys/reent.h:22,
                 from /home/balaji/.espressif/tools/xtensa-esp-elf/esp-13.2.0_20230928/xtensa-esp-elf/xtensa-esp-elf/sys-include/alloca.h:11,
                 from /mnt/c/Users/BALAJI/Desktop/micropython/micropython/ports/esp32/mpconfigport.h:8,
                 from /mnt/c/Users/BALAJI/Desktop/micropython/micropython/py/mpconfig.h:100,
                 from /mnt/c/Users/BALAJI/Desktop/micropython/micropython/py/mphal.h:31,
                 from /mnt/c/Users/BALAJI/Desktop/micropython/micropython/ports/esp32/adc.c:28:
/mnt/c/Users/BALAJI/Desktop/micropython/esp-idf/components/newlib/platform_include/assert.h:12:10: fatal error: sdkconfig.h: No such file or directory
   12 | #include <sdkconfig.h>
      |          ^~~~~~~~~~~~~
compilation terminated.
In file included from /home/balaji/.espressif/tools/xtensa-esp-elf/esp-13.2.0_20230928/xtensa-esp-elf/xtensa-esp-elf/sys-include/sys/reent.h:458,
                 from /mnt/c/Users/BALAJI/Desktop/micropython/esp-idf/components/newlib/platform_include/sys/reent.h:22,
                 from /home/balaji/.espressif/tools/xtensa-esp-elf/esp-13.2.0_20230928/xtensa-esp-elf/xtensa-esp-elf/sys-include/alloca.h:11,
                 from /mnt/c/Users/BALAJI/Desktop/micropython/micropython/ports/esp32/mpconfigport.h:8,
                 from /mnt/c/Users/BALAJI/Desktop/micropython/micropython/py/mpconfig.h:100,
                 from /mnt/c/Users/BALAJI/Desktop/micropython/micropython/extmod/machine_usb_device.c:27:
/mnt/c/Users/BALAJI/Desktop/micropython/esp-idf/components/newlib/platform_include/assert.h:12:10: fatal error: sdkconfig.h: No such file or directory
   12 | #include <sdkconfig.h>
      |          ^~~~~~~~~~~~~
compilation terminated.
In file included from /home/balaji/.espressif/tools/xtensa-esp-elf/esp-13.2.0_20230928/xtensa-esp-elf/xtensa-esp-elf/sys-include/sys/reent.h:458,
                 from /mnt/c/Users/BALAJI/Desktop/micropython/esp-idf/components/newlib/platform_include/sys/reent.h:22,
                 from /home/balaji/.espressif/tools/xtensa-esp-elf/esp-13.2.0_20230928/xtensa-esp-elf/xtensa-esp-elf/sys-include/string.h:11,
                 from /mnt/c/Users/BALAJI/Desktop/micropython/micropython/py/objnamedtuple.c:28:
/mnt/c/Users/BALAJI/Desktop/micropython/esp-idf/components/newlib/platform_include/assert.h:12:10: fatal error: sdkconfig.h: No such file or directory
   12 | #include <sdkconfig.h>
      |          ^~~~~~~~~~~~~
compilation terminated.
In file included from /home/balaji/.espressif/tools/xtensa-esp-elf/esp-13.2.0_20230928/xtensa-esp-elf/xtensa-esp-elf/sys-include/sys/reent.h:458,
                 from /mnt/c/Users/BALAJI/Desktop/micropython/esp-idf/components/newlib/platform_include/sys/reent.h:22,
                 from /home/balaji/.espressif/tools/xtensa-esp-elf/esp-13.2.0_20230928/xtensa-esp-elf/xtensa-esp-elf/sys-include/alloca.h:11,
                 from /mnt/c/Users/BALAJI/Desktop/micropython/micropython/ports/esp32/mpconfigport.h:8,
                 from /mnt/c/Users/BALAJI/Desktop/micropython/micropython/py/mpconfig.h:100,
                 from /mnt/c/Users/BALAJI/Desktop/micropython/micropython/py/emitnarm.c:3:
/mnt/c/Users/BALAJI/Desktop/micropython/esp-idf/components/newlib/platform_include/assert.h:12:10: fatal error: sdkconfig.h: No such file or directory
   12 | #include <sdkconfig.h>
      |          ^~~~~~~~~~~~~
compilation terminated.
In file included from /home/balaji/.espressif/tools/xtensa-esp-elf/esp-13.2.0_20230928/xtensa-esp-elf/xtensa-esp-elf/sys-include/sys/reent.h:458,
                 from /mnt/c/Users/BALAJI/Desktop/micropython/esp-idf/components/newlib/platform_include/sys/reent.h:22,
                 from /home/balaji/.espressif/tools/xtensa-esp-elf/esp-13.2.0_20230928/xtensa-esp-elf/xtensa-esp-elf/sys-include/stdio.h:60,
                 from /mnt/c/Users/BALAJI/Desktop/micropython/micropython/ports/esp32/main.c:29:
/mnt/c/Users/BALAJI/Desktop/micropython/esp-idf/components/newlib/platform_include/assert.h:12:10: fatal error: sdkconfig.h: No such file or directory
   12 | #include <sdkconfig.h>
      |          ^~~~~~~~~~~~~
compilation terminated.
In file included from /mnt/c/Users/BALAJI/Desktop/micropython/micropython/ports/esp32/ppp_set_auth.h:12,
                 from /mnt/c/Users/BALAJI/Desktop/micropython/micropython/ports/esp32/ppp_set_auth.c:10:
/mnt/c/Users/BALAJI/Desktop/micropython/esp-idf/components/esp_netif/include/esp_netif.h:11:10: fatal error: sdkconfig.h: No such file or directory
   11 | #include "sdkconfig.h"
      |          ^~~~~~~~~~~~~
compilation terminated.
In file included from /home/balaji/.espressif/tools/xtensa-esp-elf/esp-13.2.0_20230928/xtensa-esp-elf/xtensa-esp-elf/sys-include/sys/reent.h:458,
                 from /mnt/c/Users/BALAJI/Desktop/micropython/esp-idf/components/newlib/platform_include/sys/reent.h:22,
                 from /home/balaji/.espressif/tools/xtensa-esp-elf/esp-13.2.0_20230928/xtensa-esp-elf/xtensa-esp-elf/sys-include/alloca.h:11,
                 from /mnt/c/Users/BALAJI/Desktop/micropython/micropython/ports/esp32/mpconfigport.h:8,
                 from /mnt/c/Users/BALAJI/Desktop/micropython/micropython/py/mpconfig.h:100,
                 from /mnt/c/Users/BALAJI/Desktop/micropython/micropython/py/mpstate.h:31,
                 from /mnt/c/Users/BALAJI/Desktop/micropython/micropython/py/runtime.h:29,
                 from /mnt/c/Users/BALAJI/Desktop/micropython/micropython/extmod/machine_wdt.c:27:
/mnt/c/Users/BALAJI/Desktop/micropython/esp-idf/components/newlib/platform_include/assert.h:12:10: fatal error: sdkconfig.h: No such file or directory
   12 | #include <sdkconfig.h>
      |          ^~~~~~~~~~~~~
compilation terminated.
In file included from /home/balaji/.espressif/tools/xtensa-esp-elf/esp-13.2.0_20230928/xtensa-esp-elf/xtensa-esp-elf/sys-include/sys/reent.h:458,
                 from /mnt/c/Users/BALAJI/Desktop/micropython/esp-idf/components/newlib/platform_include/sys/reent.h:22,
                 from /home/balaji/.espressif/tools/xtensa-esp-elf/esp-13.2.0_20230928/xtensa-esp-elf/xtensa-esp-elf/sys-include/stdlib.h:18,
                 from /mnt/c/Users/BALAJI/Desktop/micropython/micropython/py/objnone.c:27:
/mnt/c/Users/BALAJI/Desktop/micropython/esp-idf/components/newlib/platform_include/assert.h:12:10: fatal error: sdkconfig.h: No such file or directory
   12 | #include <sdkconfig.h>
      |          ^~~~~~~~~~~~~
compilation terminated.
In file included from /mnt/c/Users/BALAJI/Desktop/micropython/micropython/py/obj.h:29,
                 from /mnt/c/Users/BALAJI/Desktop/micropython/micropython/py/binary.h:30,
                 from /mnt/c/Users/BALAJI/Desktop/micropython/micropython/extmod/modbluetooth.c:28:
/mnt/c/Users/BALAJI/Desktop/micropython/esp-idf/components/newlib/platform_include/assert.h:12:10: fatal error: sdkconfig.h: No such file or directory
   12 | #include <sdkconfig.h>
      |          ^~~~~~~~~~~~~
compilation terminated.
In file included from /home/balaji/.espressif/tools/xtensa-esp-elf/esp-13.2.0_20230928/xtensa-esp-elf/xtensa-esp-elf/sys-include/sys/reent.h:458,
                 from /mnt/c/Users/BALAJI/Desktop/micropython/esp-idf/components/newlib/platform_include/sys/reent.h:22,
                 from /home/balaji/.espressif/tools/xtensa-esp-elf/esp-13.2.0_20230928/xtensa-esp-elf/xtensa-esp-elf/sys-include/alloca.h:11,
                 from /mnt/c/Users/BALAJI/Desktop/micropython/micropython/ports/esp32/mpconfigport.h:8,
                 from /mnt/c/Users/BALAJI/Desktop/micropython/micropython/py/mpconfig.h:100,
                 from /mnt/c/Users/BALAJI/Desktop/micropython/micropython/py/emitndebug.c:3:
/mnt/c/Users/BALAJI/Desktop/micropython/esp-idf/components/newlib/platform_include/assert.h:12:10: fatal error: sdkconfig.h: No such file or directory
   12 | #include <sdkconfig.h>
      |          ^~~~~~~~~~~~~
compilation terminated.
In file included from /home/balaji/.espressif/tools/xtensa-esp-elf/esp-13.2.0_20230928/xtensa-esp-elf/xtensa-esp-elf/sys-include/sys/reent.h:458,
                 from /mnt/c/Users/BALAJI/Desktop/micropython/esp-idf/components/newlib/platform_include/sys/reent.h:22,
                 from /home/balaji/.espressif/tools/xtensa-esp-elf/esp-13.2.0_20230928/xtensa-esp-elf/xtensa-esp-elf/sys-include/stdlib.h:18,
                 from /mnt/c/Users/BALAJI/Desktop/micropython/micropython/py/objobject.c:27:
/mnt/c/Users/BALAJI/Desktop/micropython/esp-idf/components/newlib/platform_include/assert.h:12:10: fatal error: sdkconfig.h: No such file or directory
   12 | #include <sdkconfig.h>
      |          ^~~~~~~~~~~~~
compilation terminated.
In file included from /home/balaji/.espressif/tools/xtensa-esp-elf/esp-13.2.0_20230928/xtensa-esp-elf/xtensa-esp-elf/sys-include/sys/reent.h:458,
                 from /mnt/c/Users/BALAJI/Desktop/micropython/esp-idf/components/newlib/platform_include/sys/reent.h:22,
                 from /home/balaji/.espressif/tools/xtensa-esp-elf/esp-13.2.0_20230928/xtensa-esp-elf/xtensa-esp-elf/sys-include/alloca.h:11,
                 from /mnt/c/Users/BALAJI/Desktop/micropython/micropython/ports/esp32/mpconfigport.h:8,
                 from /mnt/c/Users/BALAJI/Desktop/micropython/micropython/py/mpconfig.h:100,
                 from /mnt/c/Users/BALAJI/Desktop/micropython/micropython/py/mpstate.h:31,
                 from /mnt/c/Users/BALAJI/Desktop/micropython/micropython/py/runtime.h:29,
                 from /mnt/c/Users/BALAJI/Desktop/micropython/micropython/ports/esp32/uart.c:30:
/mnt/c/Users/BALAJI/Desktop/micropython/esp-idf/components/newlib/platform_include/assert.h:12:10: fatal error: sdkconfig.h: No such file or directory
   12 | #include <sdkconfig.h>
      |          ^~~~~~~~~~~~~
compilation terminated.
In file included from /home/balaji/.espressif/tools/xtensa-esp-elf/esp-13.2.0_20230928/xtensa-esp-elf/xtensa-esp-elf/sys-include/sys/reent.h:458,
                 from /mnt/c/Users/BALAJI/Desktop/micropython/esp-idf/components/newlib/platform_include/sys/reent.h:22,
                 from /home/balaji/.espressif/tools/xtensa-esp-elf/esp-13.2.0_20230928/xtensa-esp-elf/xtensa-esp-elf/sys-include/stdio.h:60,
                 from /mnt/c/Users/BALAJI/Desktop/micropython/micropython/extmod/modframebuf.c:27:
/mnt/c/Users/BALAJI/Desktop/micropython/esp-idf/components/newlib/platform_include/assert.h:12:10: fatal error: sdkconfig.h: No such file or directory
   12 | #include <sdkconfig.h>
      |          ^~~~~~~~~~~~~
compilation terminated.
In file included from /home/balaji/.espressif/tools/xtensa-esp-elf/esp-13.2.0_20230928/xtensa-esp-elf/xtensa-esp-elf/sys-include/sys/reent.h:458,
                 from /mnt/c/Users/BALAJI/Desktop/micropython/esp-idf/components/newlib/platform_include/sys/reent.h:22,
                 from /home/balaji/.espressif/tools/xtensa-esp-elf/esp-13.2.0_20230928/xtensa-esp-elf/xtensa-esp-elf/sys-include/alloca.h:11,
                 from /mnt/c/Users/BALAJI/Desktop/micropython/micropython/ports/esp32/mpconfigport.h:8,
                 from /mnt/c/Users/BALAJI/Desktop/micropython/micropython/py/mpconfig.h:100,
                 from /mnt/c/Users/BALAJI/Desktop/micropython/micropython/py/emitnrv32.c:29:
/mnt/c/Users/BALAJI/Desktop/micropython/esp-idf/components/newlib/platform_include/assert.h:12:10: fatal error: sdkconfig.h: No such file or directory
   12 | #include <sdkconfig.h>
      |          ^~~~~~~~~~~~~
compilation terminated.
In file included from /home/balaji/.espressif/tools/xtensa-esp-elf/esp-13.2.0_20230928/xtensa-esp-elf/xtensa-esp-elf/sys-include/sys/reent.h:458,
                 from /mnt/c/Users/BALAJI/Desktop/micropython/esp-idf/components/newlib/platform_include/sys/reent.h:22,
                 from /home/balaji/.espressif/tools/xtensa-esp-elf/esp-13.2.0_20230928/xtensa-esp-elf/xtensa-esp-elf/sys-include/stdlib.h:18,
                 from /mnt/c/Users/BALAJI/Desktop/micropython/micropython/py/objpolyiter.c:27:
/mnt/c/Users/BALAJI/Desktop/micropython/esp-idf/components/newlib/platform_include/assert.h:12:10: fatal error: sdkconfig.h: No such file or directory
   12 | #include <sdkconfig.h>
      |          ^~~~~~~~~~~~~
compilation terminated.
In file included from /home/balaji/.espressif/tools/xtensa-esp-elf/esp-13.2.0_20230928/xtensa-esp-elf/xtensa-esp-elf/sys-include/sys/reent.h:458,
                 from /mnt/c/Users/BALAJI/Desktop/micropython/esp-idf/components/newlib/platform_include/sys/reent.h:22,
                 from /home/balaji/.espressif/tools/xtensa-esp-elf/esp-13.2.0_20230928/xtensa-esp-elf/xtensa-esp-elf/sys-include/string.h:11,
                 from /mnt/c/Users/BALAJI/Desktop/micropython/micropython/extmod/modlwip.c:29:
/mnt/c/Users/BALAJI/Desktop/micropython/esp-idf/components/newlib/platform_include/assert.h:12:10: fatal error: sdkconfig.h: No such file or directory
   12 | #include <sdkconfig.h>
      |          ^~~~~~~~~~~~~
compilation terminated.
In file included from /mnt/c/Users/BALAJI/Desktop/micropython/micropython/py/obj.h:29,
                 from /mnt/c/Users/BALAJI/Desktop/micropython/micropython/py/builtin.h:29,
                 from /mnt/c/Users/BALAJI/Desktop/micropython/micropython/extmod/modmachine.c:27:
/mnt/c/Users/BALAJI/Desktop/micropython/esp-idf/components/newlib/platform_include/assert.h:12:10: fatal error: sdkconfig.h: No such file or directory
   12 | #include <sdkconfig.h>
      |          ^~~~~~~~~~~~~
compilation terminated.
In file included from /home/balaji/.espressif/tools/xtensa-esp-elf/esp-13.2.0_20230928/xtensa-esp-elf/xtensa-esp-elf/sys-include/sys/reent.h:458,
                 from /mnt/c/Users/BALAJI/Desktop/micropython/esp-idf/components/newlib/platform_include/sys/reent.h:22,
                 from /home/balaji/.espressif/tools/xtensa-esp-elf/esp-13.2.0_20230928/xtensa-esp-elf/xtensa-esp-elf/sys-include/alloca.h:11,
                 from /mnt/c/Users/BALAJI/Desktop/micropython/micropython/ports/esp32/mpconfigport.h:8,
                 from /mnt/c/Users/BALAJI/Desktop/micropython/micropython/py/mpconfig.h:100,
                 from /mnt/c/Users/BALAJI/Desktop/micropython/micropython/py/mpstate.h:31,
                 from /mnt/c/Users/BALAJI/Desktop/micropython/micropython/py/runtime.h:29,
                 from /mnt/c/Users/BALAJI/Desktop/micropython/micropython/ports/esp32/usb.c:27:
/mnt/c/Users/BALAJI/Desktop/micropython/esp-idf/components/newlib/platform_include/assert.h:12:10: fatal error: sdkconfig.h: No such file or directory
   12 | #include <sdkconfig.h>
      |          ^~~~~~~~~~~~~
compilation terminated.
In file included from /home/balaji/.espressif/tools/xtensa-esp-elf/esp-13.2.0_20230928/xtensa-esp-elf/xtensa-esp-elf/sys-include/sys/reent.h:458,
                 from /mnt/c/Users/BALAJI/Desktop/micropython/esp-idf/components/newlib/platform_include/sys/reent.h:22,
                 from /home/balaji/.espressif/tools/xtensa-esp-elf/esp-13.2.0_20230928/xtensa-esp-elf/xtensa-esp-elf/sys-include/stdlib.h:18,
                 from /mnt/c/Users/BALAJI/Desktop/micropython/micropython/py/objproperty.c:27:
/mnt/c/Users/BALAJI/Desktop/micropython/esp-idf/components/newlib/platform_include/assert.h:12:10: fatal error: sdkconfig.h: No such file or directory
   12 | #include <sdkconfig.h>
      |          ^~~~~~~~~~~~~
compilation terminated.
In file included from /home/balaji/.espressif/tools/xtensa-esp-elf/esp-13.2.0_20230928/xtensa-esp-elf/xtensa-esp-elf/sys-include/sys/reent.h:458,
                 from /mnt/c/Users/BALAJI/Desktop/micropython/esp-idf/components/newlib/platform_include/sys/reent.h:22,
                 from /home/balaji/.espressif/tools/xtensa-esp-elf/esp-13.2.0_20230928/xtensa-esp-elf/xtensa-esp-elf/sys-include/alloca.h:11,
                 from /mnt/c/Users/BALAJI/Desktop/micropython/micropython/ports/esp32/mpconfigport.h:8,
                 from /mnt/c/Users/BALAJI/Desktop/micropython/micropython/py/mpconfig.h:100,
                 from /mnt/c/Users/BALAJI/Desktop/micropython/micropython/py/emitnthumb.c:3:
/mnt/c/Users/BALAJI/Desktop/micropython/esp-idf/components/newlib/platform_include/assert.h:12:10: fatal error: sdkconfig.h: No such file or directory
   12 | #include <sdkconfig.h>
      |          ^~~~~~~~~~~~~
compilation terminated.
In file included from /home/balaji/.espressif/tools/xtensa-esp-elf/esp-13.2.0_20230928/xtensa-esp-elf/xtensa-esp-elf/sys-include/sys/reent.h:458,
                 from /mnt/c/Users/BALAJI/Desktop/micropython/esp-idf/components/newlib/platform_include/sys/reent.h:22,
                 from /home/balaji/.espressif/tools/xtensa-esp-elf/esp-13.2.0_20230928/xtensa-esp-elf/xtensa-esp-elf/sys-include/alloca.h:11,
                 from /mnt/c/Users/BALAJI/Desktop/micropython/micropython/ports/esp32/mpconfigport.h:8,
                 from /mnt/c/Users/BALAJI/Desktop/micropython/micropython/py/mpconfig.h:100,
                 from /mnt/c/Users/BALAJI/Desktop/micropython/micropython/py/mpstate.h:31,
                 from /mnt/c/Users/BALAJI/Desktop/micropython/micropython/py/runtime.h:29,
                 from /mnt/c/Users/BALAJI/Desktop/micropython/micropython/py/bc.h:30,
                 from /mnt/c/Users/BALAJI/Desktop/micropython/micropython/py/objcode.h:29,
                 from /mnt/c/Users/BALAJI/Desktop/micropython/micropython/extmod/modmarshal.c:28:
/mnt/c/Users/BALAJI/Desktop/micropython/esp-idf/components/newlib/platform_include/assert.h:12:10: fatal error: sdkconfig.h: No such file or directory
   12 | #include <sdkconfig.h>
      |          ^~~~~~~~~~~~~
compilation terminated.
In file included from /home/balaji/.espressif/tools/xtensa-esp-elf/esp-13.2.0_20230928/xtensa-esp-elf/xtensa-esp-elf/sys-include/sys/reent.h:458,
                 from /mnt/c/Users/BALAJI/Desktop/micropython/esp-idf/components/newlib/platform_include/sys/reent.h:22,
                 from /home/balaji/.espressif/tools/xtensa-esp-elf/esp-13.2.0_20230928/xtensa-esp-elf/xtensa-esp-elf/sys-include/alloca.h:11,
                 from /mnt/c/Users/BALAJI/Desktop/micropython/micropython/ports/esp32/mpconfigport.h:8,
                 from /mnt/c/Users/BALAJI/Desktop/micropython/micropython/py/mpconfig.h:100,
                 from /mnt/c/Users/BALAJI/Desktop/micropython/micropython/py/mpstate.h:31,
                 from /mnt/c/Users/BALAJI/Desktop/micropython/micropython/py/runtime.h:29,
                 from /mnt/c/Users/BALAJI/Desktop/micropython/micropython/ports/esp32/usb_serial_jtag.c:27:
/mnt/c/Users/BALAJI/Desktop/micropython/esp-idf/components/newlib/platform_include/assert.h:12:10: fatal error: sdkconfig.h: No such file or directory
   12 | #include <sdkconfig.h>
      |          ^~~~~~~~~~~~~
compilation terminated.
In file included from /home/balaji/.espressif/tools/xtensa-esp-elf/esp-13.2.0_20230928/xtensa-esp-elf/xtensa-esp-elf/sys-include/sys/reent.h:458,
                 from /mnt/c/Users/BALAJI/Desktop/micropython/esp-idf/components/newlib/platform_include/sys/reent.h:22,
                 from /home/balaji/.espressif/tools/xtensa-esp-elf/esp-13.2.0_20230928/xtensa-esp-elf/xtensa-esp-elf/sys-include/stdlib.h:18,
                 from /mnt/c/Users/BALAJI/Desktop/micropython/micropython/py/objrange.c:27:
/mnt/c/Users/BALAJI/Desktop/micropython/esp-idf/components/newlib/platform_include/assert.h:12:10: fatal error: sdkconfig.h: No such file or directory
   12 | #include <sdkconfig.h>
      |          ^~~~~~~~~~~~~
compilation terminated.
In file included from /home/balaji/.espressif/tools/xtensa-esp-elf/esp-13.2.0_20230928/xtensa-esp-elf/xtensa-esp-elf/sys-include/sys/reent.h:458,
                 from /mnt/c/Users/BALAJI/Desktop/micropython/esp-idf/components/newlib/platform_include/sys/reent.h:22,
                 from /home/balaji/.espressif/tools/xtensa-esp-elf/esp-13.2.0_20230928/xtensa-esp-elf/xtensa-esp-elf/sys-include/alloca.h:11,
                 from /mnt/c/Users/BALAJI/Desktop/micropython/micropython/ports/esp32/mpconfigport.h:8,
                 from /mnt/c/Users/BALAJI/Desktop/micropython/micropython/py/mpconfig.h:100,
                 from /mnt/c/Users/BALAJI/Desktop/micropython/micropython/py/emitnx64.c:3:
/mnt/c/Users/BALAJI/Desktop/micropython/esp-idf/components/newlib/platform_include/assert.h:12:10: fatal error: sdkconfig.h: No such file or directory
   12 | #include <sdkconfig.h>
      |          ^~~~~~~~~~~~~
compilation terminated.
In file included from /home/balaji/.espressif/tools/xtensa-esp-elf/esp-13.2.0_20230928/xtensa-esp-elf/xtensa-esp-elf/sys-include/sys/reent.h:458,
                 from /mnt/c/Users/BALAJI/Desktop/micropython/esp-idf/components/newlib/platform_include/sys/reent.h:22,
                 from /home/balaji/.espressif/tools/xtensa-esp-elf/esp-13.2.0_20230928/xtensa-esp-elf/xtensa-esp-elf/sys-include/stdio.h:60,
                 from /mnt/c/Users/BALAJI/Desktop/micropython/micropython/extmod/modnetwork.c:27:
/mnt/c/Users/BALAJI/Desktop/micropython/esp-idf/components/newlib/platform_include/assert.h:12:10: fatal error: sdkconfig.h: No such file or directory
   12 | #include <sdkconfig.h>
      |          ^~~~~~~~~~~~~
compilation terminated.
In file included from /home/balaji/.espressif/tools/xtensa-esp-elf/esp-13.2.0_20230928/xtensa-esp-elf/xtensa-esp-elf/sys-include/sys/reent.h:458,
                 from /mnt/c/Users/BALAJI/Desktop/micropython/esp-idf/components/newlib/platform_include/sys/reent.h:22,
                 from /home/balaji/.espressif/tools/xtensa-esp-elf/esp-13.2.0_20230928/xtensa-esp-elf/xtensa-esp-elf/sys-include/stdlib.h:18,
                 from /mnt/c/Users/BALAJI/Desktop/micropython/micropython/py/objreversed.c:27:
/mnt/c/Users/BALAJI/Desktop/micropython/esp-idf/components/newlib/platform_include/assert.h:12:10: fatal error: sdkconfig.h: No such file or directory
   12 | #include <sdkconfig.h>
      |          ^~~~~~~~~~~~~
compilation terminated.
In file included from /home/balaji/.espressif/tools/xtensa-esp-elf/esp-13.2.0_20230928/xtensa-esp-elf/xtensa-esp-elf/sys-include/sys/reent.h:458,
                 from /mnt/c/Users/BALAJI/Desktop/micropython/esp-idf/components/newlib/platform_include/sys/reent.h:22,
                 from /home/balaji/.espressif/tools/xtensa-esp-elf/esp-13.2.0_20230928/xtensa-esp-elf/xtensa-esp-elf/sys-include/stdio.h:60,
                 from /mnt/c/Users/BALAJI/Desktop/micropython/micropython/ports/esp32/gccollect.c:30:
/mnt/c/Users/BALAJI/Desktop/micropython/esp-idf/components/newlib/platform_include/assert.h:12:10: fatal error: sdkconfig.h: No such file or directory
   12 | #include <sdkconfig.h>
      |          ^~~~~~~~~~~~~
compilation terminated.
In file included from /home/balaji/.espressif/tools/xtensa-esp-elf/esp-13.2.0_20230928/xtensa-esp-elf/xtensa-esp-elf/sys-include/sys/reent.h:458,
                 from /mnt/c/Users/BALAJI/Desktop/micropython/esp-idf/components/newlib/platform_include/sys/reent.h:22,
                 from /home/balaji/.espressif/tools/xtensa-esp-elf/esp-13.2.0_20230928/xtensa-esp-elf/xtensa-esp-elf/sys-include/stdio.h:60,
                 from /mnt/c/Users/BALAJI/Desktop/micropython/micropython/extmod/modonewire.c:27:
/mnt/c/Users/BALAJI/Desktop/micropython/esp-idf/components/newlib/platform_include/assert.h:12:10: fatal error: sdkconfig.h: No such file or directory
   12 | #include <sdkconfig.h>
      |          ^~~~~~~~~~~~~
compilation terminated.
In file included from /home/balaji/.espressif/tools/xtensa-esp-elf/esp-13.2.0_20230928/xtensa-esp-elf/xtensa-esp-elf/sys-include/sys/reent.h:458,
                 from /mnt/c/Users/BALAJI/Desktop/micropython/esp-idf/components/newlib/platform_include/sys/reent.h:22,
                 from /home/balaji/.espressif/tools/xtensa-esp-elf/esp-13.2.0_20230928/xtensa-esp-elf/xtensa-esp-elf/sys-include/stdio.h:60,
                 from /mnt/c/Users/BALAJI/Desktop/micropython/micropython/ports/esp32/mphalport.c:29:
/mnt/c/Users/BALAJI/Desktop/micropython/esp-idf/components/newlib/platform_include/assert.h:12:10: fatal error: sdkconfig.h: No such file or directory
   12 | #include <sdkconfig.h>
      |          ^~~~~~~~~~~~~
In file included from /home/balaji/.espressif/tools/xtensa-esp-elf/esp-13.2.0_20230928/xtensa-esp-elf/xtensa-esp-elf/sys-include/sys/reent.h:458,
                 from /mnt/c/Users/BALAJI/Desktop/micropython/esp-idf/components/newlib/platform_include/sys/reent.h:22,
                 from /home/balaji/.espressif/tools/xtensa-esp-elf/esp-13.2.0_20230928/xtensa-esp-elf/xtensa-esp-elf/sys-include/alloca.h:11,
                 from /mnt/c/Users/BALAJI/Desktop/micropython/micropython/ports/esp32/mpconfigport.h:8,
                 from /mnt/c/Users/BALAJI/Desktop/micropython/micropython/py/mpconfig.h:100,
                 from /mnt/c/Users/BALAJI/Desktop/micropython/micropython/py/emitnx86.c:3:
/mnt/c/Users/BALAJI/Desktop/micropython/esp-idf/components/newlib/platform_include/assert.h:12:10: fatal error: sdkconfig.h: No such file or directory
   12 | #include <sdkconfig.h>
      |          ^~~~~~~~~~~~~
compilation terminated.
compilation terminated.
In file included from /home/balaji/.espressif/tools/xtensa-esp-elf/esp-13.2.0_20230928/xtensa-esp-elf/xtensa-esp-elf/sys-include/sys/reent.h:458,
                 from /mnt/c/Users/BALAJI/Desktop/micropython/esp-idf/components/newlib/platform_include/sys/reent.h:22,
                 from /home/balaji/.espressif/tools/xtensa-esp-elf/esp-13.2.0_20230928/xtensa-esp-elf/xtensa-esp-elf/sys-include/string.h:11,
                 from /mnt/c/Users/BALAJI/Desktop/micropython/micropython/py/ringbuf.h:31,
                 from /mnt/c/Users/BALAJI/Desktop/micropython/micropython/py/objringio.c:27:
/mnt/c/Users/BALAJI/Desktop/micropython/esp-idf/components/newlib/platform_include/assert.h:12:10: fatal error: sdkconfig.h: No such file or directory
   12 | #include <sdkconfig.h>
      |          ^~~~~~~~~~~~~
compilation terminated.
In file included from /home/balaji/.espressif/tools/xtensa-esp-elf/esp-13.2.0_20230928/xtensa-esp-elf/xtensa-esp-elf/sys-include/sys/reent.h:458,
                 from /mnt/c/Users/BALAJI/Desktop/micropython/esp-idf/components/newlib/platform_include/sys/reent.h:22,
                 from /home/balaji/.espressif/tools/xtensa-esp-elf/esp-13.2.0_20230928/xtensa-esp-elf/xtensa-esp-elf/sys-include/string.h:11,
                 from /mnt/c/Users/BALAJI/Desktop/micropython/micropython/py/objset.c:28:
/mnt/c/Users/BALAJI/Desktop/micropython/esp-idf/components/newlib/platform_include/assert.h:12:10: fatal error: sdkconfig.h: No such file or directory
   12 | #include <sdkconfig.h>
      |          ^~~~~~~~~~~~~
compilation terminated.
In file included from /home/balaji/.espressif/tools/xtensa-esp-elf/esp-13.2.0_20230928/xtensa-esp-elf/xtensa-esp-elf/sys-include/sys/reent.h:458,
                 from /mnt/c/Users/BALAJI/Desktop/micropython/esp-idf/components/newlib/platform_include/sys/reent.h:22,
                 from /home/balaji/.espressif/tools/xtensa-esp-elf/esp-13.2.0_20230928/xtensa-esp-elf/xtensa-esp-elf/sys-include/alloca.h:11,
                 from /mnt/c/Users/BALAJI/Desktop/micropython/micropython/ports/esp32/mpconfigport.h:8,
                 from /mnt/c/Users/BALAJI/Desktop/micropython/micropython/py/mpconfig.h:100,
                 from /mnt/c/Users/BALAJI/Desktop/micropython/micropython/py/mpstate.h:31,
                 from /mnt/c/Users/BALAJI/Desktop/micropython/micropython/py/runtime.h:29,
                 from /mnt/c/Users/BALAJI/Desktop/micropython/micropython/extmod/modasyncio.c:27:
/mnt/c/Users/BALAJI/Desktop/micropython/esp-idf/components/newlib/platform_include/assert.h:12:10: fatal error: sdkconfig.h: No such file or directory
   12 | #include <sdkconfig.h>
      |          ^~~~~~~~~~~~~
compilation terminated.
In file included from /home/balaji/.espressif/tools/xtensa-esp-elf/esp-13.2.0_20230928/xtensa-esp-elf/xtensa-esp-elf/sys-include/sys/reent.h:458,
                 from /mnt/c/Users/BALAJI/Desktop/micropython/esp-idf/components/newlib/platform_include/sys/reent.h:22,
                 from /home/balaji/.espressif/tools/xtensa-esp-elf/esp-13.2.0_20230928/xtensa-esp-elf/xtensa-esp-elf/sys-include/alloca.h:11,
                 from /mnt/c/Users/BALAJI/Desktop/micropython/micropython/ports/esp32/mpconfigport.h:8,
                 from /mnt/c/Users/BALAJI/Desktop/micropython/micropython/py/mpconfig.h:100,
                 from /mnt/c/Users/BALAJI/Desktop/micropython/micropython/py/emitnxtensa.c:3:
/mnt/c/Users/BALAJI/Desktop/micropython/esp-idf/components/newlib/platform_include/assert.h:12:10: fatal error: sdkconfig.h: No such file or directory
   12 | #include <sdkconfig.h>
      |          ^~~~~~~~~~~~~
compilation terminated.
In file included from /home/balaji/.espressif/tools/xtensa-esp-elf/esp-13.2.0_20230928/xtensa-esp-elf/xtensa-esp-elf/sys-include/sys/reent.h:458,
                 from /mnt/c/Users/BALAJI/Desktop/micropython/esp-idf/components/newlib/platform_include/sys/reent.h:22,
                 from /home/balaji/.espressif/tools/xtensa-esp-elf/esp-13.2.0_20230928/xtensa-esp-elf/xtensa-esp-elf/sys-include/time.h:12,
                 from /mnt/c/Users/BALAJI/Desktop/micropython/esp-idf/components/newlib/platform_include/time.h:11,
                 from /home/balaji/.espressif/tools/xtensa-esp-elf/esp-13.2.0_20230928/xtensa-esp-elf/xtensa-esp-elf/sys-include/sys/time.h:414,
                 from /mnt/c/Users/BALAJI/Desktop/micropython/esp-idf/components/newlib/platform_include/sys/time.h:21,
                 from /mnt/c/Users/BALAJI/Desktop/micropython/micropython/ports/esp32/fatfs_port.c:29:
/mnt/c/Users/BALAJI/Desktop/micropython/esp-idf/components/newlib/platform_include/assert.h:12:10: fatal error: sdkconfig.h: No such file or directory
   12 | #include <sdkconfig.h>
      |          ^~~~~~~~~~~~~
compilation terminated.
In file included from /mnt/c/Users/BALAJI/Desktop/micropython/micropython/py/obj.h:29,
                 from /mnt/c/Users/BALAJI/Desktop/micropython/micropython/py/builtin.h:29,
                 from /mnt/c/Users/BALAJI/Desktop/micropython/micropython/ports/esp32/help.c:29:
/mnt/c/Users/BALAJI/Desktop/micropython/esp-idf/components/newlib/platform_include/assert.h:12:10: fatal error: sdkconfig.h: No such file or directory
   12 | #include <sdkconfig.h>
      |          ^~~~~~~~~~~~~
compilation terminated.
In file included from /home/balaji/.espressif/tools/xtensa-esp-elf/esp-13.2.0_20230928/xtensa-esp-elf/xtensa-esp-elf/sys-include/sys/reent.h:458,
                 from /mnt/c/Users/BALAJI/Desktop/micropython/esp-idf/components/newlib/platform_include/sys/reent.h:22,
                 from /home/balaji/.espressif/tools/xtensa-esp-elf/esp-13.2.0_20230928/xtensa-esp-elf/xtensa-esp-elf/sys-include/stdlib.h:18,
                 from /mnt/c/Users/BALAJI/Desktop/micropython/micropython/py/objsingleton.c:27:
/mnt/c/Users/BALAJI/Desktop/micropython/esp-idf/components/newlib/platform_include/assert.h:12:10: fatal error: sdkconfig.h: No such file or directory
   12 | #include <sdkconfig.h>
      |          ^~~~~~~~~~~~~
compilation terminated.
In file included from /home/balaji/.espressif/tools/xtensa-esp-elf/esp-13.2.0_20230928/xtensa-esp-elf/xtensa-esp-elf/sys-include/sys/reent.h:458,
                 from /mnt/c/Users/BALAJI/Desktop/micropython/esp-idf/components/newlib/platform_include/sys/reent.h:22,
                 from /home/balaji/.espressif/tools/xtensa-esp-elf/esp-13.2.0_20230928/xtensa-esp-elf/xtensa-esp-elf/sys-include/stdio.h:60,
                 from /mnt/c/Users/BALAJI/Desktop/micropython/micropython/extmod/modbinascii.c:27:
/mnt/c/Users/BALAJI/Desktop/micropython/esp-idf/components/newlib/platform_include/assert.h:12:10: fatal error: sdkconfig.h: No such file or directory
   12 | #include <sdkconfig.h>
      |          ^~~~~~~~~~~~~
compilation terminated.
In file included from /home/balaji/.espressif/tools/xtensa-esp-elf/esp-13.2.0_20230928/xtensa-esp-elf/xtensa-esp-elf/sys-include/sys/reent.h:458,
                 from /mnt/c/Users/BALAJI/Desktop/micropython/esp-idf/components/newlib/platform_include/sys/reent.h:22,
                 from /home/balaji/.espressif/tools/xtensa-esp-elf/esp-13.2.0_20230928/xtensa-esp-elf/xtensa-esp-elf/sys-include/alloca.h:11,
                 from /mnt/c/Users/BALAJI/Desktop/micropython/micropython/ports/esp32/mpconfigport.h:8,
                 from /mnt/c/Users/BALAJI/Desktop/micropython/micropython/py/mpconfig.h:100,
                 from /mnt/c/Users/BALAJI/Desktop/micropython/micropython/py/emitnxtensawin.c:3:
/mnt/c/Users/BALAJI/Desktop/micropython/esp-idf/components/newlib/platform_include/assert.h:12:10: fatal error: sdkconfig.h: No such file or directory
   12 | #include <sdkconfig.h>
      |          ^~~~~~~~~~~~~
compilation terminated.
In file included from /home/balaji/.espressif/tools/xtensa-esp-elf/esp-13.2.0_20230928/xtensa-esp-elf/xtensa-esp-elf/sys-include/sys/reent.h:458,
                 from /mnt/c/Users/BALAJI/Desktop/micropython/esp-idf/components/newlib/platform_include/sys/reent.h:22,
                 from /home/balaji/.espressif/tools/xtensa-esp-elf/esp-13.2.0_20230928/xtensa-esp-elf/xtensa-esp-elf/sys-include/stdlib.h:18,
                 from /mnt/c/Users/BALAJI/Desktop/micropython/micropython/py/objslice.c:27:
/mnt/c/Users/BALAJI/Desktop/micropython/esp-idf/components/newlib/platform_include/assert.h:12:10: fatal error: sdkconfig.h: No such file or directory
   12 | #include <sdkconfig.h>
      |          ^~~~~~~~~~~~~
compilation terminated.
In file included from /home/balaji/.espressif/tools/xtensa-esp-elf/esp-13.2.0_20230928/xtensa-esp-elf/xtensa-esp-elf/sys-include/sys/reent.h:458,
                 from /mnt/c/Users/BALAJI/Desktop/micropython/esp-idf/components/newlib/platform_include/sys/reent.h:22,
                 from /home/balaji/.espressif/tools/xtensa-esp-elf/esp-13.2.0_20230928/xtensa-esp-elf/xtensa-esp-elf/sys-include/alloca.h:11,
                 from /mnt/c/Users/BALAJI/Desktop/micropython/micropython/ports/esp32/mpconfigport.h:8,
                 from /mnt/c/Users/BALAJI/Desktop/micropython/micropython/py/mpconfig.h:100,
                 from /mnt/c/Users/BALAJI/Desktop/micropython/micropython/ports/esp32/machine_bitstream.c:27:
/mnt/c/Users/BALAJI/Desktop/micropython/esp-idf/components/newlib/platform_include/assert.h:12:10: fatal error: sdkconfig.h: No such file or directory
   12 | #include <sdkconfig.h>
      |          ^~~~~~~~~~~~~
compilation terminated.
In file included from /home/balaji/.espressif/tools/xtensa-esp-elf/esp-13.2.0_20230928/xtensa-esp-elf/xtensa-esp-elf/sys-include/sys/reent.h:458,
                 from /mnt/c/Users/BALAJI/Desktop/micropython/esp-idf/components/newlib/platform_include/sys/reent.h:22,
                 from /home/balaji/.espressif/tools/xtensa-esp-elf/esp-13.2.0_20230928/xtensa-esp-elf/xtensa-esp-elf/sys-include/alloca.h:11,
                 from /mnt/c/Users/BALAJI/Desktop/micropython/micropython/ports/esp32/mpconfigport.h:8,
                 from /mnt/c/Users/BALAJI/Desktop/micropython/micropython/py/mpconfig.h:100,
                 from /mnt/c/Users/BALAJI/Desktop/micropython/micropython/extmod/modcryptolib.c:28:
/mnt/c/Users/BALAJI/Desktop/micropython/esp-idf/components/newlib/platform_include/assert.h:12:10: fatal error: sdkconfig.h: No such file or directory
   12 | #include <sdkconfig.h>
      |          ^~~~~~~~~~~~~
compilation terminated.
In file included from /mnt/c/Users/BALAJI/Desktop/micropython/micropython/extmod/moductypes.c:27:
/mnt/c/Users/BALAJI/Desktop/micropython/esp-idf/components/newlib/platform_include/assert.h:12:10: fatal error: sdkconfig.h: No such file or directory
   12 | #include <sdkconfig.h>
      |          ^~~~~~~~~~~~~
compilation terminated.
In file included from /home/balaji/.espressif/tools/xtensa-esp-elf/esp-13.2.0_20230928/xtensa-esp-elf/xtensa-esp-elf/sys-include/sys/reent.h:458,
                 from /mnt/c/Users/BALAJI/Desktop/micropython/esp-idf/components/newlib/platform_include/sys/reent.h:22,
                 from /home/balaji/.espressif/tools/xtensa-esp-elf/esp-13.2.0_20230928/xtensa-esp-elf/xtensa-esp-elf/sys-include/string.h:11,
                 from /mnt/c/Users/BALAJI/Desktop/micropython/micropython/py/objstr.c:28:
/mnt/c/Users/BALAJI/Desktop/micropython/esp-idf/components/newlib/platform_include/assert.h:12:10: fatal error: sdkconfig.h: No such file or directory
   12 | #include <sdkconfig.h>
      |          ^~~~~~~~~~~~~
compilation terminated.
In file included from /home/balaji/.espressif/tools/xtensa-esp-elf/esp-13.2.0_20230928/xtensa-esp-elf/xtensa-esp-elf/sys-include/sys/reent.h:458,
                 from /mnt/c/Users/BALAJI/Desktop/micropython/esp-idf/components/newlib/platform_include/sys/reent.h:22,
                 from /home/balaji/.espressif/tools/xtensa-esp-elf/esp-13.2.0_20230928/xtensa-esp-elf/xtensa-esp-elf/sys-include/alloca.h:11,
                 from /mnt/c/Users/BALAJI/Desktop/micropython/micropython/ports/esp32/mpconfigport.h:8,
                 from /mnt/c/Users/BALAJI/Desktop/micropython/micropython/py/mpconfig.h:100,
                 from /mnt/c/Users/BALAJI/Desktop/micropython/micropython/py/formatfloat.c:27:
/mnt/c/Users/BALAJI/Desktop/micropython/esp-idf/components/newlib/platform_include/assert.h:12:10: fatal error: sdkconfig.h: No such file or directory
   12 | #include <sdkconfig.h>
      |          ^~~~~~~~~~~~~
compilation terminated.
In file included from /home/balaji/.espressif/tools/xtensa-esp-elf/esp-13.2.0_20230928/xtensa-esp-elf/xtensa-esp-elf/sys-include/sys/reent.h:458,
                 from /mnt/c/Users/BALAJI/Desktop/micropython/esp-idf/components/newlib/platform_include/sys/reent.h:22,
                 from /home/balaji/.espressif/tools/xtensa-esp-elf/esp-13.2.0_20230928/xtensa-esp-elf/xtensa-esp-elf/sys-include/stdio.h:60,
                 from /mnt/c/Users/BALAJI/Desktop/micropython/micropython/ports/esp32/machine_timer.c:31:
/mnt/c/Users/BALAJI/Desktop/micropython/esp-idf/components/newlib/platform_include/assert.h:12:10: fatal error: sdkconfig.h: No such file or directory
   12 | #include <sdkconfig.h>
      |          ^~~~~~~~~~~~~
compilation terminated.
In file included from /home/balaji/.espressif/tools/xtensa-esp-elf/esp-13.2.0_20230928/xtensa-esp-elf/xtensa-esp-elf/sys-include/sys/reent.h:458,
                 from /mnt/c/Users/BALAJI/Desktop/micropython/esp-idf/components/newlib/platform_include/sys/reent.h:22,
                 from /home/balaji/.espressif/tools/xtensa-esp-elf/esp-13.2.0_20230928/xtensa-esp-elf/xtensa-esp-elf/sys-include/stdio.h:60,
                 from /mnt/c/Users/BALAJI/Desktop/micropython/micropython/extmod/moddeflate.c:31:
/mnt/c/Users/BALAJI/Desktop/micropython/esp-idf/components/newlib/platform_include/assert.h:12:10: fatal error: sdkconfig.h: No such file or directory
   12 | #include <sdkconfig.h>
      |          ^~~~~~~~~~~~~
compilation terminated.
In file included from /home/balaji/.espressif/tools/xtensa-esp-elf/esp-13.2.0_20230928/xtensa-esp-elf/xtensa-esp-elf/sys-include/sys/reent.h:458,
                 from /mnt/c/Users/BALAJI/Desktop/micropython/esp-idf/components/newlib/platform_include/sys/reent.h:22,
                 from /home/balaji/.espressif/tools/xtensa-esp-elf/esp-13.2.0_20230928/xtensa-esp-elf/xtensa-esp-elf/sys-include/stdio.h:60,
                 from /mnt/c/Users/BALAJI/Desktop/micropython/micropython/py/objstringio.c:28:
/mnt/c/Users/BALAJI/Desktop/micropython/esp-idf/components/newlib/platform_include/assert.h:12:10: fatal error: sdkconfig.h: No such file or directory
   12 | #include <sdkconfig.h>
      |          ^~~~~~~~~~~~~
compilation terminated.
In file included from /mnt/c/Users/BALAJI/Desktop/micropython/micropython/extmod/modhashlib.c:27:
/mnt/c/Users/BALAJI/Desktop/micropython/esp-idf/components/newlib/platform_include/assert.h:12:10: fatal error: sdkconfig.h: No such file or directory
   12 | #include <sdkconfig.h>
      |          ^~~~~~~~~~~~~
compilation terminated.
In file included from /home/balaji/.espressif/tools/xtensa-esp-elf/esp-13.2.0_20230928/xtensa-esp-elf/xtensa-esp-elf/sys-include/sys/reent.h:458,
                 from /mnt/c/Users/BALAJI/Desktop/micropython/esp-idf/components/newlib/platform_include/sys/reent.h:22,
                 from /home/balaji/.espressif/tools/xtensa-esp-elf/esp-13.2.0_20230928/xtensa-esp-elf/xtensa-esp-elf/sys-include/string.h:11,
                 from /mnt/c/Users/BALAJI/Desktop/micropython/micropython/py/frozenmod.c:29:
/mnt/c/Users/BALAJI/Desktop/micropython/esp-idf/components/newlib/platform_include/assert.h:12:10: fatal error: sdkconfig.h: No such file or directory
   12 | #include <sdkconfig.h>
      |          ^~~~~~~~~~~~~
compilation terminated.
In file included from /mnt/c/Users/BALAJI/Desktop/micropython/micropython/py/obj.h:29,
                 from /mnt/c/Users/BALAJI/Desktop/micropython/micropython/py/objlist.h:29,
                 from /mnt/c/Users/BALAJI/Desktop/micropython/micropython/extmod/modheapq.c:27:
/mnt/c/Users/BALAJI/Desktop/micropython/esp-idf/components/newlib/platform_include/assert.h:12:10: fatal error: sdkconfig.h: No such file or directory
   12 | #include <sdkconfig.h>
      |          ^~~~~~~~~~~~~
compilation terminated.
In file included from /mnt/c/Users/BALAJI/Desktop/micropython/micropython/py/gc.c:28:
/mnt/c/Users/BALAJI/Desktop/micropython/esp-idf/components/newlib/platform_include/assert.h:12:10: fatal error: sdkconfig.h: No such file or directory
   12 | #include <sdkconfig.h>
      |          ^~~~~~~~~~~~~
compilation terminated.
In file included from /home/balaji/.espressif/tools/xtensa-esp-elf/esp-13.2.0_20230928/xtensa-esp-elf/xtensa-esp-elf/sys-include/sys/reent.h:458,
                 from /mnt/c/Users/BALAJI/Desktop/micropython/esp-idf/components/newlib/platform_include/sys/reent.h:22,
                 from /home/balaji/.espressif/tools/xtensa-esp-elf/esp-13.2.0_20230928/xtensa-esp-elf/xtensa-esp-elf/sys-include/stdio.h:60,
                 from /mnt/c/Users/BALAJI/Desktop/micropython/micropython/ports/esp32/machine_pin.c:29:
/mnt/c/Users/BALAJI/Desktop/micropython/esp-idf/components/newlib/platform_include/assert.h:12:10: fatal error: sdkconfig.h: No such file or directory
   12 | #include <sdkconfig.h>
      |          ^~~~~~~~~~~~~
compilation terminated.
In file included from /home/balaji/.espressif/tools/xtensa-esp-elf/esp-13.2.0_20230928/xtensa-esp-elf/xtensa-esp-elf/sys-include/sys/reent.h:458,
                 from /mnt/c/Users/BALAJI/Desktop/micropython/esp-idf/components/newlib/platform_include/sys/reent.h:22,
                 from /home/balaji/.espressif/tools/xtensa-esp-elf/esp-13.2.0_20230928/xtensa-esp-elf/xtensa-esp-elf/sys-include/string.h:11,
                 from /mnt/c/Users/BALAJI/Desktop/micropython/micropython/py/objstrunicode.c:28:
/mnt/c/Users/BALAJI/Desktop/micropython/esp-idf/components/newlib/platform_include/assert.h:12:10: fatal error: sdkconfig.h: No such file or directory
   12 | #include <sdkconfig.h>
      |          ^~~~~~~~~~~~~
compilation terminated.
In file included from /home/balaji/.espressif/tools/xtensa-esp-elf/esp-13.2.0_20230928/xtensa-esp-elf/xtensa-esp-elf/sys-include/sys/reent.h:458,
                 from /mnt/c/Users/BALAJI/Desktop/micropython/esp-idf/components/newlib/platform_include/sys/reent.h:22,
                 from /home/balaji/.espressif/tools/xtensa-esp-elf/esp-13.2.0_20230928/xtensa-esp-elf/xtensa-esp-elf/sys-include/stdio.h:60,
                 from /mnt/c/Users/BALAJI/Desktop/micropython/micropython/extmod/modjson.c:27:
/mnt/c/Users/BALAJI/Desktop/micropython/esp-idf/components/newlib/platform_include/assert.h:12:10: fatal error: sdkconfig.h: No such file or directory
   12 | #include <sdkconfig.h>
      |          ^~~~~~~~~~~~~
compilation terminated.
In file included from /home/balaji/.espressif/tools/xtensa-esp-elf/esp-13.2.0_20230928/xtensa-esp-elf/xtensa-esp-elf/sys-include/sys/reent.h:458,
                 from /mnt/c/Users/BALAJI/Desktop/micropython/esp-idf/components/newlib/platform_include/sys/reent.h:22,
                 from /home/balaji/.espressif/tools/xtensa-esp-elf/esp-13.2.0_20230928/xtensa-esp-elf/xtensa-esp-elf/sys-include/stdio.h:60,
                 from /mnt/c/Users/BALAJI/Desktop/micropython/micropython/py/lexer.c:27:
/mnt/c/Users/BALAJI/Desktop/micropython/esp-idf/components/newlib/platform_include/assert.h:12:10: fatal error: sdkconfig.h: No such file or directory
   12 | #include <sdkconfig.h>
      |          ^~~~~~~~~~~~~
compilation terminated.
In file included from /home/balaji/.espressif/tools/xtensa-esp-elf/esp-13.2.0_20230928/xtensa-esp-elf/xtensa-esp-elf/sys-include/sys/reent.h:458,
                 from /mnt/c/Users/BALAJI/Desktop/micropython/esp-idf/components/newlib/platform_include/sys/reent.h:22,
                 from /home/balaji/.espressif/tools/xtensa-esp-elf/esp-13.2.0_20230928/xtensa-esp-elf/xtensa-esp-elf/sys-include/alloca.h:11,
                 from /mnt/c/Users/BALAJI/Desktop/micropython/micropython/ports/esp32/mpconfigport.h:8,
                 from /mnt/c/Users/BALAJI/Desktop/micropython/micropython/py/mpconfig.h:100,
                 from /mnt/c/Users/BALAJI/Desktop/micropython/micropython/py/mpstate.h:31,
                 from /mnt/c/Users/BALAJI/Desktop/micropython/micropython/py/runtime.h:29,
                 from /mnt/c/Users/BALAJI/Desktop/micropython/micropython/ports/esp32/machine_touchpad.c:27:
/mnt/c/Users/BALAJI/Desktop/micropython/esp-idf/components/newlib/platform_include/assert.h:12:10: fatal error: sdkconfig.h: No such file or directory
   12 | #include <sdkconfig.h>
      |          ^~~~~~~~~~~~~
compilation terminated.
In file included from /home/balaji/.espressif/tools/xtensa-esp-elf/esp-13.2.0_20230928/xtensa-esp-elf/xtensa-esp-elf/sys-include/sys/reent.h:458,
                 from /mnt/c/Users/BALAJI/Desktop/micropython/esp-idf/components/newlib/platform_include/sys/reent.h:22,
                 from /home/balaji/.espressif/tools/xtensa-esp-elf/esp-13.2.0_20230928/xtensa-esp-elf/xtensa-esp-elf/sys-include/string.h:11,
                 from /mnt/c/Users/BALAJI/Desktop/micropython/micropython/py/objtuple.c:28:
/mnt/c/Users/BALAJI/Desktop/micropython/esp-idf/components/newlib/platform_include/assert.h:12:10: fatal error: sdkconfig.h: No such file or directory
   12 | #include <sdkconfig.h>
      |          ^~~~~~~~~~~~~
compilation terminated.
In file included from /home/balaji/.espressif/tools/xtensa-esp-elf/esp-13.2.0_20230928/xtensa-esp-elf/xtensa-esp-elf/sys-include/sys/reent.h:458,
                 from /mnt/c/Users/BALAJI/Desktop/micropython/esp-idf/components/newlib/platform_include/sys/reent.h:22,
                 from /home/balaji/.espressif/tools/xtensa-esp-elf/esp-13.2.0_20230928/xtensa-esp-elf/xtensa-esp-elf/sys-include/stdio.h:60,
                 from /mnt/c/Users/BALAJI/Desktop/micropython/micropython/py/malloc.c:27:
/mnt/c/Users/BALAJI/Desktop/micropython/esp-idf/components/newlib/platform_include/assert.h:12:10: fatal error: sdkconfig.h: No such file or directory
   12 | #include <sdkconfig.h>
      |          ^~~~~~~~~~~~~
compilation terminated.
In file included from /home/balaji/.espressif/tools/xtensa-esp-elf/esp-13.2.0_20230928/xtensa-esp-elf/xtensa-esp-elf/sys-include/sys/reent.h:458,
                 from /mnt/c/Users/BALAJI/Desktop/micropython/esp-idf/components/newlib/platform_include/sys/reent.h:22,
                 from /home/balaji/.espressif/tools/xtensa-esp-elf/esp-13.2.0_20230928/xtensa-esp-elf/xtensa-esp-elf/sys-include/alloca.h:11,
                 from /mnt/c/Users/BALAJI/Desktop/micropython/micropython/ports/esp32/mpconfigport.h:8,
                 from /mnt/c/Users/BALAJI/Desktop/micropython/micropython/py/mpconfig.h:100,
                 from /mnt/c/Users/BALAJI/Desktop/micropython/micropython/py/mphal.h:31,
                 from /mnt/c/Users/BALAJI/Desktop/micropython/micropython/extmod/modos.c:27:
/mnt/c/Users/BALAJI/Desktop/micropython/esp-idf/components/newlib/platform_include/assert.h:12:10: fatal error: sdkconfig.h: No such file or directory
   12 | #include <sdkconfig.h>
      |          ^~~~~~~~~~~~~
compilation terminated.
In file included from /home/balaji/.espressif/tools/xtensa-esp-elf/esp-13.2.0_20230928/xtensa-esp-elf/xtensa-esp-elf/sys-include/sys/reent.h:458,
                 from /mnt/c/Users/BALAJI/Desktop/micropython/esp-idf/components/newlib/platform_include/sys/reent.h:22,
                 from /home/balaji/.espressif/tools/xtensa-esp-elf/esp-13.2.0_20230928/xtensa-esp-elf/xtensa-esp-elf/sys-include/stdio.h:60,
                 from /mnt/c/Users/BALAJI/Desktop/micropython/micropython/ports/esp32/machine_dac.c:28:
/mnt/c/Users/BALAJI/Desktop/micropython/esp-idf/components/newlib/platform_include/assert.h:12:10: fatal error: sdkconfig.h: No such file or directory
   12 | #include <sdkconfig.h>
      |          ^~~~~~~~~~~~~
compilation terminated.
In file included from /home/balaji/.espressif/tools/xtensa-esp-elf/esp-13.2.0_20230928/xtensa-esp-elf/xtensa-esp-elf/sys-include/sys/reent.h:458,
                 from /mnt/c/Users/BALAJI/Desktop/micropython/esp-idf/components/newlib/platform_include/sys/reent.h:22,
                 from /home/balaji/.espressif/tools/xtensa-esp-elf/esp-13.2.0_20230928/xtensa-esp-elf/xtensa-esp-elf/sys-include/stdio.h:60,
                 from /mnt/c/Users/BALAJI/Desktop/micropython/micropython/py/objtype.c:28:
/mnt/c/Users/BALAJI/Desktop/micropython/esp-idf/components/newlib/platform_include/assert.h:12:10: fatal error: sdkconfig.h: No such file or directory
   12 | #include <sdkconfig.h>
      |          ^~~~~~~~~~~~~
compilation terminated.
In file included from /home/balaji/.espressif/tools/xtensa-esp-elf/esp-13.2.0_20230928/xtensa-esp-elf/xtensa-esp-elf/sys-include/sys/reent.h:458,
                 from /mnt/c/Users/BALAJI/Desktop/micropython/esp-idf/components/newlib/platform_include/sys/reent.h:22,
                 from /home/balaji/.espressif/tools/xtensa-esp-elf/esp-13.2.0_20230928/xtensa-esp-elf/xtensa-esp-elf/sys-include/stdlib.h:18,
                 from /mnt/c/Users/BALAJI/Desktop/micropython/micropython/py/map.c:28:
/mnt/c/Users/BALAJI/Desktop/micropython/esp-idf/components/newlib/platform_include/assert.h:12:10: fatal error: sdkconfig.h: No such file or directory
   12 | #include <sdkconfig.h>
      |          ^~~~~~~~~~~~~
compilation terminated.
In file included from /mnt/c/Users/BALAJI/Desktop/micropython/micropython/py/obj.h:29,
                 from /mnt/c/Users/BALAJI/Desktop/micropython/micropython/py/builtin.h:29,
                 from /mnt/c/Users/BALAJI/Desktop/micropython/micropython/py/modarray.c:27:
/mnt/c/Users/BALAJI/Desktop/micropython/esp-idf/components/newlib/platform_include/assert.h:12:10: fatal error: sdkconfig.h: No such file or directory
   12 | #include <sdkconfig.h>
      |          ^~~~~~~~~~~~~
compilation terminated.
In file included from /home/balaji/.espressif/tools/xtensa-esp-elf/esp-13.2.0_20230928/xtensa-esp-elf/xtensa-esp-elf/sys-include/sys/reent.h:458,
                 from /mnt/c/Users/BALAJI/Desktop/micropython/esp-idf/components/newlib/platform_include/sys/reent.h:22,
                 from /home/balaji/.espressif/tools/xtensa-esp-elf/esp-13.2.0_20230928/xtensa-esp-elf/xtensa-esp-elf/sys-include/alloca.h:11,
                 from /mnt/c/Users/BALAJI/Desktop/micropython/micropython/ports/esp32/mpconfigport.h:8,
                 from /mnt/c/Users/BALAJI/Desktop/micropython/micropython/py/mpconfig.h:100,
                 from /mnt/c/Users/BALAJI/Desktop/micropython/micropython/py/mpstate.h:31,
                 from /mnt/c/Users/BALAJI/Desktop/micropython/micropython/py/runtime.h:29,
                 from /mnt/c/Users/BALAJI/Desktop/micropython/micropython/extmod/modplatform.c:28:
/mnt/c/Users/BALAJI/Desktop/micropython/esp-idf/components/newlib/platform_include/assert.h:12:10: fatal error: sdkconfig.h: No such file or directory
   12 | #include <sdkconfig.h>
      |          ^~~~~~~~~~~~~
In file included from /home/balaji/.espressif/tools/xtensa-esp-elf/esp-13.2.0_20230928/xtensa-esp-elf/xtensa-esp-elf/sys-include/sys/reent.h:458,
                 from /mnt/c/Users/BALAJI/Desktop/micropython/esp-idf/components/newlib/platform_include/sys/reent.h:22,
                 from /home/balaji/.espressif/tools/xtensa-esp-elf/esp-13.2.0_20230928/xtensa-esp-elf/xtensa-esp-elf/sys-include/stdlib.h:18,
                 from /mnt/c/Users/BALAJI/Desktop/micropython/micropython/py/objzip.c:27:
/mnt/c/Users/BALAJI/Desktop/micropython/esp-idf/components/newlib/platform_include/assert.h:12:10: fatal error: sdkconfig.h: No such file or directory
   12 | #include <sdkconfig.h>
      |          ^~~~~~~~~~~~~
compilation terminated.
compilation terminated.
In file included from /mnt/c/Users/BALAJI/Desktop/micropython/micropython/py/obj.h:29,
                 from /mnt/c/Users/BALAJI/Desktop/micropython/micropython/py/opmethods.c:27:
/mnt/c/Users/BALAJI/Desktop/micropython/esp-idf/components/newlib/platform_include/assert.h:12:10: fatal error: sdkconfig.h: No such file or directory
   12 | #include <sdkconfig.h>
      |          ^~~~~~~~~~~~~
compilation terminated.
In file included from /mnt/c/Users/BALAJI/Desktop/micropython/micropython/extmod/modrandom.c:27:
/mnt/c/Users/BALAJI/Desktop/micropython/esp-idf/components/newlib/platform_include/assert.h:12:10: fatal error: sdkconfig.h: No such file or directory
   12 | #include <sdkconfig.h>
      |          ^~~~~~~~~~~~~
compilation terminated.
In file included from /home/balaji/.espressif/tools/xtensa-esp-elf/esp-13.2.0_20230928/xtensa-esp-elf/xtensa-esp-elf/sys-include/sys/reent.h:458,
                 from /mnt/c/Users/BALAJI/Desktop/micropython/esp-idf/components/newlib/platform_include/sys/reent.h:22,
                 from /home/balaji/.espressif/tools/xtensa-esp-elf/esp-13.2.0_20230928/xtensa-esp-elf/xtensa-esp-elf/sys-include/alloca.h:11,
                 from /mnt/c/Users/BALAJI/Desktop/micropython/micropython/ports/esp32/mpconfigport.h:8,
                 from /mnt/c/Users/BALAJI/Desktop/micropython/micropython/py/mpconfig.h:100,
                 from /mnt/c/Users/BALAJI/Desktop/micropython/micropython/py/mpstate.h:31,
                 from /mnt/c/Users/BALAJI/Desktop/micropython/micropython/py/runtime.h:29,
                 from /mnt/c/Users/BALAJI/Desktop/micropython/micropython/ports/esp32/machine_i2c.c:28:
/mnt/c/Users/BALAJI/Desktop/micropython/esp-idf/components/newlib/platform_include/assert.h:12:10: fatal error: sdkconfig.h: No such file or directory
   12 | #include <sdkconfig.h>
      |          ^~~~~~~~~~~~~
compilation terminated.
In file included from /mnt/c/Users/BALAJI/Desktop/micropython/micropython/py/pairheap.h:38,
                 from /mnt/c/Users/BALAJI/Desktop/micropython/micropython/py/pairheap.c:27:
/mnt/c/Users/BALAJI/Desktop/micropython/esp-idf/components/newlib/platform_include/assert.h:12:10: fatal error: sdkconfig.h: No such file or directory
   12 | #include <sdkconfig.h>
      |          ^~~~~~~~~~~~~
compilation terminated.
In file included from /home/balaji/.espressif/tools/xtensa-esp-elf/esp-13.2.0_20230928/xtensa-esp-elf/xtensa-esp-elf/sys-include/sys/reent.h:458,
                 from /mnt/c/Users/BALAJI/Desktop/micropython/esp-idf/components/newlib/platform_include/sys/reent.h:22,
                 from /home/balaji/.espressif/tools/xtensa-esp-elf/esp-13.2.0_20230928/xtensa-esp-elf/xtensa-esp-elf/sys-include/stdio.h:60,
                 from /mnt/c/Users/BALAJI/Desktop/micropython/micropython/py/modbuiltins.c:27:
/mnt/c/Users/BALAJI/Desktop/micropython/esp-idf/components/newlib/platform_include/assert.h:12:10: fatal error: sdkconfig.h: No such file or directory
   12 | #include <sdkconfig.h>
      |          ^~~~~~~~~~~~~
compilation terminated.
In file included from /home/balaji/.espressif/tools/xtensa-esp-elf/esp-13.2.0_20230928/xtensa-esp-elf/xtensa-esp-elf/sys-include/sys/reent.h:458,
                 from /mnt/c/Users/BALAJI/Desktop/micropython/esp-idf/components/newlib/platform_include/sys/reent.h:22,
                 from /home/balaji/.espressif/tools/xtensa-esp-elf/esp-13.2.0_20230928/xtensa-esp-elf/xtensa-esp-elf/sys-include/string.h:11,
                 from /mnt/c/Users/BALAJI/Desktop/micropython/micropython/ports/esp32/network_common.c:34:
/mnt/c/Users/BALAJI/Desktop/micropython/esp-idf/components/newlib/platform_include/assert.h:12:10: fatal error: sdkconfig.h: No such file or directory
   12 | #include <sdkconfig.h>
      |          ^~~~~~~~~~~~~
compilation terminated.
In file included from /mnt/c/Users/BALAJI/Desktop/micropython/micropython/py/obj.h:29,
                 from /mnt/c/Users/BALAJI/Desktop/micropython/micropython/py/builtin.h:29,
                 from /mnt/c/Users/BALAJI/Desktop/micropython/micropython/py/modcmath.c:27:
/mnt/c/Users/BALAJI/Desktop/micropython/esp-idf/components/newlib/platform_include/assert.h:12:10: fatal error: sdkconfig.h: No such file or directory
   12 | #include <sdkconfig.h>
      |          ^~~~~~~~~~~~~
compilation terminated.
In file included from /home/balaji/.espressif/tools/xtensa-esp-elf/esp-13.2.0_20230928/xtensa-esp-elf/xtensa-esp-elf/sys-include/sys/reent.h:458,
                 from /mnt/c/Users/BALAJI/Desktop/micropython/esp-idf/components/newlib/platform_include/sys/reent.h:22,
                 from /home/balaji/.espressif/tools/xtensa-esp-elf/esp-13.2.0_20230928/xtensa-esp-elf/xtensa-esp-elf/sys-include/stdio.h:60,
                 from /mnt/c/Users/BALAJI/Desktop/micropython/micropython/extmod/modre.c:27:
/mnt/c/Users/BALAJI/Desktop/micropython/esp-idf/components/newlib/platform_include/assert.h:12:10: fatal error: sdkconfig.h: No such file or directory
   12 | #include <sdkconfig.h>
      |          ^~~~~~~~~~~~~
compilation terminated.
In file included from /mnt/c/Users/BALAJI/Desktop/micropython/micropython/py/obj.h:29,
                 from /mnt/c/Users/BALAJI/Desktop/micropython/micropython/py/builtin.h:29,
                 from /mnt/c/Users/BALAJI/Desktop/micropython/micropython/py/modcollections.c:27:
/mnt/c/Users/BALAJI/Desktop/micropython/esp-idf/components/newlib/platform_include/assert.h:12:10: fatal error: sdkconfig.h: No such file or directory
   12 | #include <sdkconfig.h>
      |          ^~~~~~~~~~~~~
compilation terminated.
In file included from /home/balaji/.espressif/tools/xtensa-esp-elf/esp-13.2.0_20230928/xtensa-esp-elf/xtensa-esp-elf/sys-include/sys/reent.h:458,
                 from /mnt/c/Users/BALAJI/Desktop/micropython/esp-idf/components/newlib/platform_include/sys/reent.h:22,
                 from /home/balaji/.espressif/tools/xtensa-esp-elf/esp-13.2.0_20230928/xtensa-esp-elf/xtensa-esp-elf/sys-include/stdio.h:60,
                 from /mnt/c/Users/BALAJI/Desktop/micropython/micropython/py/parse.c:29:
/mnt/c/Users/BALAJI/Desktop/micropython/esp-idf/components/newlib/platform_include/assert.h:12:10: fatal error: sdkconfig.h: No such file or directory
   12 | #include <sdkconfig.h>
      |          ^~~~~~~~~~~~~
compilation terminated.
In file included from /home/balaji/.espressif/tools/xtensa-esp-elf/esp-13.2.0_20230928/xtensa-esp-elf/xtensa-esp-elf/sys-include/sys/reent.h:458,
                 from /mnt/c/Users/BALAJI/Desktop/micropython/esp-idf/components/newlib/platform_include/sys/reent.h:22,
                 from /home/balaji/.espressif/tools/xtensa-esp-elf/esp-13.2.0_20230928/xtensa-esp-elf/xtensa-esp-elf/sys-include/alloca.h:11,
                 from /mnt/c/Users/BALAJI/Desktop/micropython/micropython/ports/esp32/mpconfigport.h:8,
                 from /mnt/c/Users/BALAJI/Desktop/micropython/micropython/py/mpconfig.h:100,
                 from /mnt/c/Users/BALAJI/Desktop/micropython/micropython/extmod/modselect.c:28:
/mnt/c/Users/BALAJI/Desktop/micropython/esp-idf/components/newlib/platform_include/assert.h:12:10: fatal error: sdkconfig.h: No such file or directory
   12 | #include <sdkconfig.h>
      |          ^~~~~~~~~~~~~
In file included from /home/balaji/.espressif/tools/xtensa-esp-elf/esp-13.2.0_20230928/xtensa-esp-elf/xtensa-esp-elf/sys-include/sys/reent.h:458,
                 from /mnt/c/Users/BALAJI/Desktop/micropython/esp-idf/components/newlib/platform_include/sys/reent.h:22,
                 from /home/balaji/.espressif/tools/xtensa-esp-elf/esp-13.2.0_20230928/xtensa-esp-elf/xtensa-esp-elf/sys-include/alloca.h:11,
                 from /mnt/c/Users/BALAJI/Desktop/micropython/micropython/ports/esp32/mpconfigport.h:8,
                 from /mnt/c/Users/BALAJI/Desktop/micropython/micropython/py/mpconfig.h:100,
                 from /mnt/c/Users/BALAJI/Desktop/micropython/micropython/py/mpstate.h:31,
                 from /mnt/c/Users/BALAJI/Desktop/micropython/micropython/py/runtime.h:29,
                 from /mnt/c/Users/BALAJI/Desktop/micropython/micropython/ports/esp32/network_lan.c:30:
/mnt/c/Users/BALAJI/Desktop/micropython/esp-idf/components/newlib/platform_include/assert.h:12:10: fatal error: sdkconfig.h: No such file or directory
   12 | #include <sdkconfig.h>
      |          ^~~~~~~~~~~~~
compilation terminated.
compilation terminated.
In file included from /home/balaji/.espressif/tools/xtensa-esp-elf/esp-13.2.0_20230928/xtensa-esp-elf/xtensa-esp-elf/sys-include/sys/reent.h:458,
                 from /mnt/c/Users/BALAJI/Desktop/micropython/esp-idf/components/newlib/platform_include/sys/reent.h:22,
                 from /home/balaji/.espressif/tools/xtensa-esp-elf/esp-13.2.0_20230928/xtensa-esp-elf/xtensa-esp-elf/sys-include/stdlib.h:18,
                 from /mnt/c/Users/BALAJI/Desktop/micropython/micropython/py/parsenum.c:28:
/mnt/c/Users/BALAJI/Desktop/micropython/esp-idf/components/newlib/platform_include/assert.h:12:10: fatal error: sdkconfig.h: No such file or directory
   12 | #include <sdkconfig.h>
      |          ^~~~~~~~~~~~~
compilation terminated.
In file included from /home/balaji/.espressif/tools/xtensa-esp-elf/esp-13.2.0_20230928/xtensa-esp-elf/xtensa-esp-elf/sys-include/sys/reent.h:458,
                 from /mnt/c/Users/BALAJI/Desktop/micropython/esp-idf/components/newlib/platform_include/sys/reent.h:22,
                 from /home/balaji/.espressif/tools/xtensa-esp-elf/esp-13.2.0_20230928/xtensa-esp-elf/xtensa-esp-elf/sys-include/alloca.h:11,
                 from /mnt/c/Users/BALAJI/Desktop/micropython/micropython/ports/esp32/mpconfigport.h:8,
                 from /mnt/c/Users/BALAJI/Desktop/micropython/micropython/py/mpconfig.h:100,
                 from /mnt/c/Users/BALAJI/Desktop/micropython/micropython/py/mpstate.h:31,
                 from /mnt/c/Users/BALAJI/Desktop/micropython/micropython/py/modgc.c:27:
/mnt/c/Users/BALAJI/Desktop/micropython/esp-idf/components/newlib/platform_include/assert.h:12:10: fatal error: sdkconfig.h: No such file or directory
   12 | #include <sdkconfig.h>
      |          ^~~~~~~~~~~~~
compilation terminated.
/mnt/c/Users/BALAJI/Desktop/micropython/micropython/py/modsys.c:40:10: fatal error: genhdr/mpversion.h: No such file or directory
   40 | #include "genhdr/mpversion.h"
      |          ^~~~~~~~~~~~~~~~~~~~
compilation terminated.
Command '['/home/balaji/.espressif/tools/xtensa-esp-elf/esp-13.2.0_20230928/xtensa-esp-elf/bin/xtensa-esp32-elf-gcc', '-E', '-I/mnt/c/Users/BALAJI/Desktop/micropython/micropython/ports/esp32/build-ESP32_GENERIC/config', '-I/mnt/c/Users/BALAJI/Desktop/micropython/micropython', '-I/mnt/c/Users/BALAJI/Desktop/micropython/micropython/lib/berkeley-db-1.xx/include', '-I/mnt/c/Users/BALAJI/Desktop/micropython/micropython/ports/esp32', '-I/mnt/c/Users/BALAJI/Desktop/micropython/micropython/ports/esp32/boards/ESP32_GENERIC', '-I/mnt/c/Users/BALAJI/Desktop/micropython/micropython/ports/esp32/build-ESP32_GENERIC', '-I/mnt/c/Users/BALAJI/Desktop/micropython/micropython/ports/esp32/build-ESP32_GENERIC/config', '-I/mnt/c/Users/BALAJI/Desktop/micropython/esp-idf/components/bt/host/nimble/nimble', '-I/mnt/c/Users/BALAJI/Desktop/micropython/esp-idf/components/driver/rmt', '-I/mnt/c/Users/BALAJI/Desktop/micropython/micropython/ports/esp32/build-ESP32_GENERIC/config', '-I/mnt/c/Users/BALAJI/Desktop/micropython/esp-idf/components/app_trace/include', '-I/mnt/c/Users/BALAJI/Desktop/micropython/esp-idf/components/app_trace/private_include', '-I/mnt/c/Users/BALAJI/Desktop/micropython/esp-idf/components/app_trace/port/include', '-I/mnt/c/Users/BALAJI/Desktop/micropython/micropython/ports/esp32/build-ESP32_GENERIC/config', '-I/mnt/c/Users/BALAJI/Desktop/micropython/micropython/ports/esp32/build-ESP32_GENERIC/config', '-I/mnt/c/Users/BALAJI/Desktop/micropython/esp-idf/components/app_update/include', '-I/mnt/c/Users/BALAJI/Desktop/micropython/micropython/ports/esp32/build-ESP32_GENERIC/config', '-I/mnt/c/Users/BALAJI/Desktop/micropython/micropython/ports/esp32/build-ESP32_GENERIC/config', '-I/mnt/c/Users/BALAJI/Desktop/micropython/micropython/ports/esp32/build-ESP32_GENERIC/config', '-I/mnt/c/Users/BALAJI/Desktop/micropython/esp-idf/components/bootloader_support/include', '-I/mnt/c/Users/BALAJI/Desktop/micropython/esp-idf/components/bootloader_support/bootloader_flash/include', '-I/mnt/c/Users/BALAJI/Desktop/micropython/esp-idf/components/bootloader_support/private_include', '-I/mnt/c/Users/BALAJI/Desktop/micropython/micropython/ports/esp32/build-ESP32_GENERIC/config', '-I/mnt/c/Users/BALAJI/Desktop/micropython/micropython/ports/esp32/build-ESP32_GENERIC/config', '-I/mnt/c/Users/BALAJI/Desktop/micropython/esp-idf/components/bt/include/esp32/include', '-I/mnt/c/Users/BALAJI/Desktop/micropython/esp-idf/components/bt/common/osi/include', '-I/mnt/c/Users/BALAJI/Desktop/micropython/esp-idf/components/bt/common/api/include/api', '-I/mnt/c/Users/BALAJI/Desktop/micropython/esp-idf/components/bt/common/btc/profile/esp/blufi/include', '-I/mnt/c/Users/BALAJI/Desktop/micropython/esp-idf/components/bt/common/btc/profile/esp/include', '-I/mnt/c/Users/BALAJI/Desktop/micropython/esp-idf/components/bt/common/hci_log/include', '-I/mnt/c/Users/BALAJI/Desktop/micropython/esp-idf/components/bt/host/nimble/nimble/nimble/host/include', '-I/mnt/c/Users/BALAJI/Desktop/micropython/esp-idf/components/bt/host/nimble/nimble/nimble/include', '-I/mnt/c/Users/BALAJI/Desktop/micropython/esp-idf/components/bt/host/nimble/nimble/nimble/host/services/ans/include', '-I/mnt/c/Users/BALAJI/Desktop/micropython/esp-idf/components/bt/host/nimble/nimble/nimble/host/services/bas/include', '-I/mnt/c/Users/BALAJI/Desktop/micropython/esp-idf/components/bt/host/nimble/nimble/nimble/host/services/dis/include', '-I/mnt/c/Users/BALAJI/Desktop/micropython/esp-idf/components/bt/host/nimble/nimble/nimble/host/services/gap/include', '-I/mnt/c/Users/BALAJI/Desktop/micropython/esp-idf/components/bt/host/nimble/nimble/nimble/host/services/gatt/include', '-I/mnt/c/Users/BALAJI/Desktop/micropython/esp-idf/components/bt/host/nimble/nimble/nimble/host/services/hr/include', '-I/mnt/c/Users/BALAJI/Desktop/micropython/esp-idf/components/bt/host/nimble/nimble/nimble/host/services/htp/include', '-I/mnt/c/Users/BALAJI/Desktop/micropython/esp-idf/components/bt/host/nimble/nimble/nimble/host/services/ias/include', '-I/mnt/c/Users/BALAJI/Desktop/micropython/esp-idf/components/bt/host/nimble/nimble/nimble/host/services/ipss/include', '-I/mnt/c/Users/BALAJI/Desktop/micropython/esp-idf/components/bt/host/nimble/nimble/nimble/host/services/lls/include', '-I/mnt/c/Users/BALAJI/Desktop/micropython/esp-idf/components/bt/host/nimble/nimble/nimble/host/services/prox/include', '-I/mnt/c/Users/BALAJI/Desktop/micropython/esp-idf/components/bt/host/nimble/nimble/nimble/host/services/cts/include', '-I/mnt/c/Users/BALAJI/Desktop/micropython/esp-idf/components/bt/host/nimble/nimble/nimble/host/services/tps/include', '-I/mnt/c/Users/BALAJI/Desktop/micropython/esp-idf/components/bt/host/nimble/nimble/nimble/host/services/hid/include', '-I/mnt/c/Users/BALAJI/Desktop/micropython/esp-idf/components/bt/host/nimble/nimble/nimble/host/services/sps/include', '-I/mnt/c/Users/BALAJI/Desktop/micropython/esp-idf/components/bt/host/nimble/nimble/nimble/host/util/include', '-I/mnt/c/Users/BALAJI/Desktop/micropython/esp-idf/components/bt/host/nimble/nimble/nimble/host/store/ram/include', '-I/mnt/c/Users/BALAJI/Desktop/micropython/esp-idf/components/bt/host/nimble/nimble/nimble/host/store/config/include', '-I/mnt/c/Users/BALAJI/Desktop/micropython/esp-idf/components/bt/porting/include', '-I/mnt/c/Users/BALAJI/Desktop/micropython/esp-idf/components/bt/host/nimble/nimble/porting/nimble/include', '-I/mnt/c/Users/BALAJI/Desktop/micropython/esp-idf/components/bt/host/nimble/port/include', '-I/mnt/c/Users/BALAJI/Desktop/micropython/esp-idf/components/bt/host/nimble/nimble/nimble/transport/include', '-I/mnt/c/Users/BALAJI/Desktop/micropython/esp-idf/components/bt/host/nimble/nimble/porting/npl/freertos/include', '-I/mnt/c/Users/BALAJI/Desktop/micropython/esp-idf/components/bt/host/nimble/nimble/porting/nimble/include', '-I/mnt/c/Users/BALAJI/Desktop/micropython/esp-idf/components/bt/host/nimble/nimble/nimble/include', '-I/mnt/c/Users/BALAJI/Desktop/micropython/esp-idf/components/bt/host/nimble/esp-hci/include', '-I/mnt/c/Users/BALAJI/Desktop/micropython/esp-idf/components/bt/common/btc/include', '-I/mnt/c/Users/BALAJI/Desktop/micropython/esp-idf/components/bt/common/include', '-I/mnt/c/Users/BALAJI/Desktop/micropython/esp-idf/components/bt/porting/mem', '-I/mnt/c/Users/BALAJI/Desktop/micropython/micropython/ports/esp32/build-ESP32_GENERIC/config', '-I/mnt/c/Users/BALAJI/Desktop/micropython/micropython/ports/esp32/build-ESP32_GENERIC/config', '-I/mnt/c/Users/BALAJI/Desktop/micropython/esp-idf/components/cmock/CMock/src', '-I/mnt/c/Users/BALAJI/Desktop/micropython/micropython/ports/esp32/build-ESP32_GENERIC/config', '-I/mnt/c/Users/BALAJI/Desktop/micropython/micropython/ports/esp32/build-ESP32_GENERIC/config', '-I/mnt/c/Users/BALAJI/Desktop/micropython/esp-idf/components/console', '-I/mnt/c/Users/BALAJI/Desktop/micropython/micropython/ports/esp32/build-ESP32_GENERIC/config', '-I/mnt/c/Users/BALAJI/Desktop/micropython/micropython/ports/esp32/build-ESP32_GENERIC/config', '-I/mnt/c/Users/BALAJI/Desktop/micropython/micropython/ports/esp32/build-ESP32_GENERIC/config', '-I/mnt/c/Users/BALAJI/Desktop/micropython/micropython/ports/esp32/build-ESP32_GENERIC/config', '-I/mnt/c/Users/BALAJI/Desktop/micropython/esp-idf/components/driver/include', '-I/mnt/c/Users/BALAJI/Desktop/micropython/esp-idf/components/driver/deprecated', '-I/mnt/c/Users/BALAJI/Desktop/micropython/esp-idf/components/driver/analog_comparator/include', '-I/mnt/c/Users/BALAJI/Desktop/micropython/esp-idf/components/driver/dac/include', '-I/mnt/c/Users/BALAJI/Desktop/micropython/esp-idf/components/driver/gpio/include', '-I/mnt/c/Users/BALAJI/Desktop/micropython/esp-idf/components/driver/gptimer/include', '-I/mnt/c/Users/BALAJI/Desktop/micropython/esp-idf/components/driver/i2c/include', '-I/mnt/c/Users/BALAJI/Desktop/micropython/esp-idf/components/driver/i2s/include', '-I/mnt/c/Users/BALAJI/Desktop/micropython/esp-idf/components/driver/ledc/include', '-I/mnt/c/Users/BALAJI/Desktop/micropython/esp-idf/components/driver/mcpwm/include', '-I/mnt/c/Users/BALAJI/Desktop/micropython/esp-idf/components/driver/parlio/include', '-I/mnt/c/Users/BALAJI/Desktop/micropython/esp-idf/components/driver/pcnt/include', '-I/mnt/c/Users/BALAJI/Desktop/micropython/esp-idf/components/driver/rmt/include', '-I/mnt/c/Users/BALAJI/Desktop/micropython/esp-idf/components/driver/sdio_slave/include', '-I/mnt/c/Users/BALAJI/Desktop/micropython/esp-idf/components/driver/sdmmc/include', '-I/mnt/c/Users/BALAJI/Desktop/micropython/esp-idf/components/driver/sigma_delta/include', '-I/mnt/c/Users/BALAJI/Desktop/micropython/esp-idf/components/driver/spi/include', '-I/mnt/c/Users/BALAJI/Desktop/micropython/esp-idf/components/driver/temperature_sensor/include', '-I/mnt/c/Users/BALAJI/Desktop/micropython/esp-idf/components/driver/touch_sensor/include', '-I/mnt/c/Users/BALAJI/Desktop/micropython/esp-idf/components/driver/twai/include', '-I/mnt/c/Users/BALAJI/Desktop/micropython/esp-idf/components/driver/uart/include', '-I/mnt/c/Users/BALAJI/Desktop/micropython/esp-idf/components/driver/usb_serial_jtag/include', '-I/mnt/c/Users/BALAJI/Desktop/micropython/esp-idf/components/driver/touch_sensor/esp32/include', '-I/mnt/c/Users/BALAJI/Desktop/micropython/micropython/ports/esp32/build-ESP32_GENERIC/config', '-I/mnt/c/Users/BALAJI/Desktop/micropython/micropython/ports/esp32/build-ESP32_GENERIC/config', '-I/mnt/c/Users/BALAJI/Desktop/micropython/esp-idf/components/efuse/include', '-I/mnt/c/Users/BALAJI/Desktop/micropython/esp-idf/components/efuse/esp32/include', '-I/mnt/c/Users/BALAJI/Desktop/micropython/esp-idf/components/efuse/private_include', '-I/mnt/c/Users/BALAJI/Desktop/micropython/esp-idf/components/efuse/esp32/private_include', '-I/mnt/c/Users/BALAJI/Desktop/micropython/micropython/ports/esp32/build-ESP32_GENERIC/config', '-I/mnt/c/Users/BALAJI/Desktop/micropython/micropython/ports/esp32/build-ESP32_GENERIC/config', '-I/mnt/c/Users/BALAJI/Desktop/micropython/esp-idf/components/esp-tls', '-I/mnt/c/Users/BALAJI/Desktop/micropython/esp-idf/components/esp-tls/esp-tls-crypto', '-I/mnt/c/Users/BALAJI/Desktop/micropython/esp-idf/components/esp-tls/private_include', '-I/mnt/c/Users/BALAJI/Desktop/micropython/micropython/ports/esp32/build-ESP32_GENERIC/config', '-I/mnt/c/Users/BALAJI/Desktop/micropython/micropython/ports/esp32/build-ESP32_GENERIC/config', '-I/mnt/c/Users/BALAJI/Desktop/micropython/esp-idf/components/esp_adc/include', '-I/mnt/c/Users/BALAJI/Desktop/micropython/esp-idf/components/esp_adc/interface', '-I/mnt/c/Users/BALAJI/Desktop/micropython/esp-idf/components/esp_adc/esp32/include', '-I/mnt/c/Users/BALAJI/Desktop/micropython/esp-idf/components/esp_adc/deprecated/include', '-I/mnt/c/Users/BALAJI/Desktop/micropython/micropython/ports/esp32/build-ESP32_GENERIC/config', '-I/mnt/c/Users/BALAJI/Desktop/micropython/micropython/ports/esp32/build-ESP32_GENERIC/config', '-I/mnt/c/Users/BALAJI/Desktop/micropython/esp-idf/components/esp_app_format/include', '-I/mnt/c/Users/BALAJI/Desktop/micropython/micropython/ports/esp32/build-ESP32_GENERIC/config', '-I/mnt/c/Users/BALAJI/Desktop/micropython/micropython/ports/esp32/build-ESP32_GENERIC/config', '-I/mnt/c/Users/BALAJI/Desktop/micropython/esp-idf/components/esp_bootloader_format/include', '-I/mnt/c/Users/BALAJI/Desktop/micropython/micropython/ports/esp32/build-ESP32_GENERIC/config', '-I/mnt/c/Users/BALAJI/Desktop/micropython/micropython/ports/esp32/build-ESP32_GENERIC/config', '-I/mnt/c/Users/BALAJI/Desktop/micropython/esp-idf/components/esp_coex/include', '-I/mnt/c/Users/BALAJI/Desktop/micropython/micropython/ports/esp32/build-ESP32_GENERIC/config', '-I/mnt/c/Users/BALAJI/Desktop/micropython/micropython/ports/esp32/build-ESP32_GENERIC/config', '-I/mnt/c/Users/BALAJI/Desktop/micropython/esp-idf/components/esp_common/include', '-I/mnt/c/Users/BALAJI/Desktop/micropython/micropython/ports/esp32/build-ESP32_GENERIC/config', '-I/mnt/c/Users/BALAJI/Desktop/micropython/micropython/ports/esp32/build-ESP32_GENERIC/config', '-I/mnt/c/Users/BALAJI/Desktop/micropython/esp-idf/components/esp_eth/include', '-I/mnt/c/Users/BALAJI/Desktop/micropython/micropython/ports/esp32/build-ESP32_GENERIC/config', '-I/mnt/c/Users/BALAJI/Desktop/micropython/micropython/ports/esp32/build-ESP32_GENERIC/config', '-I/mnt/c/Users/BALAJI/Desktop/micropython/esp-idf/components/esp_event/include', '-I/mnt/c/Users/BALAJI/Desktop/micropython/esp-idf/components/esp_event/private_include', '-I/mnt/c/Users/BALAJI/Desktop/micropython/micropython/ports/esp32/build-ESP32_GENERIC/config', '-I/mnt/c/Users/BALAJI/Desktop/micropython/micropython/ports/esp32/build-ESP32_GENERIC/config', '-I/mnt/c/Users/BALAJI/Desktop/micropython/esp-idf/components/esp_gdbstub/include', '-I/mnt/c/Users/BALAJI/Desktop/micropython/esp-idf/components/esp_gdbstub/private_include', '-I/mnt/c/Users/BALAJI/Desktop/micropython/esp-idf/components/esp_gdbstub/src/port/xtensa/include', '-I/mnt/c/Users/BALAJI/Desktop/micropython/micropython/ports/esp32/build-ESP32_GENERIC/config', '-I/mnt/c/Users/BALAJI/Desktop/micropython/micropython/ports/esp32/build-ESP32_GENERIC/config', '-I/mnt/c/Users/BALAJI/Desktop/micropython/esp-idf/components/esp_hid/include', '-I/mnt/c/Users/BALAJI/Desktop/micropython/esp-idf/components/esp_hid/private', '-I/mnt/c/Users/BALAJI/Desktop/micropython/micropython/ports/esp32/build-ESP32_GENERIC/config', '-I/mnt/c/Users/BALAJI/Desktop/micropython/micropython/ports/esp32/build-ESP32_GENERIC/config', '-I/mnt/c/Users/BALAJI/Desktop/micropython/esp-idf/components/esp_http_client/include', '-I/mnt/c/Users/BALAJI/Desktop/micropython/esp-idf/components/esp_http_client/lib/include', '-I/mnt/c/Users/BALAJI/Desktop/micropython/micropython/ports/esp32/build-ESP32_GENERIC/config', '-I/mnt/c/Users/BALAJI/Desktop/micropython/micropython/ports/esp32/build-ESP32_GENERIC/config', '-I/mnt/c/Users/BALAJI/Desktop/micropython/esp-idf/components/esp_http_server/include', '-I/mnt/c/Users/BALAJI/Desktop/micropython/esp-idf/components/esp_http_server/src/util', '-I/mnt/c/Users/BALAJI/Desktop/micropython/esp-idf/components/esp_http_server/src/port/esp32', '-I/mnt/c/Users/BALAJI/Desktop/micropython/micropython/ports/esp32/build-ESP32_GENERIC/config', '-I/mnt/c/Users/BALAJI/Desktop/micropython/micropython/ports/esp32/build-ESP32_GENERIC/config', '-I/mnt/c/Users/BALAJI/Desktop/micropython/esp-idf/components/esp_https_ota/include', '-I/mnt/c/Users/BALAJI/Desktop/micropython/micropython/ports/esp32/build-ESP32_GENERIC/config', '-I/mnt/c/Users/BALAJI/Desktop/micropython/micropython/ports/esp32/build-ESP32_GENERIC/config', '-I/mnt/c/Users/BALAJI/Desktop/micropython/micropython/ports/esp32/build-ESP32_GENERIC/config', '-I/mnt/c/Users/BALAJI/Desktop/micropython/esp-idf/components/esp_hw_support/include', '-I/mnt/c/Users/BALAJI/Desktop/micropython/esp-idf/components/esp_hw_support/include/soc', '-I/mnt/c/Users/BALAJI/Desktop/micropython/esp-idf/components/esp_hw_support/include/soc/esp32', '-I/mnt/c/Users/BALAJI/Desktop/micropython/esp-idf/components/esp_hw_support/port/include', '-I/mnt/c/Users/BALAJI/Desktop/micropython/esp-idf/components/esp_hw_support/include/esp_private', '-I/mnt/c/Users/BALAJI/Desktop/micropython/micropython/ports/esp32/build-ESP32_GENERIC/config', '-I/mnt/c/Users/BALAJI/Desktop/micropython/esp-idf/components/esp_hw_support/port/esp32/.', '-I/mnt/c/Users/BALAJI/Desktop/micropython/micropython/ports/esp32/build-ESP32_GENERIC/config', '-I/mnt/c/Users/BALAJI/Desktop/micropython/esp-idf/components/esp_lcd/include', '-I/mnt/c/Users/BALAJI/Desktop/micropython/esp-idf/components/esp_lcd/interface', '-I/mnt/c/Users/BALAJI/Desktop/micropython/micropython/ports/esp32/build-ESP32_GENERIC/config', '-I/mnt/c/Users/BALAJI/Desktop/micropython/micropython/ports/esp32/build-ESP32_GENERIC/config', '-I/mnt/c/Users/BALAJI/Desktop/micropython/esp-idf/components/esp_local_ctrl/include', '-I/mnt/c/Users/BALAJI/Desktop/micropython/esp-idf/components/esp_local_ctrl/proto-c', '-I/mnt/c/Users/BALAJI/Desktop/micropython/esp-idf/components/esp_local_ctrl/src', '-I/mnt/c/Users/BALAJI/Desktop/micropython/micropython/ports/esp32/build-ESP32_GENERIC/config', '-I/mnt/c/Users/BALAJI/Desktop/micropython/micropython/ports/esp32/build-ESP32_GENERIC/config', '-I/mnt/c/Users/BALAJI/Desktop/micropython/esp-idf/components/esp_mm/include', '-I/mnt/c/Users/BALAJI/Desktop/micropython/micropython/ports/esp32/build-ESP32_GENERIC/config', '-I/mnt/c/Users/BALAJI/Desktop/micropython/micropython/ports/esp32/build-ESP32_GENERIC/config', '-I/mnt/c/Users/BALAJI/Desktop/micropython/esp-idf/components/esp_netif/include', '-I/mnt/c/Users/BALAJI/Desktop/micropython/esp-idf/components/esp_netif/private_include', '-I/mnt/c/Users/BALAJI/Desktop/micropython/esp-idf/components/esp_netif/lwip', '-I/mnt/c/Users/BALAJI/Desktop/micropython/micropython/ports/esp32/build-ESP32_GENERIC/config', '-I/mnt/c/Users/BALAJI/Desktop/micropython/micropython/ports/esp32/build-ESP32_GENERIC/config', '-I/mnt/c/Users/BALAJI/Desktop/micropython/micropython/ports/esp32/build-ESP32_GENERIC/config', '-I/mnt/c/Users/BALAJI/Desktop/micropython/esp-idf/components/esp_partition/include', '-I/mnt/c/Users/BALAJI/Desktop/micropython/micropython/ports/esp32/build-ESP32_GENERIC/config', '-I/mnt/c/Users/BALAJI/Desktop/micropython/micropython/ports/esp32/build-ESP32_GENERIC/config', '-I/mnt/c/Users/BALAJI/Desktop/micropython/esp-idf/components/esp_phy/include', '-I/mnt/c/Users/BALAJI/Desktop/micropython/esp-idf/components/esp_phy/esp32/include', '-I/mnt/c/Users/BALAJI/Desktop/micropython/micropython/ports/esp32/build-ESP32_GENERIC/config', '-I/mnt/c/Users/BALAJI/Desktop/micropython/micropython/ports/esp32/build-ESP32_GENERIC/config', '-I/mnt/c/Users/BALAJI/Desktop/micropython/esp-idf/components/esp_pm/include', '-I/mnt/c/Users/BALAJI/Desktop/micropython/micropython/ports/esp32/build-ESP32_GENERIC/config', '-I/mnt/c/Users/BALAJI/Desktop/micropython/esp-idf/components/esp_psram/include', '-I/mnt/c/Users/BALAJI/Desktop/micropython/micropython/ports/esp32/build-ESP32_GENERIC/config', '-I/mnt/c/Users/BALAJI/Desktop/micropython/micropython/ports/esp32/build-ESP32_GENERIC/config', '-I/mnt/c/Users/BALAJI/Desktop/micropython/esp-idf/components/esp_ringbuf/include', '-I/mnt/c/Users/BALAJI/Desktop/micropython/micropython/ports/esp32/build-ESP32_GENERIC/config', '-I/mnt/c/Users/BALAJI/Desktop/micropython/micropython/ports/esp32/build-ESP32_GENERIC/config', '-I/mnt/c/Users/BALAJI/Desktop/micropython/esp-idf/components/esp_rom/include', '-I/mnt/c/Users/BALAJI/Desktop/micropython/esp-idf/components/esp_rom/include/esp32', '-I/mnt/c/Users/BALAJI/Desktop/micropython/esp-idf/components/esp_rom/esp32', '-I/mnt/c/Users/BALAJI/Desktop/micropython/micropython/ports/esp32/build-ESP32_GENERIC/config', '-I/mnt/c/Users/BALAJI/Desktop/micropython/micropython/ports/esp32/build-ESP32_GENERIC/config', '-I/mnt/c/Users/BALAJI/Desktop/micropython/esp-idf/components/esp_system/include', '-I/mnt/c/Users/BALAJI/Desktop/micropython/micropython/ports/esp32/build-ESP32_GENERIC/config', '-I/mnt/c/Users/BALAJI/Desktop/micropython/esp-idf/components/esp_system/port/include', '-I/mnt/c/Users/BALAJI/Desktop/micropython/esp-idf/components/esp_system/port/.', '-I/mnt/c/Users/BALAJI/Desktop/micropython/esp-idf/components/esp_system/port/include', '-I/mnt/c/Users/BALAJI/Desktop/micropython/esp-idf/components/esp_system/port/soc', '-I/mnt/c/Users/BALAJI/Desktop/micropython/esp-idf/components/esp_system/port/include/private', '-I/mnt/c/Users/BALAJI/Desktop/micropython/micropython/ports/esp32/build-ESP32_GENERIC/config', '-I/mnt/c/Users/BALAJI/Desktop/micropython/esp-idf/components/esp_timer/include', '-I/mnt/c/Users/BALAJI/Desktop/micropython/esp-idf/components/esp_timer/private_include', '-I/mnt/c/Users/BALAJI/Desktop/micropython/micropython/ports/esp32/build-ESP32_GENERIC/config', '-I/mnt/c/Users/BALAJI/Desktop/micropython/micropython/ports/esp32/build-ESP32_GENERIC/config', '-I/mnt/c/Users/BALAJI/Desktop/micropython/esp-idf/components/esp_wifi/include', '-I/mnt/c/Users/BALAJI/Desktop/micropython/esp-idf/components/esp_wifi/wifi_apps/include', '-I/mnt/c/Users/BALAJI/Desktop/micropython/micropython/ports/esp32/build-ESP32_GENERIC/config', '-I/mnt/c/Users/BALAJI/Desktop/micropython/micropython/ports/esp32/build-ESP32_GENERIC/config', '-I/mnt/c/Users/BALAJI/Desktop/micropython/esp-idf/components/espcoredump/include', '-I/mnt/c/Users/BALAJI/Desktop/micropython/esp-idf/components/espcoredump/include/port/xtensa', '-I/mnt/c/Users/BALAJI/Desktop/micropython/esp-idf/components/espcoredump/include_core_dump', '-I/mnt/c/Users/BALAJI/Desktop/micropython/esp-idf/components/espcoredump/include_core_dump/port/xtensa', '-I/mnt/c/Users/BALAJI/Desktop/micropython/micropython/ports/esp32/build-ESP32_GENERIC/config', '-I/mnt/c/Users/BALAJI/Desktop/micropython/micropython/ports/esp32/build-ESP32_GENERIC/config', '-I/mnt/c/Users/BALAJI/Desktop/micropython/micropython/ports/esp32/build-ESP32_GENERIC/config', '-I/mnt/c/Users/BALAJI/Desktop/micropython/esp-idf/components/fatfs/diskio', '-I/mnt/c/Users/BALAJI/Desktop/micropython/esp-idf/components/fatfs/src', '-I/mnt/c/Users/BALAJI/Desktop/micropython/esp-idf/components/fatfs/vfs', '-I/mnt/c/Users/BALAJI/Desktop/micropython/micropython/ports/esp32/build-ESP32_GENERIC/config', '-I/mnt/c/Users/BALAJI/Desktop/micropython/micropython/ports/esp32/build-ESP32_GENERIC/config', '-I/mnt/c/Users/BALAJI/Desktop/micropython/esp-idf/components/freertos/config/include', '-I/mnt/c/Users/BALAJI/Desktop/micropython/esp-idf/components/freertos/config/include/freertos', '-I/mnt/c/Users/BALAJI/Desktop/micropython/esp-idf/components/freertos/config/xtensa/include', '-I/mnt/c/Users/BALAJI/Desktop/micropython/esp-idf/components/freertos/FreeRTOS-Kernel/include', '-I/mnt/c/Users/BALAJI/Desktop/micropython/esp-idf/components/freertos/FreeRTOS-Kernel/portable/xtensa/include', '-I/mnt/c/Users/BALAJI/Desktop/micropython/esp-idf/components/freertos/FreeRTOS-Kernel/portable/xtensa/include/freertos', '-I/mnt/c/Users/BALAJI/Desktop/micropython/esp-idf/components/freertos/esp_additions/include', '-I/mnt/c/Users/BALAJI/Desktop/micropython/esp-idf/components/freertos', '-I/mnt/c/Users/BALAJI/Desktop/micropython/esp-idf/components/freertos/FreeRTOS-Kernel/include/freertos', '-I/mnt/c/Users/BALAJI/Desktop/micropython/esp-idf/components/freertos/esp_additions', '-I/mnt/c/Users/BALAJI/Desktop/micropython/micropython/ports/esp32/build-ESP32_GENERIC/config', '-I/mnt/c/Users/BALAJI/Desktop/micropython/micropython/ports/esp32/build-ESP32_GENERIC/config', '-I/mnt/c/Users/BALAJI/Desktop/micropython/esp-idf/components/hal/platform_port/include', '-I/mnt/c/Users/BALAJI/Desktop/micropython/esp-idf/components/hal/esp32/include', '-I/mnt/c/Users/BALAJI/Desktop/micropython/esp-idf/components/hal/include', '-I/mnt/c/Users/BALAJI/Desktop/micropython/micropython/ports/esp32/build-ESP32_GENERIC/config', '-I/mnt/c/Users/BALAJI/Desktop/micropython/micropython/ports/esp32/build-ESP32_GENERIC/config', '-I/mnt/c/Users/BALAJI/Desktop/micropython/esp-idf/components/heap/include', '-I/mnt/c/Users/BALAJI/Desktop/micropython/esp-idf/components/heap/tlsf', '-I/mnt/c/Users/BALAJI/Desktop/micropython/micropython/ports/esp32/build-ESP32_GENERIC/config', '-I/mnt/c/Users/BALAJI/Desktop/micropython/micropython/ports/esp32/build-ESP32_GENERIC/config', '-I/mnt/c/Users/BALAJI/Desktop/micropython/esp-idf/components/http_parser', '-I/mnt/c/Users/BALAJI/Desktop/micropython/micropython/ports/esp32/build-ESP32_GENERIC/config', '-I/mnt/c/Users/BALAJI/Desktop/micropython/esp-idf/components/idf_test/include', '-I/mnt/c/Users/BALAJI/Desktop/micropython/esp-idf/components/idf_test/include/esp32', '-I/mnt/c/Users/BALAJI/Desktop/micropython/micropython/ports/esp32/build-ESP32_GENERIC/config', '-I/mnt/c/Users/BALAJI/Desktop/micropython/esp-idf/components/ieee802154/include', '-I/mnt/c/Users/BALAJI/Desktop/micropython/micropython/ports/esp32/build-ESP32_GENERIC/config', '-I/mnt/c/Users/BALAJI/Desktop/micropython/micropython/ports/esp32/build-ESP32_GENERIC/config', '-I/mnt/c/Users/BALAJI/Desktop/micropython/esp-idf/components/json/cJSON', '-I/mnt/c/Users/BALAJI/Desktop/micropython/micropython/ports/esp32/build-ESP32_GENERIC/config', '-I/mnt/c/Users/BALAJI/Desktop/micropython/micropython/ports/esp32/build-ESP32_GENERIC/config', '-I/mnt/c/Users/BALAJI/Desktop/micropython/esp-idf/components/log/include', '-I/mnt/c/Users/BALAJI/Desktop/micropython/micropython/ports/esp32/build-ESP32_GENERIC/config', '-I/mnt/c/Users/BALAJI/Desktop/micropython/micropython/ports/esp32/build-ESP32_GENERIC/config', '-I/mnt/c/Users/BALAJI/Desktop/micropython/esp-idf/components/lwip/include', '-I/mnt/c/Users/BALAJI/Desktop/micropython/esp-idf/components/lwip/include/apps', '-I/mnt/c/Users/BALAJI/Desktop/micropython/esp-idf/components/lwip/include/apps/sntp', '-I/mnt/c/Users/BALAJI/Desktop/micropython/esp-idf/components/lwip/lwip/src/include', '-I/mnt/c/Users/BALAJI/Desktop/micropython/esp-idf/components/lwip/port/include', '-I/mnt/c/Users/BALAJI/Desktop/micropython/esp-idf/components/lwip/port/freertos/include', '-I/mnt/c/Users/BALAJI/Desktop/micropython/esp-idf/components/lwip/port/esp32xx/include', '-I/mnt/c/Users/BALAJI/Desktop/micropython/esp-idf/components/lwip/port/esp32xx/include/arch', '-I/mnt/c/Users/BALAJI/Desktop/micropython/esp-idf/components/lwip/port/esp32xx/include/sys', '-I/mnt/c/Users/BALAJI/Desktop/micropython/micropython/ports/esp32/build-ESP32_GENERIC/config', '-I/mnt/c/Users/BALAJI/Desktop/micropython/esp-idf/components/mbedtls/port/include', '-I/mnt/c/Users/BALAJI/Desktop/micropython/esp-idf/components/mbedtls/mbedtls/include', '-I/mnt/c/Users/BALAJI/Desktop/micropython/esp-idf/components/mbedtls/mbedtls/library', '-I/mnt/c/Users/BALAJI/Desktop/micropython/micropython/ports/esp32/build-ESP32_GENERIC/config', '-I/mnt/c/Users/BALAJI/Desktop/micropython/micropython/ports/esp32/build-ESP32_GENERIC/config', '-I/mnt/c/Users/BALAJI/Desktop/micropython/esp-idf/components/mbedtls/port/include', '-I/mnt/c/Users/BALAJI/Desktop/micropython/esp-idf/components/mbedtls/mbedtls/include/', '-I', '-I/mnt/c/Users/BALAJI/Desktop/micropython/esp-idf/components/mbedtls/mbedtls/library/', '-I/mnt/c/Users/BALAJI/Desktop/micropython/micropython/ports/esp32/build-ESP32_GENERIC/esp-idf/mbedtls/mbedtls/library', '-I/mnt/c/Users/BALAJI/Desktop/micropython/micropython/ports/esp32/build-ESP32_GENERIC/config', '-I/mnt/c/Users/BALAJI/Desktop/micropython/esp-idf/components/mqtt/esp-mqtt/include', '-I/mnt/c/Users/BALAJI/Desktop/micropython/esp-idf/components/mqtt/esp-mqtt/lib/include', '-I/mnt/c/Users/BALAJI/Desktop/micropython/micropython/ports/esp32/build-ESP32_GENERIC/config', '-I/mnt/c/Users/BALAJI/Desktop/micropython/micropython/ports/esp32/build-ESP32_GENERIC/config', '-I/mnt/c/Users/BALAJI/Desktop/micropython/esp-idf/components/newlib/platform_include', '-I/mnt/c/Users/BALAJI/Desktop/micropython/esp-idf/components/newlib/priv_include', '-I/mnt/c/Users/BALAJI/Desktop/micropython/micropython/ports/esp32/build-ESP32_GENERIC/config', '-I/mnt/c/Users/BALAJI/Desktop/micropython/micropython/ports/esp32/build-ESP32_GENERIC/config', '-I/mnt/c/Users/BALAJI/Desktop/micropython/esp-idf/components/nvs_flash/include', '-I/mnt/c/Users/BALAJI/Desktop/micropython/esp-idf/components/spi_flash/include', '-I/mnt/c/Users/BALAJI/Desktop/micropython/esp-idf/components/nvs_flash/private_include', '-I/mnt/c/Users/BALAJI/Desktop/micropython/micropython/ports/esp32/build-ESP32_GENERIC/config', '-I/mnt/c/Users/BALAJI/Desktop/micropython/micropython/ports/esp32/build-ESP32_GENERIC/config', '-I/mnt/c/Users/BALAJI/Desktop/micropython/esp-idf/components/nvs_sec_provider/include', '-I/mnt/c/Users/BALAJI/Desktop/micropython/micropython/ports/esp32/build-ESP32_GENERIC/config', '-I/mnt/c/Users/BALAJI/Desktop/micropython/micropython/ports/esp32/build-ESP32_GENERIC/config', '-I/mnt/c/Users/BALAJI/Desktop/micropython/micropython/ports/esp32/build-ESP32_GENERIC/config', '-I/mnt/c/Users/BALAJI/Desktop/micropython/micropython/ports/esp32/build-ESP32_GENERIC/config', '-I/mnt/c/Users/BALAJI/Desktop/micropython/esp-idf/components/perfmon/include', '-I/mnt/c/Users/BALAJI/Desktop/micropython/micropython/ports/esp32/build-ESP32_GENERIC/config', '-I/mnt/c/Users/BALAJI/Desktop/micropython/micropython/ports/esp32/build-ESP32_GENERIC/config', '-I/mnt/c/Users/BALAJI/Desktop/micropython/esp-idf/components/protobuf-c/protobuf-c', '-I/mnt/c/Users/BALAJI/Desktop/micropython/micropython/ports/esp32/build-ESP32_GENERIC/config', '-I/mnt/c/Users/BALAJI/Desktop/micropython/micropython/ports/esp32/build-ESP32_GENERIC/config', '-I/mnt/c/Users/BALAJI/Desktop/micropython/esp-idf/components/protocomm/include/common', '-I/mnt/c/Users/BALAJI/Desktop/micropython/esp-idf/components/protocomm/include/security', '-I/mnt/c/Users/BALAJI/Desktop/micropython/esp-idf/components/protocomm/include/transports', '-I/mnt/c/Users/BALAJI/Desktop/micropython/esp-idf/components/protocomm/include/crypto/srp6a', '-I/mnt/c/Users/BALAJI/Desktop/micropython/esp-idf/components/protocomm/proto-c', '-I/mnt/c/Users/BALAJI/Desktop/micropython/esp-idf/components/protocomm/src/common', '-I/mnt/c/Users/BALAJI/Desktop/micropython/micropython/ports/esp32/build-ESP32_GENERIC/config', '-I/mnt/c/Users/BALAJI/Desktop/micropython/micropython/ports/esp32/build-ESP32_GENERIC/config', '-I/mnt/c/Users/BALAJI/Desktop/micropython/esp-idf/components/pthread/include', '-I/mnt/c/Users/BALAJI/Desktop/micropython/micropython/ports/esp32/build-ESP32_GENERIC/config', '-I/mnt/c/Users/BALAJI/Desktop/micropython/micropython/ports/esp32/build-ESP32_GENERIC/config', '-I/mnt/c/Users/BALAJI/Desktop/micropython/esp-idf/components/sdmmc/include', '-I/mnt/c/Users/BALAJI/Desktop/micropython/micropython/ports/esp32/build-ESP32_GENERIC/config', '-I/mnt/c/Users/BALAJI/Desktop/micropython/micropython/ports/esp32/build-ESP32_GENERIC/config', '-I/mnt/c/Users/BALAJI/Desktop/micropython/esp-idf/components/soc/include', '-I/mnt/c/Users/BALAJI/Desktop/micropython/esp-idf/components/soc/esp32', '-I/mnt/c/Users/BALAJI/Desktop/micropython/esp-idf/components/soc/esp32/include', '-I/mnt/c/Users/BALAJI/Desktop/micropython/micropython/ports/esp32/build-ESP32_GENERIC/config', '-I/mnt/c/Users/BALAJI/Desktop/micropython/micropython/ports/esp32/build-ESP32_GENERIC/config', '-I/mnt/c/Users/BALAJI/Desktop/micropython/esp-idf/components/spi_flash/include', '-I/mnt/c/Users/BALAJI/Desktop/micropython/esp-idf/components/spi_flash/include/spi_flash', '-I/mnt/c/Users/BALAJI/Desktop/micropython/micropython/ports/esp32/build-ESP32_GENERIC/config', '-I/mnt/c/Users/BALAJI/Desktop/micropython/micropython/ports/esp32/build-ESP32_GENERIC/config', '-I/mnt/c/Users/BALAJI/Desktop/micropython/esp-idf/components/spiffs/include', '-I/mnt/c/Users/BALAJI/Desktop/micropython/esp-idf/components/spiffs', '-I/mnt/c/Users/BALAJI/Desktop/micropython/esp-idf/components/spiffs/spiffs/src', '-I/mnt/c/Users/BALAJI/Desktop/micropython/micropython/ports/esp32/build-ESP32_GENERIC/config', '-I/mnt/c/Users/BALAJI/Desktop/micropython/micropython/ports/esp32/build-ESP32_GENERIC/config', '-I/mnt/c/Users/BALAJI/Desktop/micropython/esp-idf/components/tcp_transport/include', '-I/mnt/c/Users/BALAJI/Desktop/micropython/esp-idf/components/tcp_transport/private_include', '-I/mnt/c/Users/BALAJI/Desktop/micropython/micropython/ports/esp32/build-ESP32_GENERIC/config', '-I/mnt/c/Users/BALAJI/Desktop/micropython/micropython/ports/esp32/build-ESP32_GENERIC/config', '-I/mnt/c/Users/BALAJI/Desktop/micropython/esp-idf/components/ulp/ulp_common/include', '-I/mnt/c/Users/BALAJI/Desktop/micropython/esp-idf/components/ulp/ulp_common/include/esp32', '-I/mnt/c/Users/BALAJI/Desktop/micropython/esp-idf/components/ulp/ulp_fsm/include', '-I/mnt/c/Users/BALAJI/Desktop/micropython/esp-idf/components/ulp/ulp_fsm/include/esp32', '-I/mnt/c/Users/BALAJI/Desktop/micropython/micropython/ports/esp32/build-ESP32_GENERIC/config', '-I/mnt/c/Users/BALAJI/Desktop/micropython/micropython/ports/esp32/build-ESP32_GENERIC/config', '-I/mnt/c/Users/BALAJI/Desktop/micropython/esp-idf/components/unity/include', '-I/mnt/c/Users/BALAJI/Desktop/micropython/esp-idf/components/unity/unity/src', '-I/mnt/c/Users/BALAJI/Desktop/micropython/micropython/ports/esp32/build-ESP32_GENERIC/config', '-I/mnt/c/Users/BALAJI/Desktop/micropython/micropython/ports/esp32/build-ESP32_GENERIC/config', '-I/mnt/c/Users/BALAJI/Desktop/micropython/micropython/ports/esp32/build-ESP32_GENERIC/config', '-I/mnt/c/Users/BALAJI/Desktop/micropython/esp-idf/components/vfs/include', '-I/mnt/c/Users/BALAJI/Desktop/micropython/esp-idf/components/vfs/private_include', '-I/mnt/c/Users/BALAJI/Desktop/micropython/micropython/ports/esp32/build-ESP32_GENERIC/config', '-I/mnt/c/Users/BALAJI/Desktop/micropython/micropython/ports/esp32/build-ESP32_GENERIC/config', '-I/mnt/c/Users/BALAJI/Desktop/micropython/esp-idf/components/wear_levelling/include', '-I/mnt/c/Users/BALAJI/Desktop/micropython/esp-idf/components/wear_levelling/private_include', '-I/mnt/c/Users/BALAJI/Desktop/micropython/micropython/ports/esp32/build-ESP32_GENERIC/config', '-I/mnt/c/Users/BALAJI/Desktop/micropython/micropython/ports/esp32/build-ESP32_GENERIC/config', '-I/mnt/c/Users/BALAJI/Desktop/micropython/esp-idf/components/wifi_provisioning/include', '-I/mnt/c/Users/BALAJI/Desktop/micropython/esp-idf/components/wifi_provisioning/src', '-I/mnt/c/Users/BALAJI/Desktop/micropython/esp-idf/components/wifi_provisioning/proto-c', '-I/mnt/c/Users/BALAJI/Desktop/micropython/micropython/ports/esp32/build-ESP32_GENERIC/config', '-I/mnt/c/Users/BALAJI/Desktop/micropython/micropython/ports/esp32/build-ESP32_GENERIC/config', '-I/mnt/c/Users/BALAJI/Desktop/micropython/esp-idf/components/wpa_supplicant/include', '-I/mnt/c/Users/BALAJI/Desktop/micropython/esp-idf/components/wpa_supplicant/port/include', '-I/mnt/c/Users/BALAJI/Desktop/micropython/esp-idf/components/wpa_supplicant/esp_supplicant/include', '-I/mnt/c/Users/BALAJI/Desktop/micropython/esp-idf/components/wpa_supplicant/src', '-I/mnt/c/Users/BALAJI/Desktop/micropython/esp-idf/components/wpa_supplicant/src/utils', '-I/mnt/c/Users/BALAJI/Desktop/micropython/esp-idf/components/wpa_supplicant/esp_supplicant/src', '-I/mnt/c/Users/BALAJI/Desktop/micropython/esp-idf/components/wpa_supplicant/src/crypto', '-I/mnt/c/Users/BALAJI/Desktop/micropython/micropython/ports/esp32/build-ESP32_GENERIC/config', '-I/mnt/c/Users/BALAJI/Desktop/micropython/micropython/ports/esp32/build-ESP32_GENERIC/config', '-I/mnt/c/Users/BALAJI/Desktop/micropython/esp-idf/components/xtensa/esp32/include', '-I/mnt/c/Users/BALAJI/Desktop/micropython/esp-idf/components/xtensa/include', '-I/mnt/c/Users/BALAJI/Desktop/micropython/esp-idf/components/xtensa/deprecated_include', '-I/mnt/c/Users/BALAJI/Desktop/micropython/micropython/ports/esp32/build-ESP32_GENERIC/config', '-I/mnt/c/Users/BALAJI/Desktop/micropython/micropython/ports/esp32/build-ESP32_GENERIC/config', '-I/mnt/c/Users/BALAJI/Desktop/micropython/micropython', '-I/mnt/c/Users/BALAJI/Desktop/micropython/micropython/lib/berkeley-db-1.xx/include', '-I/mnt/c/Users/BALAJI/Desktop/micropython/micropython/ports/esp32', '-I/mnt/c/Users/BALAJI/Desktop/micropython/micropython/ports/esp32/boards/ESP32_GENERIC', '-I/mnt/c/Users/BALAJI/Desktop/micropython/micropython/ports/esp32/build-ESP32_GENERIC', '-I/mnt/c/Users/BALAJI/Desktop/micropython/micropython/ports/esp32/build-ESP32_GENERIC/config', '-I/mnt/c/Users/BALAJI/Desktop/micropython/esp-idf/components/bt/host/nimble/nimble', '-I/mnt/c/Users/BALAJI/Desktop/micropython/esp-idf/components/driver/rmt', '-I/mnt/c/Users/BALAJI/Desktop/micropython/micropython/ports/esp32/build-ESP32_GENERIC/config', '-I/mnt/c/Users/BALAJI/Desktop/micropython/micropython/ports/esp32/managed_components/espressif__mdns/include', '-I/mnt/c/Users/BALAJI/Desktop/micropython/micropython/ports/esp32/managed_components/espressif__mdns/private_include', '-I/mnt/c/Users/BALAJI/Desktop/micropython/micropython/ports/esp32/build-ESP32_GENERIC/config', '-DMICROPY_PY_BTREE=1', '-DBERKELEY_DB_CONFIG_FILE="/mnt/c/Users/BALAJI/Desktop/micropython/micropython/extmod/berkeley-db/berkeley_db_config_port.h"', '-DMICROPY_VFS_FAT=1', '-DMICROPY_VFS_LFS2=1', '-DFFCONF_H="/mnt/c/Users/BALAJI/Desktop/micropython/micropython/lib/oofatfs/ffconf.h"', '-DLFS1_NO_MALLOC', '-DLFS1_NO_DEBUG', '-DLFS1_NO_WARN', '-DLFS1_NO_ERROR', '-DLFS1_NO_ASSERT', '-DLFS2_NO_MALLOC', '-DLFS2_NO_DEBUG', '-DLFS2_NO_WARN', '-DLFS2_NO_ERROR', '-DLFS2_NO_ASSERT', '-DMICROPY_BOARD_BUILD_NAME="ESP32_GENERIC"', '-DMICROPY_ROM_TEXT_COMPRESSION=(1)', '-DMICROPY_QSTR_EXTRA_POOL=mp_qstr_frozen_const_pool', '-DMICROPY_MODULE_FROZEN_MPY=(1)', '-DESP_NETIF_COMPONENT_BUILD', '-DESP_LWIP_COMPONENT_BUILD', '-DMBEDTLS_CONFIG_FILE="mbedtls/esp_config.h"', '-DUNITY_INCLUDE_CONFIG_H', '-D__ets__', '-DESP_SUPPLICANT', '-DIEEE8021X_EAPOL', '-DEAP_PEER_METHOD', '-DEAP_MSCHAPv2', '-DEAP_TTLS', '-DEAP_TLS', '-DEAP_PEAP', '-DUSE_WPA2_TASK', '-DCONFIG_WPS', '-DUSE_WPS_TASK', '-DESPRESSIF_USE', '-DCONFIG_ECC', '-DCONFIG_IEEE80211W', '-DCONFIG_SHA256', '-DCONFIG_NO_RADIUS', '-DCONFIG_FAST_PBKDF2', '-DCONFIG_WPA3_SAE', '-DCONFIG_SAE_PK', '-DCONFIG_SAE', '-DCONFIG_CRYPTO_MBEDTLS', '-DCONFIG_OWE_STA', '-DMICROPY_PY_BTREE=1', '-DBERKELEY_DB_CONFIG_FILE="/mnt/c/Users/BALAJI/Desktop/micropython/micropython/extmod/berkeley-db/berkeley_db_config_port.h"', '-DMICROPY_VFS_FAT=1', '-DMICROPY_VFS_LFS2=1', '-DFFCONF_H="/mnt/c/Users/BALAJI/Desktop/micropython/micropython/lib/oofatfs/ffconf.h"', '-DLFS1_NO_MALLOC', '-DLFS1_NO_DEBUG', '-DLFS1_NO_WARN', '-DLFS1_NO_ERROR', '-DLFS1_NO_ASSERT', '-DLFS2_NO_MALLOC', '-DLFS2_NO_DEBUG', '-DLFS2_NO_WARN', '-DLFS2_NO_ERROR', '-DLFS2_NO_ASSERT', '-DNO_QSTR', '/mnt/c/Users/BALAJI/Desktop/micropython/micropython/py/argcheck.c', '/mnt/c/Users/BALAJI/Desktop/micropython/micropython/py/asmarm.c', '/mnt/c/Users/BALAJI/Desktop/micropython/micropython/py/asmbase.c', '/mnt/c/Users/BALAJI/Desktop/micropython/micropython/py/asmrv32.c', '/mnt/c/Users/BALAJI/Desktop/micropython/micropython/py/asmthumb.c', '/mnt/c/Users/BALAJI/Desktop/micropython/micropython/py/asmx64.c', '/mnt/c/Users/BALAJI/Desktop/micropython/micropython/py/asmx86.c', '/mnt/c/Users/BALAJI/Desktop/micropython/micropython/py/asmxtensa.c', '/mnt/c/Users/BALAJI/Desktop/micropython/micropython/py/bc.c', '/mnt/c/Users/BALAJI/Desktop/micropython/micropython/py/binary.c', '/mnt/c/Users/BALAJI/Desktop/micropython/micropython/py/builtinevex.c', '/mnt/c/Users/BALAJI/Desktop/micropython/micropython/py/builtinhelp.c', '/mnt/c/Users/BALAJI/Desktop/micropython/micropython/py/builtinimport.c', '/mnt/c/Users/BALAJI/Desktop/micropython/micropython/py/compile.c', '/mnt/c/Users/BALAJI/Desktop/micropython/micropython/py/cstack.c', '/mnt/c/Users/BALAJI/Desktop/micropython/micropython/py/emitbc.c', '/mnt/c/Users/BALAJI/Desktop/micropython/micropython/py/emitcommon.c', '/mnt/c/Users/BALAJI/Desktop/micropython/micropython/py/emitglue.c', '/mnt/c/Users/BALAJI/Desktop/micropython/micropython/py/emitinlinerv32.c', '/mnt/c/Users/BALAJI/Desktop/micropython/micropython/py/emitinlinethumb.c', '/mnt/c/Users/BALAJI/Desktop/micropython/micropython/py/emitinlinextensa.c', '/mnt/c/Users/BALAJI/Desktop/micropython/micropython/py/emitnarm.c', '/mnt/c/Users/BALAJI/Desktop/micropython/micropython/py/emitndebug.c', '/mnt/c/Users/BALAJI/Desktop/micropython/micropython/py/emitnrv32.c', '/mnt/c/Users/BALAJI/Desktop/micropython/micropython/py/emitnthumb.c', '/mnt/c/Users/BALAJI/Desktop/micropython/micropython/py/emitnx64.c', '/mnt/c/Users/BALAJI/Desktop/micropython/micropython/py/emitnx86.c', '/mnt/c/Users/BALAJI/Desktop/micropython/micropython/py/emitnxtensa.c', '/mnt/c/Users/BALAJI/Desktop/micropython/micropython/py/emitnxtensawin.c', '/mnt/c/Users/BALAJI/Desktop/micropython/micropython/py/formatfloat.c', '/mnt/c/Users/BALAJI/Desktop/micropython/micropython/py/frozenmod.c', '/mnt/c/Users/BALAJI/Desktop/micropython/micropython/py/gc.c', '/mnt/c/Users/BALAJI/Desktop/micropython/micropython/py/lexer.c', '/mnt/c/Users/BALAJI/Desktop/micropython/micropython/py/malloc.c', '/mnt/c/Users/BALAJI/Desktop/micropython/micropython/py/map.c', '/mnt/c/Users/BALAJI/Desktop/micropython/micropython/py/modarray.c', '/mnt/c/Users/BALAJI/Desktop/micropython/micropython/py/modbuiltins.c', '/mnt/c/Users/BALAJI/Desktop/micropython/micropython/py/modcmath.c', '/mnt/c/Users/BALAJI/Desktop/micropython/micropython/py/modcollections.c', '/mnt/c/Users/BALAJI/Desktop/micropython/micropython/py/modgc.c', '/mnt/c/Users/BALAJI/Desktop/micropython/micropython/py/modio.c', '/mnt/c/Users/BALAJI/Desktop/micropython/micropython/py/modmath.c', '/mnt/c/Users/BALAJI/Desktop/micropython/micropython/py/modmicropython.c', '/mnt/c/Users/BALAJI/Desktop/micropython/micropython/py/modstruct.c', '/mnt/c/Users/BALAJI/Desktop/micropython/micropython/py/modsys.c', '/mnt/c/Users/BALAJI/Desktop/micropython/micropython/py/modthread.c', '/mnt/c/Users/BALAJI/Desktop/micropython/micropython/py/moderrno.c', '/mnt/c/Users/BALAJI/Desktop/micropython/micropython/py/mpprint.c', '/mnt/c/Users/BALAJI/Desktop/micropython/micropython/py/mpstate.c', '/mnt/c/Users/BALAJI/Desktop/micropython/micropython/py/mpz.c', '/mnt/c/Users/BALAJI/Desktop/micropython/micropython/py/nativeglue.c', '/mnt/c/Users/BALAJI/Desktop/micropython/micropython/py/nlr.c', '/mnt/c/Users/BALAJI/Desktop/micropython/micropython/py/nlraarch64.c', '/mnt/c/Users/BALAJI/Desktop/micropython/micropython/py/nlrmips.c', '/mnt/c/Users/BALAJI/Desktop/micropython/micropython/py/nlrpowerpc.c', '/mnt/c/Users/BALAJI/Desktop/micropython/micropython/py/nlrrv32.c', '/mnt/c/Users/BALAJI/Desktop/micropython/micropython/py/nlrrv64.c', '/mnt/c/Users/BALAJI/Desktop/micropython/micropython/py/nlrsetjmp.c', '/mnt/c/Users/BALAJI/Desktop/micropython/micropython/py/nlrthumb.c', '/mnt/c/Users/BALAJI/Desktop/micropython/micropython/py/nlrx64.c', '/mnt/c/Users/BALAJI/Desktop/micropython/micropython/py/nlrx86.c', '/mnt/c/Users/BALAJI/Desktop/micropython/micropython/py/nlrxtensa.c']' returned non-zero exit status 1.
/mnt/c/Users/BALAJI/Desktop/micropython/micropython/ports/esp32/modespnow.c:904: fatal error: when writing output to : Broken pipe
compilation terminated.
cc1: fatal error: /mnt/c/Users/BALAJI/Desktop/micropython/micropython/ports/esp32/build-ESP32_GENERIC/pins.c: No such file or directory
compilation terminated.
/mnt/c/Users/BALAJI/Desktop/micropython/micropython/extmod/vfs_rom_file.c:181: fatal error: when writing output to : No such file or directory
compilation terminated.
ninja: build stopped: subcommand failed.
Traceback (most recent call last):
  File "/mnt/c/Users/BALAJI/Desktop/micropython/esp-idf/tools/idf.py", line 844, in <module>
    main()
  File "/mnt/c/Users/BALAJI/Desktop/micropython/esp-idf/tools/idf.py", line 734, in main
    cli(argv, prog_name=PROG, complete_var=SHELL_COMPLETE_VAR)
  File "/home/balaji/.espressif/python_env/idf5.2_py3.12_env/lib/python3.12/site-packages/click/core.py", line 1161, in __call__
    return self.main(*args, **kwargs)
           ^^^^^^^^^^^^^^^^^^^^^^^^^^
  File "/home/balaji/.espressif/python_env/idf5.2_py3.12_env/lib/python3.12/site-packages/click/core.py", line 1082, in main
    rv = self.invoke(ctx)
         ^^^^^^^^^^^^^^^^
  File "/home/balaji/.espressif/python_env/idf5.2_py3.12_env/lib/python3.12/site-packages/click/core.py", line 1729, in invoke
    return _process_result(rv)
           ^^^^^^^^^^^^^^^^^^^
  File "/home/balaji/.espressif/python_env/idf5.2_py3.12_env/lib/python3.12/site-packages/click/core.py", line 1666, in _process_result
    value = ctx.invoke(self._result_callback, value, **ctx.params)
            ^^^^^^^^^^^^^^^^^^^^^^^^^^^^^^^^^^^^^^^^^^^^^^^^^^^^^^
  File "/home/balaji/.espressif/python_env/idf5.2_py3.12_env/lib/python3.12/site-packages/click/core.py", line 788, in invoke
    return __callback(*args, **kwargs)
           ^^^^^^^^^^^^^^^^^^^^^^^^^^^
  File "/mnt/c/Users/BALAJI/Desktop/micropython/esp-idf/tools/idf.py", line 629, in execute_tasks
    task(ctx, global_args, task.action_args)
  File "/mnt/c/Users/BALAJI/Desktop/micropython/esp-idf/tools/idf.py", line 201, in __call__
    self.callback(self.name, context, global_args, **action_args)
  File "/mnt/c/Users/BALAJI/Desktop/micropython/esp-idf/tools/idf_py_actions/core_ext.py", line 34, in build_target
    run_target(target_name, args, force_progression=GENERATORS[args.generator].get('force_progression', False))
  File "/mnt/c/Users/BALAJI/Desktop/micropython/esp-idf/tools/idf_py_actions/tools.py", line 491, in run_target
    RunTool(generator_cmd[0], generator_cmd + [target_name], args.build_dir, env, custom_error_handler, hints=not args.no_hints,
  File "/mnt/c/Users/BALAJI/Desktop/micropython/esp-idf/tools/idf_py_actions/tools.py", line 325, in __call__
    for hint in generate_hints(stderr_output_file, stdout_output_file):
  File "/mnt/c/Users/BALAJI/Desktop/micropython/esp-idf/tools/idf_py_actions/tools.py", line 259, in generate_hints
    with open(file_name, 'r') as file:
         ^^^^^^^^^^^^^^^^^^^^
FileNotFoundError: [Errno 2] No such file or directory: '/mnt/c/Users/BALAJI/Desktop/micropython/micropython/ports/esp32/build-ESP32_GENERIC/log/idf_py_stderr_output_449'
